Treatments,Time,CA,BT,BU,CD,BV,CS,DP,CH
CDanc-CA-BT,0,0.003333333,0.003333333,0.0,0.003333333,0.0,0.0,0.0,0.0
CDanc-CA-BT,24,0.11188739,0.963948,0.0,0.08330919,0.0,0.0,0.0,0.0
CDanc-CS-CH,0,0.0,0.0,0.0,0.003333333,0.0,0.003333333,0.0,0.003333333
CDanc-CS-CH,24,0.0,0.0,0.0,0.4671389,0.0,0.01003036,0.0,2.0509614e-08
CDanc-DP-BV,0,0.0,0.0,0.0,0.003333333,0.003333333,0.0,0.003333333,0.0
CDanc-DP-BV,24,0.0,0.0,0.0,0.48071125,0.69489974,0.0,0.044031978,0.0
CH-BU-BV-CA,0,0.0025,0.0,0.0025,0.0,0.0025,0.0,0.0,0.0025
CH-BU-BV-CA,12,0.017945422,0.0,0.68142384,0.0,0.3452448,0.0,0.0,5.2079064e-05
CH-BU-BV-CA,24,0.046989214,0.0,0.58528525,0.0,0.4362536,0.0,0.0,0.0013885372
