Treatments,Time,CA,BT,BU,CD,BV,CS,DP,CH
CDanc-CA-BT,0,0.003333333,0.003333333,0.0,0.003333333,0.0,0.0,0.0,0.0
CDanc-CA-BT,24,0.038524095,1.032989,0.0,0.07494187,0.0,0.0,0.0,0.0
CDanc-CS-BV,0,0.0,0.0,0.0,0.003333333,0.003333333,0.003333333,0.0,0.0
CDanc-CS-BV,24,0.0,0.0,0.0,0.5262874,0.7347912,0.003923726,0.0,0.0
CDanc-CS-CH,0,0.0,0.0,0.0,0.003333333,0.0,0.003333333,0.0,0.003333333
CDanc-CS-CH,24,0.0,0.0,0.0,0.43121076,0.0,0.02447502,0.0,0.13876468
CS-CH-BT-BU-BV-CA,0,0.001666667,0.001666667,0.001666667,0.0,0.001666667,0.001666667,0.0,0.001666667
CS-CH-BT-BU-BV-CA,12,0.0075953486,0.8607815,0.25329167,0.0,0.06216428,0.006306128,0.0,0.010603492
CS-CH-BT-BU-BV-CA,24,0.024501937,0.8706022,0.260042,0.0,0.032235134,0.008957586,0.0,0.041944616
