Treatments,Time,CA,BT,BU,CD,BV,CS,DP,CH
CDanc-CH-BV,0,0.0,0.0,0.0,0.003333333,0.003333333,0.0,0.0,0.003333333
CDanc-CH-BV,24,0.0,0.0,0.0,0.5558663,0.69117177,0.0,0.0,0.00397644
CDanc-DP-BU,0,0.0,0.0,0.003333333,0.003333333,0.0,0.0,0.003333333,0.0
CDanc-DP-BU,24,0.0,0.0,0.6287299,0.4332179,0.0,0.0,0.059909515,0.0
CDanc-DP-CS,0,0.0,0.0,0.0,0.003333333,0.0,0.003333333,0.003333333,0.0
CDanc-DP-CS,24,0.0,0.0,0.0,0.41036478,0.0,0.006341249,0.24608608,0.0
CS-DP-BT-BU-BV,0,0.0,0.002,0.002,0.0,0.002,0.002,0.002,0.0
CS-DP-BT-BU-BV,12,0.0,0.8253082,0.27195656,0.0,0.06794007,0.0071252836,0.009414276,0.0
CS-DP-BT-BU-BV,24,0.0,0.8246013,0.27797654,0.0,0.041137557,0.004766933,0.0017971488,0.0
