Treatments,Time,CA,BT,BU,CD,BV,CS,DP,CH
CDanc-CA-CH,0,0.003333333,0.0,0.0,0.003333333,0.0,0.0,0.0,0.003333333
CDanc-CA-CH,24,0.0033290365,0.0,0.0,0.0033269562,0.0,0.0,0.0,0.0033377684
CDanc-CH-BV,0,0.0,0.0,0.0,0.003333333,0.003333333,0.0,0.0,0.003333333
CDanc-CH-BV,24,0.0,0.0,0.0,0.0033270714,0.0033425817,0.0,0.0,0.0033377404
CDanc-CH-DP-CA,0,0.0025,0.0,0.0,0.0025,0.0,0.0,0.0025,0.0025
CDanc-CH-DP-CA,12,0.002498393,0.0,0.0,0.002497615,0.0,0.0,0.002498131,0.0025016596
CDanc-CH-DP-CA,24,0.0024967876,0.0,0.0,0.0024952325,0.0,0.0,0.0024962642,0.002503321
CDanc-DP-CA,0,0.003333333,0.0,0.0,0.003333333,0.0,0.0,0.003333333,0.0
CDanc-DP-CA,24,0.0033291013,0.0,0.0,0.0033269715,0.0,0.0,0.0033283203,0.0
