Treatments,Time,CA,BT,BU,CD,BV,CS,DP,CH
CDanc-CA-BT,0,0.003333333,0.003333333,0.0,0.003333333,0.0,0.0,0.0,0.0
CDanc-CA-BT,24,0.003326981,0.0033460935,0.0,0.0033279601,0.0,0.0,0.0,0.0
CDanc-CS-CH,0,0.0,0.0,0.0,0.003333333,0.0,0.003333333,0.0,0.003333333
CDanc-CS-CH,24,0.0,0.0,0.0,0.0033279571,0.0,0.0033545715,0.0,0.0033475976
CDanc-DP-BV,0,0.0,0.0,0.0,0.003333333,0.003333333,0.0,0.003333333,0.0
CDanc-DP-BV,24,0.0,0.0,0.0,0.0033279131,0.0033406706,0.0,0.0033230127,0.0
CH-BU-BV-CA,0,0.0025,0.0,0.0025,0.0,0.0025,0.0,0.0,0.0025
CH-BU-BV-CA,12,0.002497599,0.0,0.0025044803,0.0,0.0025027886,0.0,0.0,0.0025053378
CH-BU-BV-CA,24,0.0024952018,0.0,0.0025089697,0.0,0.002505582,0.0,0.0,0.0025106862
