Treatments,Time,CA,BT,BU,CD,BV,CS,DP,CH
CDanc-CA-BV,0,0.003333333,0.0,0.0,0.003333333,0.003333333,0.0,0.0,0.0
CDanc-CA-BV,24,0.0033226835,0.0,0.0,0.21397899,0.00333044,0.0,0.0,0.0
CDanc-CS-CH,0,0.0,0.0,0.0,0.003333333,0.0,0.003333333,0.0,0.003333333
CDanc-CS-CH,24,0.0,0.0,0.0,0.21397917,0.0,0.0033680545,0.0,0.0033225429
CDanc-DP-CA,0,0.003333333,0.0,0.0,0.003333333,0.0,0.0,0.003333333,0.0
CDanc-DP-CA,24,0.0033225769,0.0,0.0,0.21398248,0.0,0.0,0.0033340666,0.0
CS-CH-DP-BU,0,0.0,0.0,0.0025,0.0,0.0,0.0025,0.0025,0.0025
CS-CH-DP-BU,12,0.0,0.0,0.0024992605,0.0,0.0,0.002513272,0.0025002144,0.0024961059
CS-CH-DP-BU,24,0.0,0.0,0.0024985215,0.0,0.0,0.0025266137,0.002500426,0.0024922197
