Treatments,Time,CA,BT,BU,CD,BV,CS,DP,CH
CDanc-CA-BV,0,0.003333333,0.0,0.0,0.003333333,0.003333333,0.0,0.0,0.0
CDanc-CA-BV,24,0.03329025,0.0,0.0,0.5088301,0.77201295,0.0,0.0,0.0
CDanc-CS-CH,0,0.0,0.0,0.0,0.003333333,0.0,0.003333333,0.0,0.003333333
CDanc-CS-CH,24,0.0,0.0,0.0,0.465931,0.0,0.010760415,0.0,0.0019830042
CDanc-DP-CA,0,0.003333333,0.0,0.0,0.003333333,0.0,0.0,0.003333333,0.0
CDanc-DP-CA,24,0.24017844,0.0,0.0,0.3819181,0.0,0.0,0.18432017,0.0
CS-CH-DP-BU,0,0.0,0.0,0.0025,0.0,0.0,0.0025,0.0025,0.0025
CS-CH-DP-BU,12,0.0,0.0,1.1403583,0.0,0.0,0.08902165,0.019050725,0.015611698
CS-CH-DP-BU,24,0.0,0.0,1.700805,0.0,0.0,0.30947712,0.024071183,1.8249492e-07
