Treatments,Time,CA,BT,BU,CD,BV,CS,DP,CH
CDanc-CA-BU,0,0.003333333,0.0,0.003333333,0.003333333,0.0,0.0,0.0,0.0
CDanc-CA-BU,24,0.13373728,0.0,0.6619367,0.32410508,0.0,0.0,0.0,0.0
CDanc-CH-BU,0,0.0,0.0,0.003333333,0.003333333,0.0,0.0,0.0,0.003333333
CDanc-CH-BU,24,0.0,0.0,0.71477133,0.4048664,0.0,0.0,0.0,0.0375842
CDanc-DP-BV,0,0.0,0.0,0.0,0.003333333,0.003333333,0.0,0.003333333,0.0
CDanc-DP-BV,24,0.0,0.0,0.0,0.3334687,0.8292132,0.0,0.080845,0.0
CS-CH-BV-CA,0,0.0025,0.0,0.0,0.0,0.0025,0.0025,0.0,0.0025
CS-CH-BV-CA,12,0.038930286,0.0,0.0,0.0,0.8388714,0.031924844,0.0,0.08044524
CS-CH-BV-CA,24,0.28729382,0.0,0.0,0.0,0.7739661,0.031262394,0.0,0.0013970294
