Treatments,Time,CA,BT,BU,CD,BV,CS,DP,CH
CDanc-CA-CH,0,0.003333333,0.0,0.0,0.003333333,0.0,0.0,0.0,0.003333333
CDanc-CA-CH,24,0.22328019,0.0,0.0,0.33573797,0.0,0.0,0.0,0.04432818
CDanc-CH-BV,0,0.0,0.0,0.0,0.003333333,0.003333333,0.0,0.0,0.003333333
CDanc-CH-BV,24,0.0,0.0,0.0,0.56077576,0.70609754,0.0,0.0,0.025675885
CDanc-CH-DP-CA,0,0.0025,0.0,0.0,0.0025,0.0,0.0,0.0025,0.0025
CDanc-CH-DP-CA,12,0.039988752,0.0,0.0,0.25546908,0.0,0.0,0.18254136,0.09651951
CDanc-CH-DP-CA,24,0.29728755,0.0,0.0,0.28867275,0.0,0.0,0.20368643,0.013717762
CDanc-DP-CA,0,0.003333333,0.0,0.0,0.003333333,0.0,0.0,0.003333333,0.0
CDanc-DP-CA,24,0.2294852,0.0,0.0,0.3418959,0.0,0.0,0.18990242,0.0
