Treatments,Time,CA,BT,BU,CD,BV,CS,DP,CH
CDanc-CH-BV,0,0.0,0.0,0.0,0.003333333,0.003333333,0.0,0.0,0.003333333
CDanc-CH-BV,24,0.0,0.0,0.0,0.20883906,0.6341773,0.0,0.0,0.3812405
CDanc-DP-BU,0,0.0,0.0,0.003333333,0.003333333,0.0,0.0,0.003333333,0.0
CDanc-DP-BU,24,0.0,0.0,0.6821197,0.38795224,0.0,0.0,0.06693392,0.0
CDanc-DP-CS,0,0.0,0.0,0.0,0.003333333,0.0,0.003333333,0.003333333,0.0
CDanc-DP-CS,24,0.0,0.0,0.0,0.3899267,0.0,0.0023687119,0.24847253,0.0
CS-DP-BT-BU-BV,0,0.0,0.002,0.002,0.0,0.002,0.002,0.002,0.0
CS-DP-BT-BU-BV,12,0.0,0.84406066,0.25885418,0.0,0.056386843,0.0040223775,0.008906298,0.0
CS-DP-BT-BU-BV,24,0.0,0.83099544,0.27158543,0.0,0.026737321,0.0015107221,0.0016522731,0.0
