Treatments,Time,CA,BT,BU,CD,BV,CS,DP,CH
CDanc-CA-BT,0,0.003333333,0.003333333,0.0,0.003333333,0.0,0.0,0.0,0.0
CDanc-CA-BT,24,0.0033314456,1.1987982,0.0,0.24503265,0.0,0.0,0.0,0.0
CDanc-CS-CH,0,0.0,0.0,0.0,0.003333333,0.0,0.003333333,0.0,0.003333333
CDanc-CS-CH,24,0.0,0.0,0.0,0.24512318,0.0,0.0033242106,0.0,0.0033150357
CDanc-DP-BV,0,0.0,0.0,0.0,0.003333333,0.003333333,0.0,0.003333333,0.0
CDanc-DP-BV,24,0.0,0.0,0.0,0.24513365,0.0033140425,0.0,0.0033384182,0.0
CH-BU-BV-CA,0,0.0025,0.0,0.0025,0.0,0.0025,0.0,0.0,0.0025
CH-BU-BV-CA,12,0.0025004616,0.0,0.027726524,0.0,0.0024926953,0.0,0.0,0.0024931792
CH-BU-BV-CA,24,0.002500835,0.0,0.29956272,0.0,0.0024853721,0.0,0.0,0.0024860802
