Treatments,Time,CA,BT,BU,CD,BV,CS,DP,CH
CDanc-BT-BV,0,0.0,0.003333333,0.0,0.003333333,0.003333333,0.0,0.0,0.0
CDanc-BT-BV,24,0.0,0.0033234707,0.0,0.003313079,0.0033381777,0.0,0.0,0.0
CDanc-CS-BT,0,0.0,0.003333333,0.0,0.003333333,0.0,0.003333333,0.0,0.0
CDanc-CS-BT,24,0.0,0.00332344,0.0,0.0033129922,0.0,0.0033348426,0.0,0.0
CDanc-CS-BU,0,0.0,0.0,0.003333333,0.003333333,0.0,0.003333333,0.0,0.0
CDanc-CS-BU,24,0.0,0.0,0.003356659,0.0033130369,0.0,0.003334868,0.0,0.0
CS-CH-BV-CA,0,0.0025,0.0,0.0,0.0,0.0025,0.0025,0.0,0.0025
CS-CH-BV-CA,12,0.0025057164,0.0,0.0,0.0,0.0025017967,0.0025005506,0.0,0.0025030544
CS-CH-BV-CA,24,0.0025114468,0.0,0.0,0.0,0.0025035937,0.0025011012,0.0,0.002506114
