Treatments,Time,CA,BT,BU,CD,BV,CS,DP,CH
CDevo-CS-CH-DP-BT-BU-BV-CA,0,0.00125,0.00125,0.00125,0.00125,0.00125,0.00125,0.00125,0.00125
CDevo-CS-CH-DP-BT-BU-BV-CA,12,0.005872126,0.8349855,0.27295923,0.010420179,0.06896517,0.001030965,0.0028044633,0.0048567546
CDevo-CS-CH-DP-BT-BU-BV-CA,24,0.011021015,0.82380074,0.2752158,0.00086990854,0.034052007,3.5239907e-05,0.00013837645,0.00052912626
CS-BT-BU-BV,0,0.0,0.0025,0.0025,0.0,0.0025,0.0025,0.0,0.0
CS-BT-BU-BV,12,0.0,0.70055234,0.36738777,0.0,0.09153789,0.0015086121,0.0,0.0
CS-BT-BU-BV,24,0.0,0.7726723,0.3215973,0.0,0.047243964,3.2808708e-05,0.0,0.0
CS-CH-BV-CA,0,0.0025,0.0,0.0,0.0,0.0025,0.0025,0.0,0.0025
CS-CH-BV-CA,12,0.018346392,0.0,0.0,0.0,0.93167895,0.029485246,0.0,0.10484933
CS-CH-BV-CA,24,0.13963175,0.0,0.0,0.0,0.91186404,0.022926418,0.0,0.02856984
