Treatments,Time,CA,BT,BU,CD,BV,CS,DP,CH
CS-CH-BT-BU-BV-CA,0,0.001666667,0.001666667,0.001666667,0.0,0.001666667,0.001666667,0.0,0.001666667
CS-CH-BT-BU-BV-CA,12,0.010566937,0.7683939,0.31638542,0.0,0.08760839,0.0012062194,0.0,0.018876595
CS-CH-BT-BU-BV-CA,24,0.016906168,0.8208089,0.2706303,0.0,0.04076351,1.3568649e-05,0.0,0.0033476006
CS-CH-BU-BV,0,0.0,0.0,0.0025,0.0,0.0025,0.0025,0.0,0.0025
CS-CH-BU-BV,12,0.0,0.0,0.69677186,0.0,0.32620102,0.014571776,0.0,0.07764952
CS-CH-BU-BV,24,0.0,0.0,0.5709278,0.0,0.48888874,0.0070747156,0.0,0.06005684
CS-CH-DP-BT-BU,0,0.0,0.002,0.002,0.0,0.0,0.002,0.002,0.002
CS-CH-DP-BT-BU,12,0.0,0.8963485,0.26154864,0.0,0.0,0.0011815995,0.0036557182,0.010974283
CS-CH-DP-BT-BU,24,0.0,0.87490207,0.24035037,0.0,0.0,3.150471e-05,5.255134e-05,0.0021836027
