Treatments,Time,CA,BT,BU,CD,BV,CS,DP,CH
CDevo-BT-BU-CA,0,0.0025,0.0025,0.0025,0.0025,0.0,0.0,0.0,0.0
CDevo-BT-BU-CA,12,0.009055216,0.7914396,0.3389844,0.043498576,0.0,0.0,0.0,0.0
CDevo-BT-BU-CA,24,0.020365503,0.8379783,0.27755612,0.01714933,0.0,0.0,0.0,0.0
CDevo-CS-CH-CA,0,0.0025,0.0,0.0,0.0025,0.0,0.0025,0.0,0.0025
CDevo-CS-CH-CA,12,0.017304024,0.0,0.0,0.48326945,0.0,0.025285602,0.0,0.08302818
CDevo-CS-CH-CA,24,0.18230829,0.0,0.0,0.48590708,0.0,0.024654089,0.0,0.018691394
CDevo-CS-DP-CA,0,0.0025,0.0,0.0,0.0025,0.0,0.0025,0.0025,0.0
CDevo-CS-DP-CA,12,0.022434643,0.0,0.0,0.36866865,0.0,0.029484022,0.21378851,0.0
CDevo-CS-DP-CA,24,0.44119602,0.0,0.0,0.28402564,0.0,0.01778169,0.22788167,0.0
