Treatments,Time,CA,BT,BU,CD,BV,CS,DP,CH
CDevo-CS-CA,0,0.003333333,0.0,0.0,0.003333333,0.0,0.003333333,0.0,0.0
CDevo-CS-CA,12,0.0033279841,0.0,0.0,0.003317996,0.0,0.0033461363,0.0,0.0
CDevo-CS-CA,24,0.003322643,0.0,0.0,0.0033027271,0.0,0.0033589872,0.0,0.0
CS-CH-BT-BU,0,0.0,0.0025,0.0025,0.0,0.0,0.0025,0.0,0.0025
CS-CH-BT-BU,12,0.0,0.0025000253,0.03900245,0.0,0.0,0.002509534,0.0,0.0024936579
CS-CH-BT-BU,24,0.0,0.002500943,0.57867223,0.0,0.0,0.0025184827,0.0,0.0024875693
CS-CH-BV-CA,0,0.0025,0.0,0.0,0.0,0.0025,0.0025,0.0,0.0025
CS-CH-BV-CA,12,0.0024959845,0.0,0.0,0.0,0.0025088545,0.002509546,0.0,0.0024936234
CS-CH-BV-CA,24,0.0024919745,0.0,0.0,0.0,0.0025177437,0.0025191295,0.0,0.0024872632
