Treatments,Time,CA,BT,BU,CD,BV,CS,DP,CH
CDevo-BT,0,0.0,0.005,0.0,0.005,0.0,0.0,0.0,0.0
CDevo-BT,24,0.0,1.0141037,0.0,0.014346422,0.0,0.0,0.0,0.0
CDevo-BV,0,0.0,0.0,0.0,0.005,0.005,0.0,0.0,0.0
CDevo-BV,12,0.0,0.0,0.0,0.5456085,1.49230955e-05,0.0,0.0,0.0
CDevo-BV,24,0.0,0.0,0.0,0.5774163,5.452486e-07,0.0,0.0,0.0
CDevo-CS-DP-BT,0,0.0,0.0025,0.0,0.0025,0.0,0.0025,0.0025,0.0
CDevo-CS-DP-BT,12,0.0,1.0934806,0.0,0.026656713,0.0,0.0069486466,0.021554412,0.0
CDevo-CS-DP-BT,24,0.0,1.0419573,0.0,0.0049852724,0.0,0.0027632634,0.011020043,0.0
