Treatments,Time,CA,BT,BU,CD,BV,CS,DP,CH
CDevo-CS-BT-BU-CA,0,0.002,0.002,0.002,0.002,0.0,0.002,0.0,0.0
CDevo-CS-BT-BU-CA,12,0.018971847,0.8103414,0.34255525,0.012044461,0.0,0.008577779,0.0,0.0
CDevo-CS-BT-BU-CA,24,0.02475908,0.81263083,0.31925017,0.00040235833,0.0,0.00504226,0.0,0.0
CDevo-CS-CA,0,0.003333333,0.0,0.0,0.003333333,0.0,0.003333333,0.0,0.0
CDevo-CS-CA,12,0.16461165,0.0,0.0,0.44557995,0.0,0.024052933,0.0,0.0
CDevo-CS-CA,24,0.28904152,0.0,0.0,0.44143853,0.0,0.0015651335,0.0,0.0
CS-DP-BU-BV-CA,0,0.002,0.0,0.002,0.0,0.002,0.002,0.002,0.0
CS-DP-BU-BV-CA,12,0.028757013,0.0,0.7500824,0.0,0.27741748,0.020895863,0.0002758869,0.0
CS-DP-BU-BV-CA,24,0.10781557,0.0,0.46473,0.0,0.4909077,0.020291312,0.031066012,0.0
