Treatments,Time,CA,BT,BU,CD,BV,CS,DP,CH
CDevo-CS-CH-DP-BU-BV,0,0.0,0.0,0.001666667,0.001666667,0.001666667,0.001666667,0.001666667,0.001666667
CDevo-CS-CH-DP-BU-BV,12,0.0,0.0,0.704351,0.09007194,0.33303568,0.008293312,0.023880832,0.016910266
CDevo-CS-CH-DP-BU-BV,24,0.0,0.0,0.54135704,0.08175086,0.5749563,0.0072954567,0.021481978,0.014391322
CH-BU-BV-CA,0,0.0025,0.0,0.0025,0.0,0.0025,0.0,0.0,0.0025
CH-BU-BV-CA,12,0.01390858,0.0,0.7017758,0.0,0.34024563,0.0,0.0,0.029764112
CH-BU-BV-CA,24,0.08172565,0.0,0.567387,0.0,0.53381544,0.0,0.0,0.044663407
CS-CH-BU-BV,0,0.0,0.0,0.0025,0.0,0.0025,0.0025,0.0,0.0025
CS-CH-BU-BV,12,0.0,0.0,0.7017571,0.0,0.34030488,0.013159543,0.0,0.029725645
CS-CH-BU-BV,24,0.0,0.0,0.5671177,0.0,0.5343651,0.01620516,0.0,0.044532727
