Treatments,Time,CA,BT,BU,CD,BV,CS,DP,CH
CDevo-CS-BT-BV-CA,0,0.002,0.002,0.0,0.002,0.002,0.002,0.0,0.0
CDevo-CS-BT-BV-CA,12,0.001996965,0.04467235,0.0,0.001999864,0.0020011582,0.0020043019,0.0,0.0
CDevo-CS-BT-BV-CA,24,0.0019920669,0.9047229,0.0,0.001999034,0.0020035335,0.0020069222,0.0,0.0
CDevo-CS-DP-BT-BV-CA,0,0.001666667,0.001666667,0.0,0.001666667,0.001666667,0.001666667,0.001666667,0.0
CDevo-CS-DP-BT-BV-CA,12,0.0016641603,0.037257355,0.0,0.0016665605,0.0016676139,0.0016702629,0.0016680869,0.0
CDevo-CS-DP-BT-BV-CA,24,0.0016603472,0.76693463,0.0,0.0016659684,0.0016694118,0.0016726791,0.0016695396,0.0
CS-DP-BU-BV-CA,0,0.002,0.0,0.002,0.0,0.002,0.002,0.002,0.0
CS-DP-BU-BV-CA,12,0.0019970676,0.0,0.02590643,0.0,0.0020010516,0.0020044094,0.0020017552,0.0
CS-DP-BU-BV-CA,24,0.001994027,0.0,0.32616717,0.0,0.002001766,0.0020091066,0.002004156,0.0
