Treatments,Time,CA,BT,BU,CD,BV,CS,DP,CH
CDevo-CS-DP-CA,0,0.0025,0.0,0.0,0.0025,0.0,0.0025,0.0025,0.0
CDevo-CS-DP-CA,12,0.13346179,0.0,0.0,0.34831956,0.0,0.018981125,0.19524723,0.0
CDevo-CS-DP-CA,24,0.23659171,0.0,0.0,0.34556025,0.0,0.00079591223,0.23640501,0.0
CDevo-DP-BU-CA,0,0.0025,0.0,0.0025,0.0025,0.0,0.0,0.0025,0.0
CDevo-DP-BU-CA,12,0.01969499,0.0,0.93779635,0.15943845,0.0,0.0,0.047396008,0.0
CDevo-DP-BU-CA,24,0.045057848,0.0,0.9157625,0.18717837,0.0,0.0,0.056698974,0.0
CS-DP-BT-BU-BV-CA,0,0.001666667,0.001666667,0.001666667,0.0,0.001666667,0.001666667,0.001666667,0.0
CS-DP-BT-BU-BV-CA,12,0.006382613,0.84065795,0.26609653,0.0,0.054542974,0.0014625153,0.008443053,0.0
CS-DP-BT-BU-BV-CA,24,0.008116962,0.8442299,0.2543052,0.0,0.024909427,0.00010612354,0.001170105,0.0
