Treatments,Time,CA,BT,BU,CD,BV,CS,DP,CH
CDevo-BT,0,0.0,0.005,0.0,0.005,0.0,0.0,0.0,0.0
CDevo-BT,24,0.0,1.0408438,0.0,0.035290964,0.0,0.0,0.0,0.0
CDevo-CH,0,0.0,0.0,0.0,0.005,0.0,0.0,0.0,0.005
CDevo-CH,12,0.0,0.0,0.0,0.5534905,0.0,0.0,0.0,0.051031195
CDevo-CH,24,0.0,0.0,0.0,0.59599936,0.0,0.0,0.0,0.0020495495
CDevo-CS-CA,0,0.003333333,0.0,0.0,0.003333333,0.0,0.003333333,0.0,0.0
CDevo-CS-CA,12,0.037198503,0.0,0.0,0.48246965,0.0,0.03963539,0.0,0.0
CDevo-CS-CA,24,0.3056187,0.0,0.0,0.42878908,0.0,0.027118217,0.0,0.0
