Treatments,Time,CA,BT,BU,CD,BV,CS,DP,CH
CDevo-CS-BV-CA,0,0.0025,0.0,0.0,0.0025,0.0025,0.0025,0.0,0.0
CDevo-CS-BV-CA,12,0.10927355,0.0,0.0,0.1685369,0.9147241,0.015763981,0.0,0.0
CDevo-CS-BV-CA,24,0.1428456,0.0,0.0,0.08376214,0.9388385,0.004003596,0.0,0.0
CDevo-CS-CH-DP-BT-BU-BV-CA,0,0.00125,0.00125,0.00125,0.00125,0.00125,0.00125,0.00125,0.00125
CDevo-CS-CH-DP-BT-BU-BV-CA,12,0.0110895615,0.84988904,0.26830867,0.023543157,0.05708935,0.005333359,0.0048990073,0.010427952
CDevo-CS-CH-DP-BT-BU-BV-CA,24,0.0153063,0.8647796,0.24885683,0.00748693,0.030549236,0.0033145512,0.00031142542,0.00491697
CS-BT-BU-CA,0,0.0025,0.0025,0.0025,0.0,0.0,0.0025,0.0,0.0
CS-BT-BU-CA,12,0.015039107,0.8119933,0.32830942,0.0,0.0,0.011042973,0.0,0.0
CS-BT-BU-CA,24,0.018336618,0.8596688,0.27189803,0.0,0.0,0.0077840625,0.0,0.0
