Treatments,Time,CA,BT,BU,CD,BV,CS,DP,CH
CDevo-CS-CH-DP,0,0.0,0.0,0.0,0.0025,0.0,0.0025,0.0025,0.0025
CDevo-CS-CH-DP,12,0.0,0.0,0.0,0.33466858,0.0,0.052467346,0.17673445,0.080629036
CDevo-CS-CH-DP,24,0.0,0.0,0.0,0.08539584,0.0,0.28550354,0.28793964,0.13981996
CS-DP-BT-BU,0,0.0,0.0025,0.0025,0.0,0.0,0.0025,0.0025,0.0
CS-DP-BT-BU,12,0.0,0.8371556,0.30857062,0.0,0.0,0.00058706116,0.0049135154,0.0
CS-DP-BT-BU,24,0.0,0.8387132,0.28118905,0.0,0.0,2.0551813e-06,4.4596814e-05,0.0
DP-BT-BU-BV-CA,0,0.002,0.002,0.002,0.0,0.002,0.0,0.002,0.0
DP-BT-BU-BV-CA,12,0.009606661,0.75847876,0.33369115,0.0,0.06987591,0.0,0.0043815253,0.0
DP-BT-BU-BV-CA,24,0.013915236,0.81407684,0.28646022,0.0,0.036805965,0.0,2.4261639e-05,0.0
