Treatments,Time,CA,BT,BU,CD,BV,CS,DP,CH
CDevo-CH-DP-BT-BU,0,0.0,0.002,0.002,0.002,0.0,0.0,0.002,0.002
CDevo-CH-DP-BT-BU,12,0.0,0.002002661,0.0020072733,0.0019950243,0.0,0.0,0.0019929116,0.0019977293
CDevo-CH-DP-BT-BU,24,0.0,0.0020053242,0.002014573,0.0019900592,0.0,0.0,0.0019858514,0.001995464
CS-CH-BT-BU-BV-CA,0,0.001666667,0.001666667,0.001666667,0.0,0.001666667,0.001666667,0.0,0.001666667
CS-CH-BT-BU-BV-CA,12,0.0016649516,0.0016688814,0.0016727214,0.0,0.0016677524,0.0016681264,0.0,0.0016647802
CS-CH-BT-BU-BV-CA,24,0.0016632391,0.0016710985,0.0016787981,0.0,0.0016688375,0.001669587,0.0,0.0016628958
DP-BT-BU-BV,0,0.0,0.0025,0.0025,0.0,0.0025,0.0,0.0025,0.0
DP-BT-BU-BV,12,0.0,0.0025033231,0.0025091,0.0,0.002501631,0.0,0.0024911328,0.0
DP-BT-BU-BV,24,0.0,0.0025066512,0.002518234,0.0,0.002503264,0.0,0.0024822971,0.0
