Treatments,Time,CA,BT,BU,CD,BV,CS,DP,CH
CDevo-BT,0,0.0,0.005,0.0,0.005,0.0,0.0,0.0,0.0
CDevo-BT,24,0.0,0.005129728,0.0,0.004982042,0.0,0.0,0.0,0.0
CDevo-DP-BT-CA,0,0.0025,0.0025,0.0,0.0025,0.0,0.0,0.0025,0.0
CDevo-DP-BT-CA,12,0.0025009087,0.0025322451,0.0,0.0024954884,0.0,0.0,0.0024584283,0.0
CDevo-DP-BT-CA,24,0.0025018186,0.0025649064,0.0,0.0024909915,0.0,0.0,0.0024175446,0.0
CS-CH-DP-BU-BV,0,0.0,0.0,0.002,0.0,0.002,0.002,0.002,0.002
CS-CH-DP-BU-BV,12,0.0,0.0,0.0020128835,0.0,0.02789043,0.014611462,0.001966688,0.0019971414
CS-CH-DP-BU-BV,24,0.0,0.0,0.00202594,0.0,0.37579224,0.10611855,0.0019337282,0.0019951484
