Treatments,Time,CA,BT,BU,CD,BV,CS,DP,CH
CDevo-CS-DP-BU-BV,0,0.0,0.0,0.002,0.002,0.002,0.002,0.002,0.0
CDevo-CS-DP-BU-BV,12,0.0,0.0,0.0019976767,0.001995378,0.002003397,0.0020016774,0.002004522,0.0
CDevo-CS-DP-BU-BV,24,0.0,0.0,0.0019953556,0.0019907672,0.0020068013,0.0020033573,0.002009053,0.0
CS-CH-BT-BU-CA,0,0.002,0.002,0.002,0.0,0.0,0.002,0.0,0.002
CS-CH-BT-BU-CA,12,0.0019979293,0.001997058,0.0019976844,0.0,0.0,0.0020016609,0.0,0.0019992564
CS-CH-BT-BU-CA,24,0.0019958606,0.0019941193,0.0019953712,0.0,0.0,0.0020033221,0.0,0.0019985132
CS-DP-BT-BV,0,0.0,0.0025,0.0,0.0,0.0025,0.0025,0.0025,0.0
CS-DP-BT-BV,12,0.0,0.0024963433,0.0,0.0,0.0025042538,0.002502107,0.0025056729,0.0
CS-DP-BT-BV,24,0.0,0.0024926916,0.0,0.0,0.002508513,0.0025042167,0.0025113586,0.0
