Treatments,Time,CA,BT,BU,CD,BV,CS,DP,CH
CDevo-CS-BV-CA,0,0.0025,0.0,0.0,0.0025,0.0025,0.0025,0.0,0.0
CDevo-CS-BV-CA,12,0.08700795,0.0,0.0,0.17037486,0.91304815,0.014654294,0.0,0.0
CDevo-CS-BV-CA,24,0.15097156,0.0,0.0,0.110373974,0.8918782,0.0031614553,0.0,0.0
CDevo-CS-CH-DP-BT-BU-BV-CA,0,0.00125,0.00125,0.00125,0.00125,0.00125,0.00125,0.00125,0.00125
CDevo-CS-CH-DP-BT-BU-BV-CA,12,0.007294352,0.8545772,0.2591893,0.010438165,0.06613895,0.0014998955,0.0036940384,0.0077873464
CDevo-CS-CH-DP-BT-BU-BV-CA,24,0.008576312,0.8443772,0.2556625,0.00081874005,0.0329336,8.21681e-05,0.00038856827,0.0011721883
CS-BT-BU-CA,0,0.0025,0.0025,0.0025,0.0,0.0,0.0025,0.0,0.0
CS-BT-BU-CA,12,0.016226955,0.7970044,0.3583269,0.0,0.0,0.003436216,0.0,0.0
CS-BT-BU-CA,24,0.022657372,0.8326394,0.30235425,0.0,0.0,0.00017565842,0.0,0.0
