Treatments,Time,CA,BT,BU,CD,BV,CS,DP,CH
CDevo-CA,0,0.005,0.0,0.0,0.005,0.0,0.0,0.0,0.0
CDevo-CA,12,0.11292364,0.0,0.0,0.5114639,0.0,0.0,0.0,0.0
CDevo-CA,24,0.2620924,0.0,0.0,0.4671851,0.0,0.0,0.0,0.0
CDevo-CH-DP-BT-BU,0,0.0,0.002,0.002,0.002,0.0,0.0,0.002,0.002
CDevo-CH-DP-BT-BU,12,0.0,0.89749926,0.2682598,0.0123134395,0.0,0.0,0.0027362441,0.0050391685
CDevo-CH-DP-BT-BU,24,0.0,0.8632119,0.27237687,0.0010663142,0.0,0.0,0.00017573088,0.0005899942
CS-CH-DP-BT-BU-CA,0,0.001666667,0.001666667,0.001666667,0.0,0.0,0.001666667,0.001666667,0.001666667
CS-CH-DP-BT-BU-CA,12,0.00825852,0.87957656,0.28804246,0.0,0.0,0.0007808581,0.0033604,0.008654602
CS-CH-DP-BT-BU-CA,24,0.009279807,0.8567051,0.28139067,0.0,0.0,2.1837397e-05,0.00016897127,0.0011498495
