Treatments,Time,CA,BT,BU,CD,BV,CS,DP,CH
CDevo-CS-CH-DP,0,0.0,0.0,0.0,0.0025,0.0,0.0025,0.0025,0.0025
CDevo-CS-CH-DP,12,0.0,0.0,0.0,0.30448616,0.0,0.053358175,0.19249144,0.04643917
CDevo-CS-CH-DP,24,0.0,0.0,0.0,0.042343862,0.0,0.30443063,0.28362963,0.008491781
CS-BT-BU-BV,0,0.0,0.0025,0.0025,0.0,0.0025,0.0025,0.0,0.0
CS-BT-BU-BV,12,0.0,0.6875358,0.34072328,0.0,0.11633678,0.0009650286,0.0,0.0
CS-BT-BU-BV,24,0.0,0.7717142,0.29120347,0.0,0.06858629,3.8157477e-06,0.0,0.0
CS-CH-DP-BT-BU-CA,0,0.001666667,0.001666667,0.001666667,0.0,0.0,0.001666667,0.001666667,0.001666667
CS-CH-DP-BT-BU-CA,12,0.011230094,0.87026787,0.28927416,0.0,0.0,0.0009335297,0.0048666936,0.008358832
CS-CH-DP-BT-BU-CA,24,0.011597311,0.8428944,0.27959707,0.0,0.0,9.6847725e-06,0.00036528343,0.001158155
