Treatments,Time,CA,BT,BU,CD,BV,CS,DP,CH
CDevo-CH-DP-BT-BU,0,0.0,0.002,0.002,0.002,0.0,0.0,0.002,0.002
CDevo-CH-DP-BT-BU,12,0.0,0.040995654,0.0019940885,0.0020001489,0.0,0.0,0.0019897323,0.0020032928
CDevo-CH-DP-BT-BU,24,0.0,0.7807658,0.0019877846,0.0020010064,0.0,0.0,0.0019792286,0.002007302
CS-CH-BT-BU-BV-CA,0,0.001666667,0.001666667,0.001666667,0.0,0.001666667,0.001666667,0.0,0.001666667
CS-CH-BT-BU-BV-CA,12,0.001666255,0.03418551,0.0016617482,0.0,0.001668171,0.001667598,0.0,0.0016694131
CS-CH-BT-BU-BV-CA,24,0.0016652358,0.6592248,0.0016565548,0.0,0.0016698011,0.0016678973,0.0,0.0016726609
DP-BT-BU-BV,0,0.0,0.0025,0.0025,0.0,0.0025,0.0,0.0025,0.0
DP-BT-BU-BV,12,0.0,0.051194467,0.0024926027,0.0,0.0025022277,0.0,0.0024871575,0.0
DP-BT-BU-BV,24,0.0,0.95726246,0.0024845896,0.0,0.0025047285,0.0,0.0024739325,0.0
