Treatments,Time,CA,BT,BU,CD,BV,CS,DP,CH
CDevo-CH-BU-CA,0,0.0025,0.0,0.0025,0.0025,0.0,0.0,0.0,0.0025
CDevo-CH-BU-CA,12,0.015936399,0.0,0.93208086,0.14277986,0.0,0.0,0.0,0.02596247
CDevo-CH-BU-CA,24,0.11386233,0.0,0.9405925,0.19086678,0.0,0.0,0.0,0.019839682
CDevo-DP-BT-CA,0,0.0025,0.0025,0.0,0.0025,0.0,0.0,0.0025,0.0
CDevo-DP-BT-CA,12,0.009513769,1.0695157,0.0,0.040512875,0.0,0.0,0.024011103,0.0
CDevo-DP-BT-CA,24,0.02239024,1.0732268,0.0,0.02147876,0.0,0.0,0.024520624,0.0
CS-CH-DP-BT-BU,0,0.0,0.002,0.002,0.0,0.0,0.002,0.002,0.002
CS-CH-DP-BT-BU,12,0.0,0.81177676,0.3351151,0.0,0.0,0.008122821,0.016436955,0.02070481
CS-CH-DP-BT-BU,24,0.0,0.83420914,0.31379333,0.0,0.0,0.009190203,0.013771835,0.033914443
