Treatments,Time,CA,BT,BU,CD,BV,CS,DP,CH
CDevo-CS-CH-DP-BU-BV,0,0.0,0.0,0.001666667,0.001666667,0.001666667,0.001666667,0.001666667,0.001666667
CDevo-CS-CH-DP-BU-BV,12,0.0,0.0,0.71556354,0.08076945,0.28410292,0.00722654,0.034636058,0.0070147444
CDevo-CS-CH-DP-BU-BV,24,0.0,0.0,0.48000532,0.0491517,0.5549869,0.003256944,0.03321609,0.00031327063
CS-CH-BV-CA,0,0.0025,0.0,0.0,0.0,0.0025,0.0025,0.0,0.0025
CS-CH-BV-CA,12,0.074115604,0.0,0.0,0.0,0.92590374,0.024690812,0.0,0.10724003
CS-CH-BV-CA,24,0.1500607,0.0,0.0,0.0,0.888922,0.023993835,0.0,0.03812137
CS-CH-DP-BT-BU-CA,0,0.001666667,0.001666667,0.001666667,0.0,0.0,0.001666667,0.001666667,0.001666667
CS-CH-DP-BT-BU-CA,12,0.0075456803,0.886462,0.274592,0.0,0.0,0.0019383996,0.0030904734,0.009121865
CS-CH-DP-BT-BU-CA,24,0.012484608,0.8659555,0.2518942,0.0,0.0,0.00012228919,0.0002087453,0.0023428744
