Treatments,Time,CA,BT,BU,CD,BV,CS,DP,CH
CDevo-CS-BT-BV-CA,0,0.002,0.002,0.0,0.002,0.002,0.002,0.0,0.0
CDevo-CS-BT-BV-CA,12,0.008367092,1.0111653,0.0,0.03600941,0.1038736,0.008442727,0.0,0.0
CDevo-CS-BT-BV-CA,24,0.022031922,1.0281427,0.0,0.01784278,0.08088156,0.009730135,0.0,0.0
CDevo-CS-DP-BV-CA,0,0.002,0.0,0.0,0.002,0.002,0.002,0.002,0.0
CDevo-CS-DP-BV-CA,12,0.013571631,0.0,0.0,0.15839408,0.9697641,0.014697426,0.054827023,0.0
CDevo-CS-DP-BV-CA,24,0.09621468,0.0,0.0,0.07927622,1.1227119,0.01590385,0.045953125,0.0
CS-CH-DP-BT-BU-BV-CA,0,0.001428571,0.001428571,0.001428571,0.0,0.001428571,0.001428571,0.001428571,0.001428571
CS-CH-DP-BT-BU-BV-CA,12,0.006464611,0.7950419,0.29388008,0.0,0.06955085,0.006484217,0.013367058,0.0149136
CS-CH-DP-BT-BU-BV-CA,24,0.02014515,0.8195753,0.2870136,0.0,0.04825377,0.0075085736,0.011681655,0.019812034
