Treatments,Time,CA,BT,BU,CD,BV,CS,DP,CH
CDevo-BV,0,0.0,0.0,0.0,0.005,0.005,0.0,0.0,0.0
CDevo-BV,12,0.0,0.0,0.0,0.17530632,1.0514281,0.0,0.0,0.0
CDevo-BV,24,0.0,0.0,0.0,0.09964927,1.0674515,0.0,0.0,0.0
CDevo-CH-DP-BT-BU,0,0.0,0.002,0.002,0.002,0.0,0.0,0.002,0.002
CDevo-CH-DP-BT-BU,12,0.0,0.8938698,0.2806402,0.026157083,0.0,0.0,0.0037728068,0.008278835
CDevo-CH-DP-BT-BU,24,0.0,0.86601555,0.2625595,0.009191994,0.0,0.0,0.00034365375,0.0021717653
CS-DP-BT-BU-BV-CA,0,0.001666667,0.001666667,0.001666667,0.0,0.001666667,0.001666667,0.001666667,0.0
CS-DP-BT-BU-BV-CA,12,0.006262137,0.83929896,0.2675193,0.0,0.053612392,0.0019774584,0.012489467,0.0
CS-DP-BT-BU-BV-CA,24,0.010954231,0.8466493,0.2519237,0.0,0.023809938,9.378537e-05,0.0024131516,0.0
