Treatments,Time,CA,BT,BU,CD,BV,CS,DP,CH
CDevo-CH-DP-BT-BU,0,0.0,0.002,0.002,0.002,0.0,0.0,0.002,0.002
CDevo-CH-DP-BT-BU,12,0.0,0.88882667,0.0020009126,0.0019967537,0.0,0.0,0.0020040486,0.012715796
CDevo-CH-DP-BT-BU,24,0.0,1.0444472,0.0020030239,0.0019931446,0.0,0.0,0.0020069703,0.07317571
CDevo-CS-CH-DP-BU,0,0.0,0.0,0.002,0.002,0.0,0.002,0.002,0.002
CDevo-CS-CH-DP-BU,12,0.0,0.0,0.0020005149,0.0019969929,0.0,0.010107964,0.0020044204,0.01312672
CDevo-CS-CH-DP-BU,24,0.0,0.0,0.0020010367,0.0019942163,0.0,0.050958954,0.0020087892,0.08563676
CS-CH-BT-BU,0,0.0,0.0025,0.0025,0.0,0.0,0.0025,0.0,0.0025
CS-CH-BT-BU,12,0.0,0.91391647,0.0025011986,0.0,0.0,0.01260485,0.0,0.015843125
CS-CH-BT-BU,24,0.0,1.0444682,0.002503905,0.0,0.0,0.06298796,0.0,0.09101296
