Treatments,Time,CA,BT,BU,CD,BV,CS,DP,CH
CDevo-BU,0,0.0,0.0,0.005,0.005,0.0,0.0,0.0,0.0
CDevo-BU,12,0.0,0.0,0.005012382,0.004999661,0.0,0.0,0.0,0.0
CDevo-BU,24,0.0,0.0,0.0050247945,0.004999322,0.0,0.0,0.0,0.0
CDevo-CS-DP-BT-BV-CA,0,0.001666667,0.001666667,0.0,0.001666667,0.001666667,0.001666667,0.001666667,0.0
CDevo-CS-DP-BT-BV-CA,12,0.001663088,0.001668564,0.0,0.0016665641,0.0016671926,0.0016648406,0.0016677532,0.0
CDevo-CS-DP-BT-BV-CA,24,0.001659516,0.001670463,0.0,0.0016664615,0.0016677176,0.0016630158,0.0016688406,0.0
CS-CH-DP-BU,0,0.0,0.0,0.0025,0.0,0.0,0.0025,0.0025,0.0025
CS-CH-DP-BU,12,0.0,0.0,0.0025062119,0.0,0.0,0.0024972605,0.0025016044,0.0025021576
CS-CH-DP-BU,24,0.0,0.0,0.0025124394,0.0,0.0,0.0024945252,0.002503208,0.002504319
