Treatments,Time,CA,BT,BU,CD,BV,CS,DP,CH
CDevo-CS-CH-DP,0,0.0,0.0,0.0,0.0025,0.0,0.0025,0.0025,0.0025
CDevo-CS-CH-DP,12,0.0,0.0,0.0,0.0025002533,0.0,0.0025073553,0.0025020188,0.0025002037
CDevo-CS-CH-DP,24,0.0,0.0,0.0,0.0025005066,0.0,0.0025147325,0.0025040386,0.0025004074
CDevo-DP,0,0.0,0.0,0.0,0.005,0.0,0.0,0.005,0.0
CDevo-DP,12,0.0,0.0,0.0,0.0050004777,0.0,0.0,0.0050040917,0.0
CDevo-DP,24,0.0,0.0,0.0,0.005000955,0.0,0.0,0.0050081867,0.0
CS-DP-BT-BV-CA,0,0.002,0.002,0.0,0.0,0.002,0.002,0.002,0.0
CS-DP-BT-BV-CA,12,0.0019984439,0.04417998,0.0,0.0,0.0020022471,0.0020058802,0.0020015808,0.0
CS-DP-BT-BV-CA,24,0.0019973905,0.89841336,0.0,0.0,0.002003358,0.002012266,0.0020023084,0.0
