Treatments,Time,CA,BT,BU,CD,BV,CS,DP,CH
CDevo-BT,0,0.0,0.005,0.0,0.005,0.0,0.0,0.0,0.0
CDevo-BT,24,0.0,1.0368645,0.0,0.022253068,0.0,0.0,0.0,0.0
CDevo-CS-CH-DP-BU,0,0.0,0.0,0.002,0.002,0.0,0.002,0.002,0.002
CDevo-CS-CH-DP-BU,12,0.0,0.0,1.0040957,0.08140517,0.0,0.005131755,0.027347757,0.01725046
CDevo-CS-CH-DP-BU,24,0.0,0.0,0.9804781,0.097843766,0.0,0.001174,0.008162571,0.0063822283
CDevo-CS-DP-BT,0,0.0,0.0025,0.0,0.0025,0.0,0.0025,0.0025,0.0
CDevo-CS-DP-BT,12,0.0,1.1117009,0.0,0.027233232,0.0,0.00087829045,0.024515446,0.0
CDevo-CS-DP-BT,24,0.0,1.0496365,0.0,0.0076812115,0.0,3.518842e-05,0.008225343,0.0
