Treatments,Time,CA,BT,BU,CD,BV,CS,DP,CH
CS-CH-DP-BT-BU-BV-CA,0,0.001428571,0.001428571,0.001428571,0.0,0.001428571,0.001428571,0.001428571,0.001428571
CS-CH-DP-BT-BU-BV-CA,12,0.0076289116,0.0014548295,0.5587281,0.0,0.14839834,0.0014112549,0.0075191287,0.008208572
CS-CH-DP-BT-BU-BV-CA,24,0.04040044,0.0014891615,0.7990207,0.0,0.39346728,0.0013956755,0.03924565,0.046799872
CS-CH-DP-BV-CA,0,0.002,0.0,0.0,0.0,0.002,0.002,0.002,0.002
CS-CH-DP-BV-CA,12,0.0106903,0.0,0.0,0.0,0.28902736,0.0019755505,0.01052895,0.011494526
CS-CH-DP-BV-CA,24,0.05683944,0.0,0.0,0.0,0.9510926,0.0019526588,0.054968935,0.06548699
CS-CH-DP-CA,0,0.0025,0.0,0.0,0.0,0.0,0.0025,0.0025,0.0025
CS-CH-DP-CA,12,0.0133625595,0.0,0.0,0.0,0.0,0.0024692565,0.013164515,0.014370821
CS-CH-DP-CA,24,0.07111204,0.0,0.0,0.0,0.0,0.0024387676,0.069008194,0.08214911
