Treatments,Time,CA,BT,BU,CD,BV,CS,DP,CH
CDevo-CS-BT-BU-CA,0,0.002,0.002,0.002,0.002,0.0,0.002,0.0,0.0
CDevo-CS-BT-BU-CA,12,0.0020006935,0.0020000646,0.001992581,0.0020003812,0.0,0.002000284,0.0,0.0
CDevo-CS-BT-BU-CA,24,0.0020013875,0.0020001268,0.0019851897,0.0020007626,0.0,0.0020005677,0.0,0.0
CDevo-CS-CH-DP-BT-BU-BV-CA,0,0.00125,0.00125,0.00125,0.00125,0.00125,0.00125,0.00125,0.00125
CDevo-CS-CH-DP-BT-BU-BV-CA,12,0.001250426,0.0012500436,0.001245369,0.0012502341,0.0012476532,0.0012501797,0.0012513968,0.0012488511
CDevo-CS-CH-DP-BT-BU-BV-CA,24,0.0012508525,0.001250087,0.0012407546,0.0012504689,0.0012453098,0.0012503595,0.0012527955,0.001247703
CS-DP-BU-BV-CA,0,0.002,0.0,0.002,0.0,0.002,0.002,0.002,0.0
CS-DP-BU-BV-CA,12,0.0020006746,0.0,0.0019925954,0.0,0.0019962578,0.0020002911,0.0020022327,0.0
CS-DP-BU-BV-CA,24,0.0020013493,0.0,0.0019852181,0.0,0.00199252,0.0020005829,0.0020044695,0.0
