Treatments,Time,CA,BT,BU,CD,BV,CS,DP,CH
CDevo-CS-CH-DP,0,0.0,0.0,0.0,0.0025,0.0,0.0025,0.0025,0.0025
CDevo-CS-CH-DP,12,0.0,0.0,0.0,0.022316927,0.0,0.0024959317,0.01363562,0.01608343
CDevo-CS-CH-DP,24,0.0,0.0,0.0,0.19614264,0.0,0.0024915282,0.073986046,0.10270743
CDevo-CS-DP-BV-CA,0,0.002,0.0,0.0,0.002,0.002,0.002,0.002,0.0
CDevo-CS-DP-BV-CA,12,0.0019988334,0.0,0.0,0.017860603,0.030147962,0.0019967768,0.010910865,0.0
CDevo-CS-DP-BV-CA,24,0.0019979896,0.0,0.0,0.15752532,0.4392141,0.0019934669,0.05927101,0.0
DP-BT-BV-CA,0,0.0025,0.0025,0.0,0.0,0.0025,0.0,0.0025,0.0
DP-BT-BV-CA,12,0.0024985326,0.0024976349,0.0,0.0,0.037660196,0.0,0.01363545,0.0
DP-BT-BV-CA,24,0.0024975738,0.0024954127,0.0,0.0,0.54365194,0.0,0.07398163,0.0
