Treatments,Time,CA,BT,BU,CD,BV,CS,DP,CH
CDevo-CH-DP-BT-BU,0,0.0,0.002,0.002,0.002,0.0,0.0,0.002,0.002
CDevo-CH-DP-BT-BU,12,0.0,0.82023215,0.3082186,0.0020006297,0.0,0.0,0.008243889,0.009459175
CDevo-CH-DP-BT-BU,24,0.0,0.9144274,0.30032495,0.0019983214,0.0,0.0,0.033054303,0.04121709
CDevo-CS-DP-BT-BV-CA,0,0.001666667,0.001666667,0.0,0.001666667,0.001666667,0.001666667,0.001666667,0.0
CDevo-CS-DP-BT-BV-CA,12,0.001696621,0.91723955,0.0,0.001666856,0.0016603486,0.0016649618,0.006870394,0.0
CDevo-CS-DP-BT-BV-CA,24,0.0017316451,1.0316666,0.0,0.0016638045,0.0016508622,0.0016596161,0.027450223,0.0
CS-CH-BT-CA,0,0.0025,0.0025,0.0,0.0,0.0,0.0025,0.0,0.0025
CS-CH-BT-CA,12,0.0025453286,0.9497118,0.0,0.0,0.0,0.0024971322,0.0,0.011751761
CS-CH-BT-CA,24,0.0025979958,1.0316771,0.0,0.0,0.0,0.0024892178,0.0,0.050414864
