Treatments,Time,CA,BT,BU,CD,BV,CS,DP,CH
CDevo-DP,0,0.0,0.0,0.0,0.005,0.0,0.0,0.005,0.0
CDevo-DP,12,0.0,0.0,0.0,0.5555285,0.0,0.0,9.295071e-12,0.0
CDevo-DP,24,0.0,0.0,0.0,0.58394545,0.0,0.0,-1.6064368e-23,0.0
CS-CH-DP-CA,0,0.0025,0.0,0.0,0.0,0.0,0.0025,0.0025,0.0025
CS-CH-DP-CA,12,0.07396154,0.0,0.0,0.0,0.0,0.07208521,1.5228619e-11,0.0032097078
CS-CH-DP-CA,24,0.3867234,0.0,0.0,0.0,0.0,0.13614427,7.7042284e-19,0.010113941
DP-BT-BU-BV-CA,0,0.002,0.002,0.002,0.0,0.002,0.0,0.002,0.0
DP-BT-BU-BV-CA,12,0.007851898,0.77737796,0.3133504,0.0,0.07066943,0.0,4.6127704e-07,0.0
DP-BT-BU-BV-CA,24,0.011371762,0.80076593,0.3118882,0.0,0.0463549,0.0,1.0145554e-06,0.0
