Treatments,Time,CA,BT,BU,CD,BV,CS,DP,CH
CDevo-CS-CH-DP-BU-BV,0,0.0,0.0,0.001666667,0.001666667,0.001666667,0.001666667,0.001666667,0.001666667
CDevo-CS-CH-DP-BU-BV,12,0.0,0.0,0.7787659,0.07264262,0.24197811,0.0018380253,0.009003956,0.03597694
CDevo-CS-CH-DP-BU-BV,24,0.0,0.0,0.65546376,0.037975397,0.38451812,6.285921e-06,0.00017019763,0.037167713
CH-BU-BV-CA,0,0.0025,0.0,0.0025,0.0,0.0025,0.0,0.0,0.0025
CH-BU-BV-CA,12,0.01892021,0.0,0.704767,0.0,0.3154451,0.0,0.0,0.055457488
CH-BU-BV-CA,24,0.07924601,0.0,0.58664554,0.0,0.39030364,0.0,0.0,0.0476718
CS-CH-BU-BV,0,0.0,0.0,0.0025,0.0,0.0025,0.0025,0.0,0.0025
CS-CH-BU-BV,12,0.0,0.0,0.74536186,0.0,0.28670704,0.002370725,0.0,0.06186574
CS-CH-BU-BV,24,0.0,0.0,0.63686085,0.0,0.4139204,7.051834e-06,0.0,0.053709008
