Treatments,Time,CA,BT,BU,CD,BV,CS,DP,CH
CDevo-CS-DP-CA,0,0.0025,0.0,0.0,0.0025,0.0,0.0025,0.0025,0.0
CDevo-CS-DP-CA,12,0.1538034,0.0,0.0,0.3685426,0.0,0.02372878,0.16089989,0.0
CDevo-CS-DP-CA,24,0.25264877,0.0,0.0,0.3497177,0.0,0.0018753385,0.22141004,0.0
CS-BT-BV-CA,0,0.0025,0.0025,0.0,0.0,0.0025,0.0025,0.0,0.0
CS-BT-BV-CA,12,0.007263612,1.0115674,0.0,0.0,0.13072737,0.0012328147,0.0,0.0
CS-BT-BV-CA,24,0.0064126877,1.0105708,0.0,0.0,0.114985906,1.0642524e-05,0.0,0.0
CS-CH-DP-BT-BU-CA,0,0.001666667,0.001666667,0.001666667,0.0,0.0,0.001666667,0.001666667,0.001666667
CS-CH-DP-BT-BU-CA,12,0.008115011,0.8939202,0.2653843,0.0,0.0,0.006459858,0.0039823595,0.010078145
CS-CH-DP-BT-BU-CA,24,0.0135046905,0.88391453,0.23695396,0.0,0.0,0.0030198114,0.0004209298,0.0029870009
