Treatments,Time,CA,BT,BU,CD,BV,CS,DP,CH
CDevo-CH,0,0.0,0.0,0.0,0.005,0.0,0.0,0.0,0.005
CDevo-CH,12,0.0,0.0,0.0,0.5314774,0.0,0.0,0.0,0.058507446
CDevo-CH,24,0.0,0.0,0.0,0.5749815,0.0,0.0,0.0,0.0055571757
CS-CH-DP-BU-BV,0,0.0,0.0,0.002,0.0,0.002,0.002,0.002,0.002
CS-CH-DP-BU-BV,12,0.0,0.0,0.7284433,0.0,0.2680188,0.015127792,0.031662665,0.04340723
CS-CH-DP-BU-BV,24,0.0,0.0,0.6253273,0.0,0.4068015,0.015584043,0.024153732,0.04432742
CS-DP-BT-BV,0,0.0,0.0025,0.0,0.0,0.0025,0.0025,0.0025,0.0
CS-DP-BT-BV,12,0.0,1.0529575,0.0,0.0,0.098628506,0.010895688,0.024439674,0.0
CS-DP-BT-BV,24,0.0,1.0609081,0.0,0.0,0.05733056,0.0072202072,0.018758204,0.0
