Treatments,Time,CA,BT,BU,CD,BV,CS,DP,CH
CS-CH-BU-BV,0,0.0,0.0,0.0025,0.0,0.0025,0.0025,0.0,0.0025
CS-CH-BU-BV,12,0.0,0.0,0.72196305,0.0,0.30071774,0.015438376,0.0,0.03239656
CS-CH-BU-BV,24,0.0,0.0,0.5790384,0.0,0.49847934,0.021642217,0.0,0.046524692
CS-CH-DP-BT-BU-BV-CA,0,0.001428571,0.001428571,0.001428571,0.0,0.001428571,0.001428571,0.001428571,0.001428571
CS-CH-DP-BT-BU-BV-CA,12,0.005775042,0.812437,0.28645062,0.0,0.061986603,0.006464004,0.011040805,0.013163866
CS-CH-DP-BT-BU-BV-CA,24,0.014963082,0.8437271,0.2764459,0.0,0.034301423,0.006488649,0.008426313,0.014902131
CS-CH-DP-CA,0,0.0025,0.0,0.0,0.0,0.0,0.0025,0.0025,0.0025
CS-CH-DP-CA,12,0.01503483,0.0,0.0,0.0,0.0,0.045829736,0.12637086,0.13606319
CS-CH-DP-CA,24,0.106047176,0.0,0.0,0.0,0.0,0.4081043,0.34933808,0.5562474
