Treatments,Time,CA,BT,BU,CD,BV,CS,DP,CH
CDevo-CS-BT-BU-BV,0,0.0,0.002,0.002,0.002,0.002,0.002,0.0,0.0
CDevo-CS-BT-BU-BV,12,0.0,0.001993047,0.0019964003,0.001999258,0.0020030942,0.0020043785,0.0,0.0
CDevo-CS-BT-BU-BV,24,0.0,0.0019861206,0.0019928068,0.0019985158,0.002006194,0.0020087652,0.0,0.0
CDevo-CS-CH-DP,0,0.0,0.0,0.0,0.0025,0.0,0.0025,0.0025,0.0025
CDevo-CS-CH-DP,12,0.0,0.0,0.0,0.002499095,0.0,0.0025054729,0.0024973722,0.0025023078
CDevo-CS-CH-DP,24,0.0,0.0,0.0,0.0024981904,0.0,0.0025109577,0.002494747,0.0025046167
CS-DP-BT-BU-BV,0,0.0,0.002,0.002,0.0,0.002,0.002,0.002,0.0
CS-DP-BT-BU-BV,12,0.0,0.0019930426,0.0019963793,0.0,0.002003086,0.0020043706,0.001997907,0.0
CS-DP-BT-BU-BV,24,0.0,0.0019861094,0.001992765,0.0,0.002006175,0.0020087503,0.0019958154,0.0
