Treatments,Time,CA,BT,BU,CD,BV,CS,DP,CH
CDevo-CH,0,0.0,0.0,0.0,0.005,0.0,0.0,0.0,0.005
CDevo-CH,12,0.0,0.0,0.0,0.0049851355,0.0,0.0,0.0,0.004990764
CDevo-CH,24,0.0,0.0,0.0,0.004970322,0.0,0.0,0.0,0.0049815443
CS-CH-BV-CA,0,0.0025,0.0,0.0,0.0,0.0025,0.0025,0.0,0.0025
CS-CH-BV-CA,12,0.0025673609,0.0,0.0,0.0,0.0025115951,0.002499144,0.0,0.0024953475
CS-CH-BV-CA,24,0.002636537,0.0,0.0,0.0,0.0025232465,0.002498289,0.0,0.002490705
DP-BT-BU-BV-CA,0,0.002,0.002,0.002,0.0,0.002,0.0,0.002,0.0
DP-BT-BU-BV-CA,12,0.0020540976,0.8681367,0.0020122468,0.0,0.0020106575,0.0,0.0020304732,0.0
DP-BT-BU-BV-CA,24,0.0021103276,1.025816,0.0020268504,0.0,0.0020255758,0.0,0.002058214,0.0
