Treatments,Time,CA,BT,BU,CD,BV,CS,DP,CH
CDevo-BT-BU-CA,0,0.0025,0.0025,0.0025,0.0025,0.0,0.0,0.0,0.0
CDevo-BT-BU-CA,12,0.011109577,0.754283,0.35960102,0.045099743,0.0,0.0,0.0,0.0
CDevo-BT-BU-CA,24,0.03223839,0.7952066,0.30575502,0.021083238,0.0,0.0,0.0,0.0
CDevo-CS-BT-BU-CA,0,0.002,0.002,0.002,0.002,0.0,0.002,0.0,0.0
CDevo-CS-BT-BU-CA,12,0.00982453,0.7680115,0.35002887,0.040369272,0.0,0.008311673,0.0,0.0
CDevo-CS-BT-BU-CA,24,0.030385887,0.8058559,0.2973081,0.01830874,0.0,0.00415393,0.0,0.0
CS-CH-DP-BU,0,0.0,0.0,0.0025,0.0,0.0,0.0025,0.0025,0.0025
CS-CH-DP-BU,12,0.0,0.0,0.94847906,0.0,0.0,0.024524363,0.045616396,0.06414569
CS-CH-DP-BU,24,0.0,0.0,0.9858957,0.0,0.0,0.044021104,0.031941596,0.085391335
