Treatments,Time,CA,BT,BU,CD,BV,CS,DP,CH
CDevo-BT,0,0.0,0.005,0.0,0.005,0.0,0.0,0.0,0.0
CDevo-BT,24,0.0,1.0217035,0.0,0.0063856603,0.0,0.0,0.0,0.0
CDevo-CS-CH-DP-BU,0,0.0,0.0,0.002,0.002,0.0,0.002,0.002,0.002
CDevo-CS-CH-DP-BU,12,0.0,0.0,1.0125788,0.10025981,0.0,0.006674588,0.0024674763,0.0024778557
CDevo-CS-CH-DP-BU,24,0.0,0.0,0.9121804,0.1567478,0.0,0.00041502668,0.04124277,1.9312884e-06
CDevo-CS-DP-BT,0,0.0,0.0025,0.0,0.0025,0.0,0.0025,0.0025,0.0
CDevo-CS-DP-BT,12,0.0,1.0720757,0.0,0.026956353,0.0,0.0089056315,0.0018442728,0.0
CDevo-CS-DP-BT,24,0.0,1.0430379,0.0,0.0056565483,0.0,0.0099377055,0.0032634612,0.0
