Treatments,Time,CA,BT,BU,CD,BV,CS,DP,CH
CS-CH-BU-BV,0,0.0,0.0,0.0025,0.0,0.0025,0.0025,0.0,0.0025
CS-CH-BU-BV,12,0.0,0.0,0.035153747,0.0,0.0024985026,0.0024879498,0.0,0.0025021622
CS-CH-BU-BV,24,0.0,0.0,0.47407573,0.0,0.0024969475,0.0024758163,0.0,0.0025046156
CS-CH-DP-BT-BU-BV-CA,0,0.001428571,0.001428571,0.001428571,0.0,0.001428571,0.001428571,0.001428571,0.001428571
CS-CH-DP-BT-BU-BV-CA,12,0.001427454,0.0014264542,0.020116022,0.0,0.0014277141,0.0014216835,0.0014267439,0.0014298055
CS-CH-DP-BT-BU-BV-CA,24,0.0014264625,0.0014245122,0.27649158,0.0,0.0014268418,0.001414786,0.0014244835,0.0014311379
CS-CH-DP-CA,0,0.0025,0.0,0.0,0.0,0.0,0.0025,0.0025,0.0025
CS-CH-DP-CA,12,0.0024980328,0.0,0.0,0.0,0.0,0.0024879675,0.002496855,0.0025021392
CS-CH-DP-CA,24,0.0024960658,0.0,0.0,0.0,0.0,0.0024759904,0.0024937156,0.0025042826
