Treatments,Time,CA,BT,BU,CD,BV,CS,DP,CH
CDevo-CH,0,0.0,0.0,0.0,0.005,0.0,0.0,0.0,0.005
CDevo-CH,12,0.0,0.0,0.0,0.43222466,0.0,0.0,0.0,0.07916421
CDevo-CH,24,0.0,0.0,0.0,0.500749,0.0,0.0,0.0,0.08744646
CDevo-CS-DP-BU-BV,0,0.0,0.0,0.002,0.002,0.002,0.002,0.002,0.0
CDevo-CS-DP-BU-BV,12,0.0,0.0,0.7481254,0.08835413,0.2958699,0.010135151,0.022584528,0.0
CDevo-CS-DP-BU-BV,24,0.0,0.0,0.6249692,0.08441032,0.49491858,0.010308811,0.01819357,0.0
CS-DP-BT-BV-CA,0,0.002,0.002,0.0,0.0,0.002,0.002,0.002,0.0
CS-DP-BT-BV-CA,12,0.008862716,1.0021067,0.0,0.0,0.09361965,0.008985947,0.017988274,0.0
CS-DP-BT-BV-CA,24,0.0242737,1.0238048,0.0,0.0,0.0652846,0.011008054,0.01848508,0.0
