Treatments,Time,CA,BT,BU,CD,BV,CS,DP,CH
CDevo-CH-DP-CA,0,0.0025,0.0,0.0,0.0025,0.0,0.0,0.0025,0.0025
CDevo-CH-DP-CA,12,0.0025045627,0.0,0.0,0.0025022593,0.0,0.0,0.0025087828,0.0024958504
CDevo-CH-DP-CA,24,0.002509132,0.0,0.0,0.0025045197,0.0,0.0,0.0025175982,0.00249171
CDevo-CS-BT-BV-CA,0,0.002,0.002,0.0,0.002,0.002,0.002,0.0,0.0
CDevo-CS-BT-BV-CA,12,0.0020036495,0.0020009703,0.0,0.0020018157,0.0020020488,0.0019986313,0.0,0.0
CDevo-CS-BT-BV-CA,24,0.002007305,0.0020019414,0.0,0.0020036323,0.0020040993,0.001997264,0.0,0.0
CS-CH-BU-BV,0,0.0,0.0,0.0025,0.0,0.0025,0.0025,0.0,0.0025
CS-CH-BU-BV,12,0.0,0.0,0.0025089951,0.0,0.0025025562,0.0024982807,0.0,0.0024958663
CS-CH-BU-BV,24,0.0,0.0,0.0025180231,0.0,0.0025051169,0.0024965606,0.0,0.0024917389
