Treatments,Time,CA,BT,BU,CD,BV,CS,DP,CH
CH-DP-BT-BU,0,0.0,0.0025,0.0025,0.0,0.0,0.0,0.0025,0.0025
CH-DP-BT-BU,12,0.0,0.8101058,0.33866486,0.0,0.0,0.0,0.01576774,0.019438958
CH-DP-BT-BU,24,0.0,0.8355812,0.3133172,0.0,0.0,0.0,0.011118561,0.024434388
CS-CH-BU-BV,0,0.0,0.0,0.0025,0.0,0.0025,0.0025,0.0,0.0025
CS-CH-BU-BV,12,0.0,0.0,0.735054,0.0,0.29322967,0.013949812,0.0,0.02977052
CS-CH-BU-BV,24,0.0,0.0,0.59609616,0.0,0.48647574,0.018581074,0.0,0.04552794
CS-CH-DP-BT-BU,0,0.0,0.002,0.002,0.0,0.0,0.002,0.002,0.002
CS-CH-DP-BT-BU,12,0.0,0.8120825,0.33563188,0.0,0.0,0.008707347,0.014107688,0.016948946
CS-CH-DP-BT-BU,24,0.0,0.83631545,0.31246203,0.0,0.0,0.010131613,0.01012942,0.02173498
