Treatments,Time,CA,BT,BU,CD,BV,CS,DP,CH
CDevo-DP-BT-BU-BV-CA,0,0.001666667,0.001666667,0.001666667,0.001666667,0.001666667,0.0,0.001666667,0.0
CDevo-DP-BT-BU-BV-CA,12,0.0012393807,0.76680803,0.31657693,0.003912091,0.08615747,0.0,0.0012942395,0.0
CDevo-DP-BT-BU-BV-CA,24,0.02017261,0.8341423,0.25474116,2.8007196e-05,0.038795114,0.0,0.007691831,0.0
CH-DP-BT-BU,0,0.0,0.0025,0.0025,0.0,0.0,0.0,0.0025,0.0025
CH-DP-BT-BU,12,0.0,0.88354325,0.27900085,0.0,0.0,0.0,0.0014507021,0.0082400795
CH-DP-BT-BU,24,0.0,0.8707598,0.24741708,0.0,0.0,0.0,0.0070753605,0.00070613023
DP-BT-BV-CA,0,0.0025,0.0025,0.0,0.0,0.0025,0.0,0.0025,0.0
DP-BT-BV-CA,12,0.0009595377,1.0199043,0.0,0.0,0.123989314,0.0,0.00035719963,0.0
DP-BT-BV-CA,24,0.011415422,1.0185665,0.0,0.0,0.081109025,0.0,0.00017760326,0.0
