Treatments,Time,CA,BT,BU,CD,BV,CS,DP,CH
CDevo-CS-DP-BU-BV,0,0.0,0.0,0.002,0.002,0.002,0.002,0.002,0.0
CDevo-CS-DP-BU-BV,12,0.0,0.0,0.6184985,0.07464058,0.38875794,1.5115989e-10,0.0019135682,0.0
CDevo-CS-DP-BU-BV,24,0.0,0.0,0.37669346,0.036038984,0.66939855,-8.808623e-09,2.6146422e-06,0.0
CH-DP-BV-CA,0,0.0025,0.0,0.0,0.0,0.0025,0.0,0.0025,0.0025
CH-DP-BV-CA,12,0.074868634,0.0,0.0,0.0,0.9033807,0.0,0.002422684,0.08588514
CH-DP-BV-CA,24,0.11320396,0.0,0.0,0.0,0.92760015,0.0,1.237455e-09,0.11317492
CS-CH-BT-CA,0,0.0025,0.0025,0.0,0.0,0.0,0.0025,0.0,0.0025
CS-CH-BT-CA,12,0.015819523,1.0439546,0.0,0.0,0.0,0.0026453275,0.0,0.009032071
CS-CH-BT-CA,24,0.029108161,1.0315095,0.0,0.0,0.0,0.0063986,0.0,0.00029548624
