Treatments,Time,CA,BT,BU,CD,BV,CS,DP,CH
CDevo-BU,0,0.0,0.0,0.005,0.005,0.0,0.0,0.0,0.0
CDevo-BU,12,0.0,0.0,0.90626156,0.13358924,0.0,0.0,0.0,0.0
CDevo-BU,24,0.0,0.0,0.91870385,0.10655687,0.0,0.0,0.0,0.0
CDevo-CS-DP-BT-BV-CA,0,0.001666667,0.001666667,0.0,0.001666667,0.001666667,0.001666667,0.001666667,0.0
CDevo-CS-DP-BT-BV-CA,12,0.018270945,1.0650626,0.0,0.014370728,0.11151321,0.0013146435,0.014403324,0.0
CDevo-CS-DP-BT-BV-CA,24,0.024093317,1.0220354,0.0,0.0026211601,0.06009899,0.000100670026,0.0058023855,0.0
CS-CH-DP-BU,0,0.0,0.0,0.0025,0.0,0.0,0.0025,0.0025,0.0025
CS-CH-DP-BU,12,0.0,0.0,0.98898953,0.0,0.0,0.036549993,0.03782679,0.047443587
CS-CH-DP-BU,24,0.0,0.0,0.8873632,0.0,0.0,0.16280761,0.01886485,0.141183
