Treatments,Time,CA,BT,BU,CD,BV,CS,DP,CH
CDevo-CS-BT-BU-CA,0,0.002,0.002,0.002,0.002,0.0,0.002,0.0,0.0
CDevo-CS-BT-BU-CA,12,0.007499735,0.7865441,0.34321982,0.00068165263,0.0,0.0013419038,0.0,0.0
CDevo-CS-BT-BU-CA,24,0.02019988,0.8364519,0.29253194,0.019935485,0.0,5.2323276e-06,0.0,0.0
CS-BT-BU-BV,0,0.0,0.0025,0.0025,0.0,0.0025,0.0025,0.0,0.0
CS-BT-BU-BV,12,0.0,0.7426138,0.29780817,0.0,0.11522259,0.0019820796,0.0,0.0
CS-BT-BU-BV,24,0.0,0.794315,0.26812643,0.0,0.083522886,2.8972165e-05,0.0,0.0
CS-CH-BT-CA,0,0.0025,0.0025,0.0,0.0,0.0,0.0025,0.0,0.0025
CS-CH-BT-CA,12,0.012019926,1.0639436,0.0,0.0,0.0,0.019139647,0.0,0.018328814
CS-CH-BT-CA,24,0.047422484,1.0278072,0.0,0.0,0.0,0.018019892,0.0,0.0040215785
