Treatments,Time,CA,BT,BU,CD,BV,CS,DP,CH
CDevo-CS-DP-BU,0,0.0,0.0,0.0025,0.0025,0.0,0.0025,0.0025,0.0
CDevo-CS-DP-BU,12,0.0,0.0,0.90158623,0.16856374,0.0,0.024380118,0.06428858,0.0
CDevo-CS-DP-BU,24,0.0,0.0,0.7784042,0.2659881,0.0,0.03512884,0.12891999,0.0
CS-BT-BU-BV,0,0.0,0.0025,0.0025,0.0,0.0025,0.0025,0.0,0.0
CS-BT-BU-BV,12,0.0,0.6940998,0.36689344,0.0,0.094305634,0.001880242,0.0,0.0
CS-BT-BU-BV,24,0.0,0.7498644,0.33056587,0.0,0.06319913,2.7938466e-05,0.0,0.0
CS-DP-BT-BU-BV,0,0.0,0.002,0.002,0.0,0.002,0.002,0.002,0.0
CS-DP-BT-BU-BV,12,0.0,0.8080981,0.28992668,0.0,0.06655866,0.0015790227,0.009854058,0.0
CS-DP-BT-BU-BV,24,0.0,0.80827135,0.28435588,0.0,0.041473184,3.67658e-05,0.0014600407,0.0
