Treatments,Time,CA,BT,BU,CD,BV,CS,DP,CH
CDevo-BT-BU-CA,0,0.0025,0.0025,0.0025,0.0025,0.0,0.0,0.0,0.0
CDevo-BT-BU-CA,12,0.023528408,0.7893244,0.3447947,0.033200923,0.0,0.0,0.0,0.0
CDevo-BT-BU-CA,24,0.044470485,0.80820984,0.30160132,0.01284918,0.0,0.0,0.0,0.0
CDevo-CH,0,0.0,0.0,0.0,0.005,0.0,0.0,0.0,0.005
CDevo-CH,12,0.0,0.0,0.0,0.48555148,0.0,0.0,0.0,0.00024708782
CDevo-CH,24,0.0,0.0,0.0,0.54158676,0.0,0.0,0.0,3.3181666e-13
CS-CH-BT-BU,0,0.0,0.0025,0.0025,0.0,0.0,0.0025,0.0,0.0025
CS-CH-BT-BU,12,0.0,0.88729805,0.29030186,0.0,0.0,0.010294205,0.0,0.031050563
CS-CH-BT-BU,24,0.0,0.87933445,0.23682423,0.0,0.0,0.0037455866,0.0,0.011080491
