Treatments,Time,CA,BT,BU,CD,BV,CS,DP,CH
CDevo-BT-BU-CA,0,0.0025,0.0025,0.0025,0.0025,0.0,0.0,0.0,0.0
CDevo-BT-BU-CA,12,0.013292905,0.8410104,0.31316364,0.018608429,0.0,0.0,0.0,0.0
CDevo-BT-BU-CA,24,0.065210015,0.91172147,0.31442106,0.0828636,0.0,0.0,0.0,0.0
CDevo-CS-BT-BU-BV,0,0.0,0.002,0.002,0.002,0.002,0.002,0.0,0.0
CDevo-CS-BT-BU-BV,12,0.0,0.83082676,0.30460018,0.015157854,0.0019952068,0.0020035545,0.0,0.0
CDevo-CS-BT-BU-BV,24,0.0,0.91224855,0.31338975,0.06760928,0.001987671,0.0020066132,0.0,0.0
CDevo-CS-DP-BU-CA,0,0.002,0.0,0.002,0.002,0.0,0.002,0.002,0.0
CDevo-CS-DP-BU-CA,12,0.011051016,0.0,0.7210373,0.018571988,0.0,0.002003879,0.0020314243,0.0
CDevo-CS-DP-BU-CA,24,0.060928695,0.0,0.9499442,0.15060219,0.0,0.002008198,0.0020588948,0.0
