Treatments,Time,CA,BT,BU,CD,BV,CS,DP,CH
CDevo-BT,0,0.0,0.005,0.0,0.005,0.0,0.0,0.0,0.0
CDevo-BT,24,0.0,0.0049776207,0.0,0.004993368,0.0,0.0,0.0,0.0
CDevo-CH,0,0.0,0.0,0.0,0.005,0.0,0.0,0.0,0.005
CDevo-CH,12,0.0,0.0,0.0,0.0049967105,0.0,0.0,0.0,0.004993336
CDevo-CH,24,0.0,0.0,0.0,0.0049934187,0.0,0.0,0.0,0.0049866783
CDevo-CS-CA,0,0.003333333,0.0,0.0,0.003333333,0.0,0.003333333,0.0,0.0
CDevo-CS-CA,12,0.003331204,0.0,0.0,0.0033311127,0.0,0.0033310335,0.0,0.0
CDevo-CS-CA,24,0.0033290756,0.0,0.0,0.0033288947,0.0,0.003328735,0.0,0.0
