Treatments,Time,CA,BT,BU,CD,BV,CS,DP,CH
CDevo-CS-DP-BT,0,0.0,0.0025,0.0,0.0025,0.0,0.0025,0.0025,0.0
CDevo-CS-DP-BT,12,0.0,1.1608588,0.0,0.04139155,0.0,0.015997972,0.014821457,0.0
CDevo-CS-DP-BT,24,0.0,1.1203641,0.0,0.021127654,0.0,0.025277575,0.0043696025,0.0
CH-DP-BV-CA,0,0.0025,0.0,0.0,0.0,0.0025,0.0,0.0025,0.0025
CH-DP-BV-CA,12,0.033126336,0.0,0.0,0.0,0.9227883,0.0,0.058041044,0.09780363
CH-DP-BV-CA,24,0.22445077,0.0,0.0,0.0,0.8748001,0.0,0.01379674,0.024894154
CS-CH-DP-BU-BV,0,0.0,0.0,0.002,0.0,0.002,0.002,0.002,0.002
CS-CH-DP-BU-BV,12,0.0,0.0,0.75252175,0.0,0.26584578,0.017662924,0.030166907,0.050087564
CS-CH-DP-BU-BV,24,0.0,0.0,0.6401317,0.0,0.40481052,0.026207598,0.01565669,0.046400327
