Treatments,Time,CA,BT,BU,CD,BV,CS,DP,CH
CDevo-CS-BV-CA,0,0.0025,0.0,0.0,0.0025,0.0025,0.0025,0.0,0.0
CDevo-CS-BV-CA,12,0.07032222,0.0,0.0,0.20337288,0.88877535,0.022701493,0.0,0.0
CDevo-CS-BV-CA,24,0.15337527,0.0,0.0,0.10732621,0.8739276,0.018629944,0.0,0.0
CDevo-CS-DP-CA,0,0.0025,0.0,0.0,0.0025,0.0,0.0025,0.0025,0.0
CDevo-CS-DP-CA,12,0.1964852,0.0,0.0,0.33611348,0.0,0.018583255,0.20057802,0.0
CDevo-CS-DP-CA,24,0.3021168,0.0,0.0,0.31658947,0.0,0.0025800378,0.20248072,0.0
DP-BT-BV-CA,0,0.0025,0.0025,0.0,0.0,0.0025,0.0,0.0025,0.0
DP-BT-BV-CA,12,0.013663475,1.0819861,0.0,0.0,0.074672766,0.0,0.026263041,0.0
DP-BT-BV-CA,24,0.02462928,1.0398755,0.0,0.0,0.039808296,0.0,0.010979119,0.0
