Treatments,Time,CA,BT,BU,CD,BV,CS,DP,CH
CDevo-BV,0,0.0,0.0,0.0,0.005,0.005,0.0,0.0,0.0
CDevo-BV,12,0.0,0.0,0.0,0.14248036,1.0767399,0.0,0.0,0.0
CDevo-BV,24,0.0,0.0,0.0,0.07153213,1.0597608,0.0,0.0,0.0
CDevo-CA,0,0.005,0.0,0.0,0.005,0.0,0.0,0.0,0.0
CDevo-CA,12,0.2157337,0.0,0.0,0.50674003,0.0,0.0,0.0,0.0
CDevo-CA,24,0.2757603,0.0,0.0,0.47174305,0.0,0.0,0.0,0.0
CDevo-CS-DP-BT,0,0.0,0.0025,0.0,0.0025,0.0,0.0025,0.0025,0.0
CDevo-CS-DP-BT,12,0.0,1.1283727,0.0,0.041139264,0.0,0.0012708695,0.01799717,0.0
CDevo-CS-DP-BT,24,0.0,1.0721205,0.0,0.029252056,0.0,8.300055e-05,0.0053624082,0.0
