Treatments,Time,CA,BT,BU,CD,BV,CS,DP,CH
CDevo-CS-CH-DP-BU-BV,0,0.0,0.0,0.001666667,0.001666667,0.001666667,0.001666667,0.001666667,0.001666667
CDevo-CS-CH-DP-BU-BV,12,0.0,0.0,0.02331592,0.0016619287,0.0016694937,0.0016640573,0.0016646634,0.0016673524
CDevo-CS-CH-DP-BU-BV,24,0.0,0.0,0.3172781,0.0016575808,0.0016718529,0.0016614059,0.0016626702,0.0016675937
CS-BT-BU-BV,0,0.0,0.0025,0.0025,0.0,0.0025,0.0025,0.0,0.0
CS-BT-BU-BV,12,0.0,0.002507377,0.034936007,0.0,0.002504205,0.0024961014,0.0,0.0
CS-BT-BU-BV,24,0.0,0.0025152173,0.46853867,0.0,0.0025073697,0.0024921084,0.0,0.0
CS-BT-BV-CA,0,0.0025,0.0025,0.0,0.0,0.0025,0.0025,0.0,0.0
CS-BT-BV-CA,12,0.002499009,0.002507337,0.0,0.0,0.0025042938,0.0024961212,0.0,0.0
CS-BT-BV-CA,24,0.0024980186,0.0025146941,0.0,0.0,0.0025085951,0.0024922502,0.0,0.0
