Treatments,Time,CA,BT,BU,CD,BV,CS,DP,CH
CS-CH-DP-BT-BU,0,0.0,0.002,0.002,0.0,0.0,0.002,0.002,0.002
CS-CH-DP-BT-BU,12,0.0,0.8652302,0.29438597,0.0,0.0,0.0075798463,0.0061404,0.0048157535
CS-CH-DP-BT-BU,24,0.0,0.8435946,0.27426106,0.0,0.0,0.00466757,0.00082111097,0.00044081954
CS-DP-BT-BU-BV,0,0.0,0.002,0.002,0.0,0.002,0.002,0.002,0.0
CS-DP-BT-BU-BV,12,0.0,0.81263095,0.29507917,0.0,0.053956915,0.002203436,0.010831817,0.0
CS-DP-BT-BU-BV,24,0.0,0.815372,0.28294587,0.0,0.020120855,0.00041260105,0.0015625532,0.0
CS-DP-BT-BV-CA,0,0.002,0.002,0.0,0.0,0.002,0.002,0.002,0.0
CS-DP-BT-BV-CA,12,0.009699868,1.0628515,0.0,0.0,0.0703985,0.0017599091,0.015614188,0.0
CS-DP-BT-BV-CA,24,0.025591182,1.0291096,0.0,0.0,0.039791968,0.0002086367,0.0027297141,0.0
