Treatments,Time,CA,BT,BU,CD,BV,CS,DP,CH
CDevo-CA,0,0.005,0.0,0.0,0.005,0.0,0.0,0.0,0.0
CDevo-CA,12,0.0050002397,0.0,0.0,0.0049926476,0.0,0.0,0.0,0.0
CDevo-CA,24,0.00500048,0.0,0.0,0.004985305,0.0,0.0,0.0,0.0
CDevo-CS-BV-CA,0,0.0025,0.0,0.0,0.0025,0.0025,0.0025,0.0,0.0
CDevo-CS-BV-CA,12,0.002500113,0.0,0.0,0.0024963312,0.002501758,0.0025021124,0.0,0.0
CDevo-CS-BV-CA,24,0.0025002265,0.0,0.0,0.0024926686,0.0025035182,0.002504226,0.0,0.0
CDevo-CS-DP-BU,0,0.0,0.0,0.0025,0.0025,0.0,0.0025,0.0025,0.0
CDevo-CS-DP-BU,12,0.0,0.0,0.03882156,0.0024963757,0.0,0.0025020142,0.0025159342,0.0
CDevo-CS-DP-BU,24,0.0,0.0,0.5722368,0.0024936951,0.0,0.0025023953,0.0025315143,0.0
