Treatments,Time,CA,BT,BU,CD,BV,CS,DP,CH
CDevo-BV,0,0.0,0.0,0.0,0.005,0.005,0.0,0.0,0.0
CDevo-BV,12,0.0,0.0,0.0,0.13255337,1.0322145,0.0,0.0,0.0
CDevo-BV,24,0.0,0.0,0.0,0.04345284,1.0503178,0.0,0.0,0.0
CDevo-CH-DP-BT-BU,0,0.0,0.002,0.002,0.002,0.0,0.0,0.002,0.002
CDevo-CH-DP-BT-BU,12,0.0,0.88190967,0.29510593,0.012820172,0.0,0.0,9.2935825e-06,0.008006695
CDevo-CH-DP-BT-BU,24,0.0,0.8729986,0.25783053,0.0015780599,0.0,0.0,0.0012492415,0.0015188316
CS-DP-BT-BU-BV-CA,0,0.001666667,0.001666667,0.001666667,0.0,0.001666667,0.001666667,0.001666667,0.0
CS-DP-BT-BU-BV-CA,12,0.00804882,0.81568485,0.27557707,0.0,0.06576415,0.0015156728,1.8602534e-05,0.0
CS-DP-BT-BU-BV-CA,24,0.014263506,0.8677378,0.23275834,0.0,0.0340163,4.5209184e-05,0.0049685757,0.0
