Treatments,Time,CA,BT,BU,CD,BV,CS,DP,CH
CDevo-CS-DP-CA,0,0.0025,0.0,0.0,0.0025,0.0,0.0025,0.0025,0.0
CDevo-CS-DP-CA,12,0.043553945,0.0,0.0,0.34789565,0.0,0.023955068,0.20634998,0.0
CDevo-CS-DP-CA,24,0.28306207,0.0,0.0,0.34106752,0.0,0.0026054804,0.21823944,0.0
CS-CH-BT-BU,0,0.0,0.0025,0.0025,0.0,0.0,0.0025,0.0,0.0025
CS-CH-BT-BU,12,0.0,0.83874995,0.31768742,0.0,0.0,0.002759443,0.0,0.008054381
CS-CH-BT-BU,24,0.0,0.8300554,0.28581244,0.0,0.0,0.0001713381,0.0,0.00039183354
CS-CH-DP-BU,0,0.0,0.0,0.0025,0.0,0.0,0.0025,0.0025,0.0025
CS-CH-DP-BU,12,0.0,0.0,0.9699243,0.0,0.0,0.04927844,0.041031968,0.06929431
CS-CH-DP-BU,24,0.0,0.0,0.9400121,0.0,0.0,0.2515166,0.024058588,0.25041264
