Treatments,Time,CA,BT,BU,CD,BV,CS,DP,CH
CDevo-CH,0,0.0,0.0,0.0,0.005,0.0,0.0,0.0,0.005
CDevo-CH,12,0.0,0.0,0.0,0.5494595,0.0,0.0,0.0,0.06321897
CDevo-CH,24,0.0,0.0,0.0,0.58847,0.0,0.0,0.0,0.008366675
CDevo-CS-CA,0,0.003333333,0.0,0.0,0.003333333,0.0,0.003333333,0.0,0.0
CDevo-CS-CA,12,0.026618052,0.0,0.0,0.49744785,0.0,0.047241166,0.0,0.0
CDevo-CS-CA,24,0.41235653,0.0,0.0,0.4072752,0.0,0.055202372,0.0,0.0
CH-BU-BV-CA,0,0.0025,0.0,0.0025,0.0,0.0025,0.0,0.0,0.0025
CH-BU-BV-CA,12,0.013112061,0.0,0.7481669,0.0,0.2594545,0.0,0.0,0.06196846
CH-BU-BV-CA,24,0.05646871,0.0,0.6238975,0.0,0.37313,0.0,0.0,0.065734126
