Treatments,Time,CA,BT,BU,CD,BV,CS,DP,CH
CDevo-CS-CH-DP-BT-BU-BV-CA,0,0.00125,0.00125,0.00125,0.00125,0.00125,0.00125,0.00125,0.00125
CDevo-CS-CH-DP-BT-BU-BV-CA,12,0.006180969,0.8522198,0.25236508,0.013582799,0.072837956,0.0026195275,0.0048355954,0.008703594
CDevo-CS-CH-DP-BT-BU-BV-CA,24,0.009930532,0.8491082,0.24092272,0.0015926809,0.04361628,0.00036460318,0.000546928,0.0022386205
CS-DP-BT-BV-CA,0,0.002,0.002,0.0,0.0,0.002,0.002,0.002,0.0
CS-DP-BT-BV-CA,12,0.009165958,1.0703081,0.0,0.0,0.078993216,0.0061217416,0.020268383,0.0
CS-DP-BT-BV-CA,24,0.019487977,1.0421988,0.0,0.0,0.04441299,0.003181334,0.0078011723,0.0
CS-DP-BU-CA,0,0.0025,0.0,0.0025,0.0,0.0,0.0025,0.0025,0.0
CS-DP-BU-CA,12,0.018032476,0.0,0.84618586,0.0,0.0,0.03148646,0.06261339,0.0
CS-DP-BU-CA,24,0.11013374,0.0,0.7744076,0.0,0.0,0.047074765,0.0642414,0.0
