Treatments,Time,CA,BT,BU,CD,BV,CS,DP,CH
CDevo-CH,0,0.0,0.0,0.0,0.005,0.0,0.0,0.0,0.005
CDevo-CH,12,0.0,0.0,0.0,0.53119445,0.0,0.0,0.0,0.05697844
CDevo-CH,24,0.0,0.0,0.0,0.5919621,0.0,0.0,0.0,0.003953961
CDevo-CS-DP-BU-BV,0,0.0,0.0,0.002,0.002,0.002,0.002,0.002,0.0
CDevo-CS-DP-BU-BV,12,0.0,0.0,0.6555292,0.09076553,0.32125998,0.005767105,0.04264111,0.0
CDevo-CS-DP-BU-BV,24,0.0,0.0,0.34388673,0.052518956,0.6878025,0.00043829455,0.03814876,0.0
CS-DP-BT-BV-CA,0,0.002,0.002,0.0,0.0,0.002,0.002,0.002,0.0
CS-DP-BT-BV-CA,12,0.010476874,1.0606127,0.0,0.0,0.08427786,0.000679888,0.02037742,0.0
CS-DP-BT-BV-CA,24,0.022627752,1.0323732,0.0,0.0,0.040999744,2.5982637e-05,0.011315637,0.0
