Treatments,Time,CA,BT,BU,CD,BV,CS,DP,CH
CDevo-CH-DP-CA,0,0.0025,0.0,0.0,0.0025,0.0,0.0,0.0025,0.0025
CDevo-CH-DP-CA,12,0.022320073,0.0,0.0,0.41591266,0.0,0.0,0.18537197,0.036387596
CDevo-CH-DP-CA,24,0.15796405,0.0,0.0,0.33264542,0.0,0.0,0.25756782,0.0045175157
CS-BT-BV-CA,0,0.0025,0.0025,0.0,0.0,0.0025,0.0025,0.0,0.0
CS-BT-BV-CA,12,0.0065463227,1.0294571,0.0,0.0,0.14079857,0.01955703,0.0,0.0
CS-BT-BV-CA,24,0.0058872723,1.0899392,0.0,0.0,0.08103354,0.02905142,0.0,0.0
CS-CH-BV-CA,0,0.0025,0.0,0.0,0.0,0.0025,0.0025,0.0,0.0025
CS-CH-BV-CA,12,0.02324547,0.0,0.0,0.0,0.83307314,0.036275398,0.0,0.13240413
CS-CH-BV-CA,24,0.14012147,0.0,0.0,0.0,0.8518084,0.012510801,0.0,0.050149664
