Treatments,Time,CA,BT,BU,CD,BV,CS,DP,CH
CDevo-CH-DP-CA,0,0.0025,0.0,0.0,0.0025,0.0,0.0,0.0025,0.0025
CDevo-CH-DP-CA,12,0.0024976376,0.0,0.0,0.0024932553,0.0,0.0,0.0025006805,0.0025071292
CDevo-CH-DP-CA,24,0.0024952772,0.0,0.0,0.002486529,0.0,0.0,0.002501362,0.0025142783
CDevo-CS,0,0.0,0.0,0.0,0.005,0.0,0.005,0.0,0.0
CDevo-CS,12,0.0,0.0,0.0,0.0049865097,0.0,0.0050063287,0.0,0.0
CDevo-CS,24,0.0,0.0,0.0,0.00497305,0.0,0.005012666,0.0,0.0
CH-DP-BU-CA,0,0.0025,0.0,0.0025,0.0,0.0,0.0,0.0025,0.0025
CH-DP-BU-CA,12,0.0024976067,0.0,0.0024925945,0.0,0.0,0.0,0.002500671,0.0025070983
CH-DP-BU-CA,24,0.0024952176,0.0,0.0024852115,0.0,0.0,0.0,0.0025013431,0.0025142161
