Treatments,Time,CA,BT,BU,CD,BV,CS,DP,CH
CS-CH-BT-CA,0,0.0025,0.0025,0.0,0.0,0.0,0.0025,0.0,0.0025
CS-CH-BT-CA,12,0.011470315,1.061583,0.0,0.0,0.0,0.012012416,0.0,0.029729683
CS-CH-BT-CA,24,0.035999697,1.0656561,0.0,0.0,0.0,0.016052969,0.0,0.057182558
CS-CH-DP-BT-BU-BV-CA,0,0.001428571,0.001428571,0.001428571,0.0,0.001428571,0.001428571,0.001428571,0.001428571
CS-CH-DP-BT-BU-BV-CA,12,0.0073978677,0.8269953,0.2770878,0.0,0.06093604,0.0064650704,0.011112341,0.01566801
CS-CH-DP-BT-BU-BV-CA,24,0.027611557,0.86709785,0.25306192,0.0,0.03358595,0.0073124263,0.008049107,0.025831271
CS-DP-BT-BU,0,0.0,0.0025,0.0025,0.0,0.0,0.0025,0.0025,0.0
CS-DP-BT-BU,12,0.0,0.8299033,0.31478718,0.0,0.0,0.010274819,0.01594774,0.0
CS-DP-BT-BU,24,0.0,0.85899335,0.28404325,0.0,0.0,0.011826433,0.0115944985,0.0
