Treatments,Time,CA,BT,BU,CD,BV,CS,DP,CH
CDevo-CS,0,0.0,0.0,0.0,0.005,0.0,0.005,0.0,0.0
CDevo-CS,12,0.0,0.0,0.0,0.45751697,0.0,0.046227917,0.0,0.0
CDevo-CS,24,0.0,0.0,0.0,0.5315942,0.0,0.09536481,0.0,0.0
CDevo-CS-DP-CA,0,0.0025,0.0,0.0,0.0025,0.0,0.0025,0.0025,0.0
CDevo-CS-DP-CA,12,0.01460347,0.0,0.0,0.38398916,0.0,0.028830051,0.119040474,0.0
CDevo-CS-DP-CA,24,0.11421346,0.0,0.0,0.45636025,0.0,0.080483004,0.32997197,0.0
CDevo-DP-BT-CA,0,0.0025,0.0025,0.0,0.0025,0.0,0.0,0.0025,0.0
CDevo-DP-BT-CA,12,0.008872792,1.0746981,0.0,0.039749846,0.0,0.0,0.018080847,0.0
CDevo-DP-BT-CA,24,0.0205593,1.0785716,0.0,0.021453168,0.0,0.0,0.014509469,0.0
