Treatments,Time,CA,BT,BU,CD,BV,CS,DP,CH
CDevo-BT,0,0.0,0.005,0.0,0.005,0.0,0.0,0.0,0.0
CDevo-BT,24,0.0,1.7447889,0.0,0.0050168587,0.0,0.0,0.0,0.0
CDevo-BV,0,0.0,0.0,0.0,0.005,0.005,0.0,0.0,0.0
CDevo-BV,12,0.0,0.0,0.0,0.0050083813,0.005001988,0.0,0.0,0.0
CDevo-BV,24,0.0,0.0,0.0,0.005016778,0.005003976,0.0,0.0,0.0
CDevo-CS-DP-BT,0,0.0,0.0025,0.0,0.0025,0.0,0.0025,0.0025,0.0
CDevo-CS-DP-BT,12,0.0,0.0526517,0.0,0.0025041946,0.0,0.0024962807,0.0024919335,0.0
CDevo-CS-DP-BT,24,0.0,0.9809031,0.0,0.0025084103,0.0,0.0024915992,0.0024824725,0.0
