Treatments,Time,CA,BT,BU,CD,BV,CS,DP,CH
CS-BT-BU-CA,0,0.0025,0.0025,0.0025,0.0,0.0,0.0025,0.0,0.0
CS-BT-BU-CA,12,0.01581647,0.7634245,0.3730017,0.0,0.0,0.0033653849,0.0,0.0
CS-BT-BU-CA,24,0.02938236,0.81790453,0.30353016,0.0,0.0,0.00019173045,0.0,0.0
CS-CH-DP-BU-BV-CA,0,0.001666667,0.0,0.001666667,0.0,0.001666667,0.001666667,0.001666667,0.001666667
CS-CH-DP-BU-BV-CA,12,0.033195592,0.0,0.753913,0.0,0.26459768,0.009777196,0.02556138,0.024259737
CS-CH-DP-BU-BV-CA,24,0.110095315,0.0,0.5475698,0.0,0.4137784,0.011329758,0.0013694533,0.018193666
CS-DP-BT-BV,0,0.0,0.0025,0.0,0.0,0.0025,0.0025,0.0025,0.0
CS-DP-BT-BV,12,0.0,1.0945792,0.0,0.0,0.050736576,0.0074667,0.023341095,0.0
CS-DP-BT-BV,24,0.0,1.0464826,0.0,0.0,0.021554738,0.006538888,0.005900051,0.0
