Treatments,Time,CA,BT,BU,CD,BV,CS,DP,CH
CDevo-BU,0,0.0,0.0,0.005,0.005,0.0,0.0,0.0,0.0
CDevo-BU,12,0.0,0.0,0.88951373,0.15299836,0.0,0.0,0.0,0.0
CDevo-BU,24,0.0,0.0,0.89687645,0.14555165,0.0,0.0,0.0,0.0
CS-CH-DP-BU-BV-CA,0,0.001666667,0.0,0.001666667,0.0,0.001666667,0.001666667,0.001666667,0.001666667
CS-CH-DP-BU-BV-CA,12,0.014596655,0.0,0.75532115,0.0,0.28287753,0.014124216,0.029350897,0.026089732
CS-CH-DP-BU-BV-CA,24,0.10595097,0.0,0.45306095,0.0,0.51134276,0.016560256,0.010168895,0.009213491
DP-BT-BU-BV,0,0.0,0.0025,0.0025,0.0,0.0025,0.0,0.0025,0.0
DP-BT-BU-BV,12,0.0,0.806831,0.29318756,0.0,0.071167015,0.0,0.0103527615,0.0
DP-BT-BU-BV,24,0.0,0.83458346,0.25959247,0.0,0.033892196,0.0,0.0013279471,0.0
