Treatments,Time,CA,BT,BU,CD,BV,CS,DP,CH
CDevo-CH,0,0.0,0.0,0.0,0.005,0.0,0.0,0.0,0.005
CDevo-CH,12,0.0,0.0,0.0,0.52770907,0.0,0.0,0.0,0.054966424
CDevo-CH,24,0.0,0.0,0.0,0.5707705,0.0,0.0,0.0,0.006469663
CS-CH-BV-CA,0,0.0025,0.0,0.0,0.0,0.0025,0.0025,0.0,0.0025
CS-CH-BV-CA,12,0.0943833,0.0,0.0,0.0,0.84977925,0.037639216,0.0,0.0900225
CS-CH-BV-CA,24,0.19326423,0.0,0.0,0.0,0.85781246,0.051830787,0.0,0.07054587
DP-BT-BU-BV-CA,0,0.002,0.002,0.002,0.0,0.002,0.0,0.002,0.0
DP-BT-BU-BV-CA,12,0.015955597,0.79392165,0.29370278,0.0,0.06712277,0.0,0.005812648,0.0
DP-BT-BU-BV-CA,24,0.022575244,0.81002027,0.29157236,0.0,0.03550577,0.0,0.00033766148,0.0
