Treatments,Time,CA,BT,BU,CD,BV,CS,DP,CH
CDevo-CS-CH-DP-BU-BV,0,0.0,0.0,0.001666667,0.001666667,0.001666667,0.001666667,0.001666667,0.001666667
CDevo-CS-CH-DP-BU-BV,12,0.0,0.0,0.75465184,0.06686139,0.2627842,0.009164146,0.003396233,0.009336386
CDevo-CS-CH-DP-BU-BV,24,0.0,0.0,0.5062283,0.023841409,0.4815457,0.0048354315,0.0400454,0.00044729418
CS-CH-BV-CA,0,0.0025,0.0,0.0,0.0,0.0025,0.0025,0.0,0.0025
CS-CH-BV-CA,12,0.09051311,0.0,0.0,0.0,0.86822283,0.0290572,0.0,0.06387266
CS-CH-BV-CA,24,0.16847958,0.0,0.0,0.0,0.87562007,0.027521867,0.0,0.00566167
CS-CH-DP-BT-BU-CA,0,0.001666667,0.001666667,0.001666667,0.0,0.0,0.001666667,0.001666667,0.001666667
CS-CH-DP-BT-BU-CA,12,0.008049656,0.8870548,0.28182703,0.0,0.0,0.010156874,0.0010356249,0.0073393784
CS-CH-DP-BT-BU-CA,24,0.012701399,0.89161474,0.24567488,0.0,0.0,0.011472962,0.002384013,0.0006667879
