Treatments,Time,CA,BT,BU,CD,BV,CS,DP,CH
CDevo-BT,0,0.0,0.005,0.0,0.005,0.0,0.0,0.0,0.0
CDevo-BT,24,0.0,0.005001972,0.0,0.0050256606,0.0,0.0,0.0,0.0
CDevo-CS-CH-DP-BU,0,0.0,0.0,0.002,0.002,0.0,0.002,0.002,0.002
CDevo-CS-CH-DP-BU,12,0.0,0.0,0.0020061259,0.002005154,0.0,0.002001341,0.0019995328,0.0019992697
CDevo-CS-CH-DP-BU,24,0.0,0.0,0.00201227,0.0020103215,0.0,0.0020026835,0.0019990657,0.0019985393
CDevo-CS-DP-BT,0,0.0,0.0025,0.0,0.0025,0.0,0.0025,0.0025,0.0
CDevo-CS-DP-BT,12,0.0,0.002500487,0.0,0.0025064072,0.0,0.0025016493,0.002499438,0.0
CDevo-CS-DP-BT,24,0.0,0.0025009743,0.0,0.0025128308,0.0,0.0025032992,0.002498876,0.0
