Treatments,Time,CA,BT,BU,CD,BV,CS,DP,CH
CDevo-CS-DP-BV-CA,0,0.002,0.0,0.0,0.002,0.002,0.002,0.002,0.0
CDevo-CS-DP-BV-CA,12,0.002005573,0.0,0.0,0.001999315,0.002003229,0.0019997093,0.0019985521,0.0
CDevo-CS-DP-BV-CA,24,0.0020111618,0.0,0.0,0.0019986304,0.0020064628,0.0019994187,0.0019971044,0.0
CS-CH-DP-BT-BU-BV-CA,0,0.001428571,0.001428571,0.001428571,0.0,0.001428571,0.001428571,0.001428571,0.001428571
CS-CH-DP-BT-BU-BV-CA,12,0.0014325548,0.0014271633,0.0014254868,0.0,0.0014308704,0.0014283713,0.00142754,0.0014293131
CS-CH-DP-BT-BU-BV-CA,24,0.0014365497,0.001425757,0.0014224091,0.0,0.0014331742,0.0014281719,0.0014265092,0.0014300559
CS-CH-DP-BU-BV-CA,0,0.001666667,0.0,0.001666667,0.0,0.001666667,0.001666667,0.001666667,0.001666667
CS-CH-DP-BU-BV-CA,12,0.001671315,0.0,0.0016630718,0.0,0.0016693496,0.0016664271,0.0016654663,0.0016675311
CS-CH-DP-BU-BV-CA,24,0.0016759767,0.0,0.0016594843,0.0,0.0016720362,0.0016661875,0.001664266,0.0016683959
