Treatments,Time,CA,BT,BU,CD,BV,CS,DP,CH
CDevo-DP,0,0.0,0.0,0.0,0.005,0.0,0.0,0.005,0.0
CDevo-DP,12,0.0,0.0,0.0,0.0050072446,0.0,0.0,0.005004398,0.0
CDevo-DP,24,0.0,0.0,0.0,0.0050144996,0.0,0.0,0.0050088023,0.0
CDevo-DP-BT-BU-BV-CA,0,0.001666667,0.001666667,0.001666667,0.001666667,0.001666667,0.0,0.001666667,0.0
CDevo-DP-BT-BU-BV-CA,12,0.0016651092,0.0016619744,0.00166524,0.0016690668,0.0016681664,0.0,0.0016681423,0.0
CDevo-DP-BT-BU-BV-CA,24,0.0016635528,0.0016572945,0.0016638134,0.0016714705,0.0016696668,0.0,0.0016696189,0.0
CS-CH-BT-BU-CA,0,0.002,0.002,0.002,0.0,0.0,0.002,0.0,0.002
CS-CH-BT-BU-CA,12,0.0019981223,0.0019943665,0.0019982732,0.0,0.0,0.002002764,0.0,0.0019947393
CS-CH-BT-BU-CA,24,0.0019962478,0.0019887483,0.0019965498,0.0,0.0,0.0020055324,0.0,0.001989493
