Treatments,Time,CA,BT,BU,CD,BV,CS,DP,CH
CDevo-BT-BU-CA,0,0.0025,0.0025,0.0025,0.0025,0.0,0.0,0.0,0.0
CDevo-BT-BU-CA,12,0.016153209,0.77282125,0.36932057,0.043865018,0.0,0.0,0.0,0.0
CDevo-BT-BU-CA,24,0.05839719,0.7731121,0.32887185,0.0149372425,0.0,0.0,0.0,0.0
CDevo-CS-CH-CA,0,0.0025,0.0,0.0,0.0025,0.0,0.0025,0.0,0.0025
CDevo-CS-CH-CA,12,0.023780959,0.0,0.0,0.508429,0.0,0.043371286,0.0,0.062393155
CDevo-CS-CH-CA,24,0.23610769,0.0,0.0,0.4160371,0.0,0.041914757,0.0,0.0068466607
CH-DP-BV-CA,0,0.0025,0.0,0.0,0.0,0.0025,0.0,0.0025,0.0025
CH-DP-BV-CA,12,0.030163098,0.0,0.0,0.0,0.8926015,0.0,0.05944674,0.09303613
CH-DP-BV-CA,24,0.29377985,0.0,0.0,0.0,0.7985903,0.0,0.006841613,0.010601167
