Treatments,Time,CA,BT,BU,CD,BV,CS,DP,CH
CDevo-CS-CH-DP,0,0.0,0.0,0.0,0.0025,0.0,0.0025,0.0025,0.0025
CDevo-CS-CH-DP,12,0.0,0.0,0.0,0.38378525,0.0,0.027369667,0.08503878,0.06315935
CDevo-CS-CH-DP,24,0.0,0.0,0.0,0.4464761,0.0,0.076555304,0.3069929,0.08569737
CDevo-CS-DP-BV-CA,0,0.002,0.0,0.0,0.002,0.002,0.002,0.002,0.0
CDevo-CS-DP-BV-CA,12,0.013796834,0.0,0.0,0.16343765,0.9085854,0.015185125,0.039349265,0.0
CDevo-CS-DP-BV-CA,24,0.099229276,0.0,0.0,0.087154195,1.0747718,0.014751783,0.055984117,0.0
DP-BT-BV-CA,0,0.0025,0.0025,0.0,0.0,0.0025,0.0,0.0025,0.0
DP-BT-BV-CA,12,0.010284463,0.9969953,0.0,0.0,0.09531887,0.0,0.015819829,0.0
DP-BT-BV-CA,24,0.026664125,1.01878,0.0,0.0,0.06798522,0.0,0.0152751645,0.0
