Treatments,Time,CA,BT,BU,CD,BV,CS,DP,CH
CDevo-CH-DP-BT-BU,0,0.0,0.002,0.002,0.002,0.0,0.0,0.002,0.002
CDevo-CH-DP-BT-BU,12,0.0,0.8811181,0.29325116,0.010107854,0.0,0.0,0.00417706,0.0012393337
CDevo-CH-DP-BT-BU,24,0.0,0.8580264,0.2699425,0.0011813605,0.0,0.0,0.00032808405,5.304686e-05
CDevo-CS-DP-BU,0,0.0,0.0,0.0025,0.0025,0.0,0.0025,0.0025,0.0
CDevo-CS-DP-BU,12,0.0,0.0,0.99246347,0.12695885,0.0,0.002815057,0.03599808,0.0
CDevo-CS-DP-BU,24,0.0,0.0,0.9912486,0.1275913,0.0,6.164954e-05,0.011437481,0.0
CS-CH-DP-BU-BV,0,0.0,0.0,0.002,0.0,0.002,0.002,0.002,0.002
CS-CH-DP-BU-BV,12,0.0,0.0,0.7853402,0.0,0.2570908,0.013199356,0.018566746,0.024145927
CS-CH-DP-BU-BV,24,0.0,0.0,0.68102807,0.0,0.37163705,0.01780821,0.0018565829,0.015643125
