Treatments,Time,CA,BT,BU,CD,BV,CS,DP,CH
CH-DP-BT-BU,0,0.0,0.0025,0.0025,0.0,0.0,0.0,0.0025,0.0025
CH-DP-BT-BU,12,0.0,0.8564938,0.26088473,0.0,0.0,0.0,0.00042154436,0.00074470806
CH-DP-BT-BU,24,0.0,0.87237966,0.23566294,0.0,0.0,0.0,0.0011587169,5.496821e-07
CS-CH-BU-BV,0,0.0,0.0,0.0025,0.0,0.0025,0.0025,0.0,0.0025
CS-CH-BU-BV,12,0.0,0.0,0.80917543,0.0,0.23668389,0.0014924161,0.0,0.02427482
CS-CH-BU-BV,24,0.0,0.0,0.5922877,0.0,0.43697983,4.1455946e-06,0.0,0.0053948336
CS-CH-DP-BT-BU,0,0.0,0.002,0.002,0.0,0.0,0.002,0.002,0.002
CS-CH-DP-BT-BU,12,0.0,0.859161,0.28444612,0.0,0.0,0.0094926,0.00046254025,0.0005962456
CS-CH-DP-BT-BU,24,0.0,0.8745035,0.25899813,0.0,0.0,0.008003695,0.0024269153,2.745892e-07
