Treatments,Time,CA,BT,BU,CD,BV,CS,DP,CH
CDevo-CS-BT-BU-CA,0,0.002,0.002,0.002,0.002,0.0,0.002,0.0,0.0
CDevo-CS-BT-BU-CA,12,0.012910244,0.82508093,0.32928842,0.019073622,0.0,0.002251341,0.0,0.0
CDevo-CS-BT-BU-CA,24,0.023059703,0.8427649,0.282006,0.0015359466,0.0,0.00012454626,0.0,0.0
CDevo-CS-CH-DP-BT-BU-BV-CA,0,0.00125,0.00125,0.00125,0.00125,0.00125,0.00125,0.00125,0.00125
CDevo-CS-CH-DP-BT-BU-BV-CA,12,0.006632232,0.8574672,0.25531226,0.010161274,0.060689818,0.0016043606,0.006601271,0.005741532
CDevo-CS-CH-DP-BT-BU-BV-CA,24,0.009928354,0.8562641,0.23997329,0.0006431942,0.031618133,0.00011897994,0.00046678126,0.0007906595
CS-DP-BU-BV-CA,0,0.002,0.0,0.002,0.0,0.002,0.002,0.002,0.0
CS-DP-BU-BV-CA,12,0.037740596,0.0,0.7012744,0.0,0.3024964,0.008781086,0.04796076,0.0
CS-DP-BU-BV-CA,24,0.23257153,0.0,0.3697842,0.0,0.48297918,0.0025039152,0.016226342,0.0
