Treatments,Time,CA,BT,BU,CD,BV,CS,DP,CH
CS-CH-BU-BV,0,0.0,0.0,0.0025,0.0,0.0025,0.0025,0.0,0.0025
CS-CH-BU-BV,12,0.0,0.0,0.002494366,0.0,0.0024902313,0.0024987357,0.0,0.0024994106
CS-CH-BU-BV,24,0.0,0.0,0.002488743,0.0,0.0024805027,0.0024974735,0.0,0.0024988197
CS-CH-DP-BT-BU-BV-CA,0,0.001428571,0.001428571,0.001428571,0.0,0.001428571,0.001428571,0.001428571,0.001428571
CS-CH-DP-BT-BU-BV-CA,12,0.001428016,0.0014306032,0.0014253414,0.0,0.0014229849,0.0014278437,0.0014276773,0.0014282403
CS-CH-DP-BT-BU-BV-CA,24,0.0014274603,0.0014326397,0.0014221199,0.0,0.0014174213,0.0014271169,0.0014267849,0.0014279097
CS-CH-DP-CA,0,0.0025,0.0,0.0,0.0,0.0,0.0025,0.0025,0.0025
CS-CH-DP-CA,12,0.0024990165,0.0,0.0,0.0,0.0,0.0024987545,0.0024984074,0.0024994165
CS-CH-DP-CA,24,0.002498033,0.0,0.0,0.0,0.0,0.0024975094,0.0024968148,0.002498835
