Treatments,Time,CA,BT,BU,CD,BV,CS,DP,CH
CDevo-CH,0,0.0,0.0,0.0,0.005,0.0,0.0,0.0,0.005
CDevo-CH,12,0.0,0.0,0.0,0.04235068,0.0,0.0,0.0,0.004987202
CDevo-CH,24,0.0,0.0,0.0,0.34949943,0.0,0.0,0.0,0.004974904
CDevo-CS-DP-BU-BV,0,0.0,0.0,0.002,0.002,0.002,0.002,0.002,0.0
CDevo-CS-DP-BU-BV,12,0.0,0.0,0.0020314828,0.016976092,0.0020085583,0.0019998758,0.0019873648,0.0
CDevo-CS-DP-BU-BV,24,0.0,0.0,0.0020633247,0.1425836,0.002017192,0.0019999964,0.0019747582,0.0
CS-CH-BT-BU-CA,0,0.002,0.002,0.002,0.0,0.0,0.002,0.0,0.002
CS-CH-BT-BU-CA,12,0.0019992918,0.8460846,0.0020327608,0.0,0.0,0.002000295,0.0,0.0019949607
CS-CH-BT-BU-CA,24,0.0019986776,1.0057689,0.002070005,0.0,0.0,0.0020019715,0.0,0.0019902058
