Treatments,Time,CA,BT,BU,CD,BV,CS,DP,CH
CDevo-CH-BT-BU-BV,0,0.0,0.002,0.002,0.002,0.002,0.0,0.0,0.002
CDevo-CH-BT-BU-BV,12,0.0,0.7741528,0.32379478,0.01249874,0.08899691,0.0,0.0,0.006984067
CDevo-CH-BT-BU-BV,24,0.0,0.8060422,0.28399023,0.00082734064,0.048095725,0.0,0.0,0.0005156383
CDevo-CS-DP-BU,0,0.0,0.0,0.0025,0.0025,0.0,0.0025,0.0025,0.0
CDevo-CS-DP-BU,12,0.0,0.0,0.96723664,0.12869903,0.0,0.009971335,0.036536284,0.0
CDevo-CS-DP-BU,24,0.0,0.0,0.9721929,0.12396516,0.0,0.004115605,0.009025673,0.0
CDevo-CS-DP-BU-BV,0,0.0,0.0,0.002,0.002,0.002,0.002,0.002,0.0
CDevo-CS-DP-BU-BV,12,0.0,0.0,0.6496382,0.09020706,0.3505123,0.00932316,0.027714154,0.0
CDevo-CS-DP-BU-BV,24,0.0,0.0,0.37133184,0.05377798,0.6920242,0.004652219,0.0036738566,0.0
