Treatments,Time,CA,BT,BU,CD,BV,CS,DP,CH
CDevo-CH-BT-BU-BV,0,0.0,0.002,0.002,0.002,0.002,0.0,0.0,0.002
CDevo-CH-BT-BU-BV,12,0.0,0.7639748,0.32353827,0.013193752,0.0836055,0.0,0.0,0.0123708835
CDevo-CH-BT-BU-BV,24,0.0,0.8043387,0.28513947,0.001461684,0.04619117,0.0,0.0,0.003986512
CS-CH-DP-BT-BU-CA,0,0.001666667,0.001666667,0.001666667,0.0,0.0,0.001666667,0.001666667,0.001666667
CS-CH-DP-BT-BU-CA,12,0.0073978957,0.8731752,0.28874683,0.0,0.0,0.000700129,0.004212776,0.014179759
CS-CH-DP-BT-BU-CA,24,0.0098754885,0.8547315,0.26816958,0.0,0.0,2.9495865e-05,0.0002837435,0.0045015435
CS-DP-BT-BU-BV,0,0.0,0.002,0.002,0.0,0.002,0.002,0.002,0.0
CS-DP-BT-BU-BV,12,0.0,0.83076113,0.27143663,0.0,0.057974387,0.0007724285,0.013061116,0.0
CS-DP-BT-BU-BV,24,0.0,0.8360059,0.25717157,0.0,0.029776545,3.4281533e-05,0.002100381,0.0
