Treatments,Time,CA,BT,BU,CD,BV,CS,DP,CH
CDevo-CS,0,0.0,0.0,0.0,0.005,0.0,0.005,0.0,0.0
CDevo-CS,12,0.0,0.0,0.0,0.0050195614,0.0,0.039571878,0.0,0.0
CDevo-CS,24,0.0,0.0,0.0,0.0050393674,0.0,0.30748624,0.0,0.0
CDevo-CS-DP-CA,0,0.0025,0.0,0.0,0.0025,0.0,0.0025,0.0025,0.0
CDevo-CS-DP-CA,12,0.0024983145,0.0,0.0,0.002509776,0.0,0.019812379,0.0024953643,0.0
CDevo-CS-DP-CA,24,0.0024967035,0.0,0.0,0.002519632,0.0,0.15556982,0.0024909747,0.0
DP-BT-BU-BV,0,0.0,0.0025,0.0025,0.0,0.0025,0.0,0.0025,0.0
DP-BT-BU-BV,12,0.0,0.0025861782,0.00252794,0.0,0.0025014167,0.0,0.0024953333,0.0
DP-BT-BU-BV,24,0.0,0.002675326,0.0025561943,0.0,0.0025028342,0.0,0.0024906753,0.0
