Treatments,Time,CA,BT,BU,CD,BV,CS,DP,CH
CDevo-BT,0,0.0,0.005,0.0,0.005,0.0,0.0,0.0,0.0
CDevo-BT,24,0.0,1.0753895,0.0,0.06625887,0.0,0.0,0.0,0.0
CDevo-CH-BT-BU-BV,0,0.0,0.002,0.002,0.002,0.002,0.0,0.0,0.002
CDevo-CH-BT-BU-BV,12,0.0,0.7567151,0.3302889,0.009753524,0.08169155,0.0,0.0,0.0042526317
CDevo-CH-BT-BU-BV,24,0.0,0.8072054,0.28101277,0.0009018748,0.04233613,0.0,0.0,0.00026476948
CDevo-CS-BT-BU-BV,0,0.0,0.002,0.002,0.002,0.002,0.002,0.0,0.0
CDevo-CS-BT-BU-BV,12,0.0,0.73527354,0.32817307,0.011908698,0.09929619,0.00045491464,0.0,0.0
CDevo-CS-BT-BU-BV,24,0.0,0.8010279,0.2811091,0.0007975233,0.05195152,1.1932192e-06,0.0,0.0
