Treatments,Time,CA,BT,BU,CD,BV,CS,DP,CH
CDevo-CS-DP-BT,0,0.0,0.0025,0.0,0.0025,0.0,0.0025,0.0025,0.0
CDevo-CS-DP-BT,12,0.0,0.0025036004,0.0,0.0025012593,0.0,0.0025000637,0.0025033096,0.0
CDevo-CS-DP-BT,24,0.0,0.0025072072,0.0,0.0025025199,0.0,0.0025001275,0.0025066233,0.0
CS-CH-BV-CA,0,0.0025,0.0,0.0,0.0,0.0025,0.0025,0.0,0.0025
CS-CH-BV-CA,12,0.0025044687,0.0,0.0,0.0,0.0024925517,0.002500031,0.0,0.0025024947
CS-CH-BV-CA,24,0.0025089437,0.0,0.0,0.0,0.0024851249,0.0025000593,0.0,0.002504992
CS-CH-DP-BT-BU-CA,0,0.001666667,0.001666667,0.001666667,0.0,0.0,0.001666667,0.001666667,0.001666667
CS-CH-DP-BT-BU-CA,12,0.0016696614,0.0016690495,0.0016674282,0.0,0.0,0.0016666909,0.0016688798,0.0016683304
CS-CH-DP-BT-BU-CA,24,0.0016726608,0.001671436,0.0016681898,0.0,0.0,0.001666715,0.0016710956,0.0016699949
