Treatments,Time,CA,BT,BU,CD,BV,CS,DP,CH
CDevo-CS-BT-BV-CA,0,0.002,0.002,0.0,0.002,0.002,0.002,0.0,0.0
CDevo-CS-BT-BV-CA,12,0.008594139,1.0356526,0.0,0.0066180555,0.120722376,0.0021049927,0.0,0.0
CDevo-CS-BT-BV-CA,24,0.010147967,1.0170485,0.0,0.0002331492,0.07717832,0.00021609217,0.0,0.0
CS-CH-BU-BV,0,0.0,0.0,0.0025,0.0,0.0025,0.0025,0.0,0.0025
CS-CH-BU-BV,12,0.0,0.0,0.83629084,0.0,0.25582966,0.0004217056,0.0,0.06438198
CS-CH-BU-BV,24,0.0,0.0,0.7066677,0.0,0.37482867,1.4148983e-08,0.0,0.040515665
CS-CH-DP-BU-BV-CA,0,0.001666667,0.0,0.001666667,0.0,0.001666667,0.001666667,0.001666667,0.001666667
CS-CH-DP-BU-BV-CA,12,0.02766343,0.0,0.7564761,0.0,0.27151662,0.0004588981,0.031057581,0.032573357
CS-CH-DP-BU-BV-CA,24,0.10036425,0.0,0.5153918,0.0,0.4535496,1.4379506e-08,0.027906751,0.0066360533
