Treatments,Time,CA,BT,BU,CD,BV,CS,DP,CH
CDevo-CA,0,0.005,0.0,0.0,0.005,0.0,0.0,0.0,0.0
CDevo-CA,12,0.23595689,0.0,0.0,0.4544109,0.0,0.0,0.0,0.0
CDevo-CA,24,0.27964583,0.0,0.0,0.41946867,0.0,0.0,0.0,0.0
CDevo-CS-DP-BU-CA,0,0.002,0.0,0.002,0.002,0.0,0.002,0.002,0.0
CDevo-CS-DP-BU-CA,12,0.012834251,0.0,0.9169856,0.119469516,0.0,7.676985e-06,0.042673536,0.0
CDevo-CS-DP-BU-CA,24,0.03195904,0.0,0.93015,0.113938205,0.0,2.4057234e-11,0.0407194,0.0
CS-CH-DP-BT-BU-BV-CA,0,0.001428571,0.001428571,0.001428571,0.0,0.001428571,0.001428571,0.001428571,0.001428571
CS-CH-DP-BT-BU-BV-CA,12,0.0015291646,0.8349814,0.29411113,0.0,0.041237827,9.392137e-05,0.006045302,0.008480502
CS-CH-DP-BT-BU-BV-CA,24,0.005628606,0.86479616,0.2469405,0.0,0.008428629,0.0010108531,0.0007341095,0.0011243764
