Treatments,Time,CA,BT,BU,CD,BV,CS,DP,CH
CDevo-DP,0,0.0,0.0,0.0,0.005,0.0,0.0,0.005,0.0
CDevo-DP,12,0.0,0.0,0.0,0.4012376,0.0,0.0,0.21304159,0.0
CDevo-DP,24,0.0,0.0,0.0,0.34186953,0.0,0.0,0.28559956,0.0
CS-CH-DP-CA,0,0.0025,0.0,0.0,0.0,0.0,0.0025,0.0025,0.0025
CS-CH-DP-CA,12,0.091367446,0.0,0.0,0.0,0.0,0.03671289,0.13501358,0.26174483
CS-CH-DP-CA,24,0.19962716,0.0,0.0,0.0,0.0,0.0051843864,0.02204021,0.47118273
DP-BT-BU-BV-CA,0,0.002,0.002,0.002,0.0,0.002,0.0,0.002,0.0
DP-BT-BU-BV-CA,12,0.010994219,0.753934,0.32803178,0.0,0.067588545,0.0,0.0067002717,0.0
DP-BT-BU-BV-CA,24,0.012199222,0.7731507,0.32565024,0.0,0.03381852,0.0,0.00042723448,0.0
