Treatments,Time,CA,BT,BU,CD,BV,CS,DP,CH
CDevo-BU,0,0.0,0.0,0.005,0.005,0.0,0.0,0.0,0.0
CDevo-BU,12,0.0,0.0,0.9034796,0.16330762,0.0,0.0,0.0,0.0
CDevo-BU,24,0.0,0.0,0.90540516,0.17057775,0.0,0.0,0.0,0.0
CS-CH-DP-BU-BV-CA,0,0.001666667,0.0,0.001666667,0.0,0.001666667,0.001666667,0.001666667,0.001666667
CS-CH-DP-BU-BV-CA,12,0.03702598,0.0,0.7752328,0.0,0.23212996,0.0097036995,0.033146355,0.04879114
CS-CH-DP-BU-BV-CA,24,0.08373444,0.0,0.65707684,0.0,0.39804468,0.0044600386,0.019929437,0.053580213
DP-BT-BU-BV,0,0.0,0.0025,0.0025,0.0,0.0025,0.0,0.0025,0.0
DP-BT-BU-BV,12,0.0,0.8046844,0.28474492,0.0,0.06709678,0.0,0.007360976,0.0
DP-BT-BU-BV,24,0.0,0.82638395,0.26993263,0.0,0.037107684,0.0,0.0006348953,0.0
