Treatments,Time,CA,BT,BU,CD,BV,CS,DP,CH
CDevo-CS-CH-DP-BT-BU-BV-CA,0,0.00125,0.00125,0.00125,0.00125,0.00125,0.00125,0.00125,0.00125
CDevo-CS-CH-DP-BT-BU-BV-CA,12,0.005586766,0.7804091,0.3074983,0.027564876,0.06669209,0.0060835853,0.012310275,0.012069576
CDevo-CS-CH-DP-BT-BU-BV-CA,24,0.016968194,0.8047404,0.30630773,0.015033181,0.041805867,0.0073074345,0.0109827565,0.015742706
CS-DP-BT-BV-CA,0,0.002,0.002,0.0,0.0,0.002,0.002,0.002,0.0
CS-DP-BT-BV-CA,12,0.008171121,0.99688214,0.0,0.0,0.0954275,0.01075066,0.020507367,0.0
CS-DP-BT-BV-CA,24,0.021621315,1.0183977,0.0,0.0,0.068246804,0.01601494,0.022799795,0.0
CS-DP-BU-CA,0,0.0025,0.0,0.0025,0.0,0.0,0.0025,0.0025,0.0
CS-DP-BU-CA,12,0.014235951,0.0,0.94093096,0.0,0.0,0.017408686,0.033433493,0.0
CS-DP-BU-CA,24,0.07472989,0.0,0.9548715,0.0,0.0,0.03283749,0.038054384,0.0
