Treatments,Time,CA,BT,BU,CD,BV,CS,DP,CH
CDevo-BT,0,0.0,0.005,0.0,0.005,0.0,0.0,0.0,0.0
CDevo-BT,24,0.0,1.0619174,0.0,0.07048386,0.0,0.0,0.0,0.0
CDevo-DP-BT-CA,0,0.0025,0.0025,0.0,0.0025,0.0,0.0,0.0025,0.0
CDevo-DP-BT-CA,12,0.005854966,1.1264344,0.0,0.0469764,0.0,0.0,0.025068369,0.0
CDevo-DP-BT-CA,24,0.0021210574,1.1004369,0.0,0.028048547,0.0,0.0,0.02116259,0.0
CS-CH-DP-BU-BV,0,0.0,0.0,0.002,0.0,0.002,0.002,0.002,0.002
CS-CH-DP-BU-BV,12,0.0,0.0,0.7464117,0.0,0.2678625,0.012776755,0.031778067,0.057331957
CS-CH-DP-BU-BV,24,0.0,0.0,0.6208366,0.0,0.41598886,0.010063472,0.025219975,0.043520223
