Treatments,Time,CA,BT,BU,CD,BV,CS,DP,CH
CDevo-CS-DP-BV-CA,0,0.002,0.0,0.0,0.002,0.002,0.002,0.002,0.0
CDevo-CS-DP-BV-CA,12,0.06945534,0.0,0.0,0.1547666,0.8948496,0.012983938,0.053570885,0.0
CDevo-CS-DP-BV-CA,24,0.092733204,0.0,0.0,0.08142824,1.0055578,0.00403322,0.014934892,0.0
CS-CH-DP-BV-CA,0,0.002,0.0,0.0,0.0,0.002,0.002,0.002,0.002
CS-CH-DP-BV-CA,12,0.08636516,0.0,0.0,0.0,0.82148385,0.017183285,0.07773375,0.06749587
CS-CH-DP-BV-CA,24,0.11800497,0.0,0.0,0.0,0.94103056,0.008322098,0.038368233,0.008060856
CS-DP-BT-BU-BV-CA,0,0.001666667,0.001666667,0.001666667,0.0,0.001666667,0.001666667,0.001666667,0.0
CS-DP-BT-BU-BV-CA,12,0.010634681,0.83655375,0.26568848,0.0,0.062287223,0.0026401882,0.011172992,0.0
CS-DP-BT-BU-BV-CA,24,0.01285387,0.84750795,0.24514598,0.0,0.032198876,0.0003257147,0.0027132349,0.0
