Treatments,Time,CA,BT,BU,CD,BV,CS,DP,CH
CH-DP-BT-BU,0,0.0,0.0025,0.0025,0.0,0.0,0.0,0.0025,0.0025
CH-DP-BT-BU,12,0.0,0.8946418,0.26121256,0.0,0.0,0.0,0.0016921485,0.0072824424
CH-DP-BT-BU,24,0.0,0.8727354,0.24912149,0.0,0.0,0.0,7.328889e-05,0.000913566
CS-CH-BU-BV,0,0.0,0.0,0.0025,0.0,0.0025,0.0025,0.0,0.0025
CS-CH-BU-BV,12,0.0,0.0,0.8231056,0.0,0.26858497,0.014011782,0.0,0.053142186
CS-CH-BU-BV,24,0.0,0.0,0.7015301,0.0,0.3890118,0.012473061,0.0,0.032048464
CS-DP-BU-CA,0,0.0025,0.0,0.0025,0.0,0.0,0.0025,0.0025,0.0
CS-DP-BU-CA,12,0.023468936,0.0,0.8634142,0.0,0.0,0.023692999,0.04357541,0.0
CS-DP-BU-CA,24,0.08473368,0.0,0.839603,0.0,0.0,0.039171208,0.046591338,0.0
