Treatments,Time,CA,BT,BU,CD,BV,CS,DP,CH
CDevo-DP-BU-CA,0,0.0025,0.0,0.0025,0.0025,0.0,0.0,0.0025,0.0
CDevo-DP-BU-CA,12,0.020933872,0.0,0.9416916,0.0028177593,0.0,0.0,0.04360302,0.0
CDevo-DP-BU-CA,24,0.100794844,0.0,0.8064488,0.19296722,0.0,0.0,0.02418558,0.0
CH-DP-BT-BU,0,0.0,0.0025,0.0025,0.0,0.0,0.0,0.0025,0.0025
CH-DP-BT-BU,12,0.0,0.86153907,0.2888438,0.0,0.0,0.0,0.005571291,0.0068251067
CH-DP-BT-BU,24,0.0,0.84496045,0.2832877,0.0,0.0,0.0,0.00065593445,0.0021506632
CS-CH-DP-BU-BV-CA,0,0.001666667,0.0,0.001666667,0.0,0.001666667,0.001666667,0.001666667,0.001666667
CS-CH-DP-BU-BV-CA,12,0.010727595,0.0,0.757121,0.0,0.26614225,0.0061904755,0.032569658,0.033412267
CS-CH-DP-BU-BV-CA,24,0.05674243,0.0,0.5631501,0.0,0.45080194,0.00025878527,0.019267244,0.015507593
