Treatments,Time,CA,BT,BU,CD,BV,CS,DP,CH
CDevo-CH,0,0.0,0.0,0.0,0.005,0.0,0.0,0.0,0.005
CDevo-CH,12,0.0,0.0,0.0,0.58494896,0.0,0.0,0.0,0.0073143225
CDevo-CH,24,0.0,0.0,0.0,0.6177104,0.0,0.0,0.0,0.01694371
CDevo-CS-DP-BU-BV,0,0.0,0.0,0.002,0.002,0.002,0.002,0.002,0.0
CDevo-CS-DP-BU-BV,12,0.0,0.0,0.6885811,0.10341755,0.29152036,0.017093254,0.045251682,0.0
CDevo-CS-DP-BU-BV,24,0.0,0.0,0.489901,0.07740346,0.5252051,0.02430181,0.049573615,0.0
CS-DP-BT-BV-CA,0,0.002,0.002,0.0,0.0,0.002,0.002,0.002,0.0
CS-DP-BT-BV-CA,12,0.014850669,1.0713735,0.0,0.0,0.06983208,0.0029944438,0.01957727,0.0
CS-DP-BT-BV-CA,24,0.02913465,1.0425019,0.0,0.0,0.03287907,0.000911201,0.009008103,0.0
