Treatments,Time,CA,BT,BU,CD,BV,CS,DP,CH
CDevo-BT,0,0.0,0.005,0.0,0.005,0.0,0.0,0.0,0.0
CDevo-BT,24,0.0,1.8461925,0.0,0.0050349394,0.0,0.0,0.0,0.0
CDevo-CH-BT-BU-BV,0,0.0,0.002,0.002,0.002,0.002,0.0,0.0,0.002
CDevo-CH-BT-BU-BV,12,0.0,0.04308355,0.002005056,0.0020059776,0.0020015496,0.0,0.0,0.0019946527
CDevo-CH-BT-BU-BV,24,0.0,0.8453816,0.0020108256,0.0020127937,0.0020035913,0.0,0.0,0.0019881115
CDevo-CS-BT-BU-BV,0,0.0,0.002,0.002,0.002,0.002,0.002,0.0,0.0
CDevo-CS-BT-BU-BV,12,0.0,0.043083377,0.002005053,0.002005977,0.0020015547,0.0020011195,0.0,0.0
CDevo-CS-BT-BU-BV,24,0.0,0.84537464,0.0020108016,0.0020128032,0.0020036057,0.0020022443,0.0,0.0
