Treatments,Time,CA,BT,BU,CD,BV,CS,DP,CH
CDevo-CH-BT-BU-BV,0,0.0,0.002,0.002,0.002,0.002,0.0,0.0,0.002
CDevo-CH-BT-BU-BV,12,0.0,0.75226367,0.34581694,0.008268542,0.07779078,0.0,0.0,0.0037830274
CDevo-CH-BT-BU-BV,24,0.0,0.7810111,0.32238036,0.0006171418,0.035327837,0.0,0.0,0.00024154862
CDevo-CS-DP-BU,0,0.0,0.0,0.0025,0.0025,0.0,0.0025,0.0025,0.0
CDevo-CS-DP-BU,12,0.0,0.0,0.8890424,0.16285184,0.0,0.027606793,0.0604423,0.0
CDevo-CS-DP-BU,24,0.0,0.0,0.7150829,0.25366786,0.0,0.0652038,0.12671345,0.0
CDevo-CS-DP-BU-BV,0,0.0,0.0,0.002,0.002,0.002,0.002,0.002,0.0
CDevo-CS-DP-BU-BV,12,0.0,0.0,0.62895167,0.09124874,0.35102782,0.0045686956,0.043470647,0.0
CDevo-CS-DP-BU-BV,24,0.0,0.0,0.37474266,0.05416476,0.6540895,8.8832996e-05,0.03969126,0.0
