Treatments,Time,CA,BT,BU,CD,BV,CS,DP,CH
CDevo-CH-DP-BT-BU,0,0.0,0.002,0.002,0.002,0.0,0.0,0.002,0.002
CDevo-CH-DP-BT-BU,12,0.0,0.8328919,0.3166466,0.03812399,0.0,0.0,0.014013633,0.016246485
CDevo-CH-DP-BT-BU,24,0.0,0.8632387,0.28622085,0.024445584,0.0,0.0,0.01005243,0.022295583
CDevo-CS-CH-DP-BU,0,0.0,0.0,0.002,0.002,0.0,0.002,0.002,0.002
CDevo-CS-CH-DP-BU,12,0.0,0.0,0.93679184,0.1251475,0.0,0.010079567,0.028748078,0.022782018
CDevo-CS-CH-DP-BU,24,0.0,0.0,0.9522806,0.15866058,0.0,0.009483376,0.034995396,0.021576136
CS-CH-BT-BU,0,0.0,0.0025,0.0025,0.0,0.0,0.0025,0.0,0.0025
CS-CH-BT-BU,12,0.0,0.83078283,0.31983614,0.0,0.0,0.009407869,0.0,0.02288223
CS-CH-BT-BU,24,0.0,0.862063,0.2875629,0.0,0.0,0.009918177,0.0,0.036727097
