Treatments,Time,CA,BT,BU,CD,BV,CS,DP,CH
CDevo-CS-BT-BV-CA,0,0.002,0.002,0.0,0.002,0.002,0.002,0.0,0.0
CDevo-CS-BT-BV-CA,12,0.015773587,1.013322,0.0,0.01358026,0.119308926,0.0018184449,0.0,0.0
CDevo-CS-BT-BV-CA,24,0.018786393,0.99844295,0.0,0.0014205796,0.07759334,0.000109557775,0.0,0.0
CS-CH-BU-BV,0,0.0,0.0,0.0025,0.0,0.0025,0.0025,0.0,0.0025
CS-CH-BU-BV,12,0.0,0.0,0.87370527,0.0,0.22598189,0.002762802,0.0,0.087243594
CS-CH-BU-BV,24,0.0,0.0,0.83762777,0.0,0.25999787,2.17498e-05,0.0,0.07470186
CS-CH-DP-BU-BV-CA,0,0.001666667,0.0,0.001666667,0.0,0.001666667,0.001666667,0.001666667,0.001666667
CS-CH-DP-BU-BV-CA,12,0.027408596,0.0,0.79382175,0.0,0.23416822,0.0034575101,0.027763456,0.044194236
CS-CH-DP-BU-BV-CA,24,0.09331958,0.0,0.634061,0.0,0.3438095,4.5052715e-05,0.015213785,0.020023288
