Treatments,Time,CA,BT,BU,CD,BV,CS,DP,CH
CDevo-CH-DP-CA,0,0.0025,0.0,0.0,0.0025,0.0,0.0,0.0025,0.0025
CDevo-CH-DP-CA,12,0.2290451,0.0,0.0,0.37739417,0.0,0.0,0.16023748,0.036870386
CDevo-CH-DP-CA,24,0.3282136,0.0,0.0,0.29003,0.0,0.0,0.17897967,0.01627599
CS-BT-BV-CA,0,0.0025,0.0025,0.0,0.0,0.0025,0.0025,0.0,0.0
CS-BT-BV-CA,12,0.008709079,0.9717498,0.0,0.0,0.17930785,0.002563239,0.0,0.0
CS-BT-BV-CA,24,0.00883676,0.9702291,0.0,0.0,0.17330253,6.334913e-05,0.0,0.0
CS-CH-BV-CA,0,0.0025,0.0,0.0,0.0,0.0025,0.0025,0.0,0.0025
CS-CH-BV-CA,12,0.04227545,0.0,0.0,0.0,0.90721107,0.016670877,0.0,0.09089573
CS-CH-BV-CA,24,0.105470374,0.0,0.0,0.0,0.9302287,0.004488545,0.0,0.029079512
