Treatments,Time,CA,BT,BU,CD,BV,CS,DP,CH
CS-CH-DP-CA,0,0.0025,0.0,0.0,0.0,0.0,0.0025,0.0025,0.0025
CS-CH-DP-CA,12,0.08615007,0.0,0.0,0.0,0.0,0.0468881,0.18131602,0.15531832
CS-CH-DP-CA,24,0.412025,0.0,0.0,0.0,0.0,0.15242389,0.2554248,0.076500386
CS-DP-BT-BU-BV-CA,0,0.001666667,0.001666667,0.001666667,0.0,0.001666667,0.001666667,0.001666667,0.0
CS-DP-BT-BU-BV-CA,12,0.006637051,0.8367952,0.2673317,0.0,0.061429426,0.0014994553,0.0110688405,0.0
CS-DP-BT-BU-BV-CA,24,0.011004161,0.8308716,0.25811163,0.0,0.030732347,5.457452e-05,0.0015953768,0.0
CS-DP-BT-BV,0,0.0,0.0025,0.0,0.0,0.0025,0.0025,0.0025,0.0
CS-DP-BT-BV,12,0.0,1.1031826,0.0,0.0,0.059236225,0.0061803274,0.026428616,0.0
CS-DP-BT-BV,24,0.0,1.0646423,0.0,0.0,0.021409767,0.004517625,0.015280039,0.0
