Treatments,Time,CA,BT,BU,CD,BV,CS,DP,CH
CDevo-CS-BT-BV-CA,0,0.002,0.002,0.0,0.002,0.002,0.002,0.0,0.0
CDevo-CS-BT-BV-CA,12,0.0070755784,1.0158675,0.0,0.041841045,0.099362664,0.008665247,0.0,0.0
CDevo-CS-BT-BV-CA,24,0.015587326,1.0320532,0.0,0.02577051,0.078996904,0.009487029,0.0,0.0
CDevo-DP,0,0.0,0.0,0.0,0.005,0.0,0.0,0.005,0.0
CDevo-DP,12,0.0,0.0,0.0,0.44335175,0.0,0.0,0.11509801,0.0
CDevo-DP,24,0.0,0.0,0.0,0.44486618,0.0,0.0,0.35714597,0.0
CS-CH-DP-BV-CA,0,0.002,0.0,0.0,0.0,0.002,0.002,0.002,0.002
CS-CH-DP-BV-CA,12,0.01038298,0.0,0.0,0.0,0.8484009,0.022302086,0.034447663,0.055130348
CS-CH-DP-BV-CA,24,0.04778245,0.0,0.0,0.0,1.0533913,0.046644032,0.071036056,0.10149748
