Treatments,Time,CA,BT,BU,CD,BV,CS,DP,CH
CDevo-DP-BT-CA,0,0.0025,0.0025,0.0,0.0025,0.0,0.0,0.0025,0.0
CDevo-DP-BT-CA,12,0.01909962,1.0863078,0.0,0.03438949,0.0,0.0,0.010318499,0.0
CDevo-DP-BT-CA,24,0.02356319,1.030293,0.0,0.022446297,0.0,0.0,0.0008182266,0.0
CH-BU-BV-CA,0,0.0025,0.0,0.0025,0.0,0.0025,0.0,0.0,0.0025
CH-BU-BV-CA,12,0.0074736667,0.0,0.88402194,0.0,0.15044513,0.0,0.0,0.04440821
CH-BU-BV-CA,24,0.0024114663,0.0,0.82266605,0.0,0.18685406,0.0,0.0,0.019940294
CS-CH-DP-BT-BU,0,0.0,0.002,0.002,0.0,0.0,0.002,0.002,0.002
CS-CH-DP-BT-BU,12,0.0,0.8564791,0.30494046,0.0,0.0,0.0018290556,0.00021974905,0.003800451
CS-CH-DP-BT-BU,24,0.0,0.837589,0.29796755,0.0,0.0,8.958416e-05,9.536839e-09,9.187099e-05
