Treatments,Time,CA,BT,BU,CD,BV,CS,DP,CH
CDevo-BT,0,0.0,0.005,0.0,0.005,0.0,0.0,0.0,0.0
CDevo-BT,24,0.0,1.5200204,0.0,0.004992381,0.0,0.0,0.0,0.0
CDevo-BV,0,0.0,0.0,0.0,0.005,0.005,0.0,0.0,0.0
CDevo-BV,12,0.0,0.0,0.0,0.004998377,0.0049967794,0.0,0.0,0.0
CDevo-BV,24,0.0,0.0,0.0,0.0049967556,0.004993559,0.0,0.0,0.0
CS-DP-BU-BV-CA,0,0.002,0.0,0.002,0.0,0.002,0.002,0.002,0.0
CS-DP-BU-BV-CA,12,0.0020012571,0.0,0.0020066395,0.0,0.001998744,0.0020014672,0.0019972047,0.0
CS-DP-BU-BV-CA,24,0.0020025156,0.0,0.0020133003,0.0,0.001997489,0.0020029359,0.0019944138,0.0
