Treatments,Time,CA,BT,BU,CD,BV,CS,DP,CH
CH-DP-BU-CA,0,0.0025,0.0,0.0025,0.0,0.0,0.0,0.0025,0.0025
CH-DP-BU-CA,12,0.002513034,0.0,0.6005179,0.0,0.0,0.0,0.0025073623,0.015008422
CH-DP-BU-CA,24,0.0025301613,0.0,0.7981197,0.0,0.0,0.0,0.0025183796,0.08956975
CS-CH-DP-CA,0,0.0025,0.0,0.0,0.0,0.0,0.0025,0.0025,0.0025
CS-CH-DP-CA,12,0.0025119197,0.0,0.0,0.0,0.0,0.002480004,0.002506422,0.015007145
CS-CH-DP-CA,24,0.0025238127,0.0,0.0,0.0,0.0,0.0024603223,0.0025129344,0.08952673
CS-DP-BU-BV-CA,0,0.002,0.0,0.002,0.0,0.002,0.002,0.002,0.0
CS-DP-BU-BV-CA,12,0.00201032,0.0,0.5675048,0.0,0.001994971,0.0019842084,0.002005795,0.0
CS-DP-BU-BV-CA,24,0.0020240033,0.0,0.7980552,0.0,0.0019914005,0.0019694876,0.002014425,0.0
