Treatments,Time,CA,BT,BU,CD,BV,CS,DP,CH
CDevo-CS,0,0.0,0.0,0.0,0.005,0.0,0.005,0.0,0.0
CDevo-CS,12,0.0,0.0,0.0,0.51691854,0.0,0.05467156,0.0,0.0
CDevo-CS,24,0.0,0.0,0.0,0.50532377,0.0,0.08814849,0.0,0.0
CS-CH-BT-BU-BV-CA,0,0.001666667,0.001666667,0.001666667,0.0,0.001666667,0.001666667,0.0,0.001666667
CS-CH-BT-BU-BV-CA,12,0.010035685,0.7832208,0.3367535,0.0,0.05460388,0.0059732706,0.0,0.020092288
CS-CH-BT-BU-BV-CA,24,0.014066033,0.8306317,0.28640285,0.0,0.016288148,0.0013243867,0.0,0.004215591
CS-CH-BT-CA,0,0.0025,0.0025,0.0,0.0,0.0,0.0025,0.0,0.0025
CS-CH-BT-CA,12,0.048728738,1.0410053,0.0,0.0,0.0,0.0049039,0.0,0.039787337
CS-CH-BT-CA,24,0.093790784,1.0079958,0.0,0.0,0.0,0.00048207186,0.0,0.013777939
