Treatments,Time,CA,BT,BU,CD,BV,CS,DP,CH
CDevo-CS-CA,0,0.003333333,0.0,0.0,0.003333333,0.0,0.003333333,0.0,0.0
CDevo-CS-CA,12,0.06722508,0.0,0.0,0.45110255,0.0,0.04097127,0.0,0.0
CDevo-CS-CA,24,0.30145264,0.0,0.0,0.35764122,0.0,0.036342382,0.0,0.0
CDevo-CS-CH-CA,0,0.0025,0.0,0.0,0.0025,0.0,0.0025,0.0,0.0025
CDevo-CS-CH-CA,12,0.052193083,0.0,0.0,0.49133554,0.0,0.024966603,0.0,0.073322564
CDevo-CS-CH-CA,24,0.274048,0.0,0.0,0.40385118,0.0,0.018767525,0.0,0.014715752
CS-DP-BU-BV-CA,0,0.002,0.0,0.002,0.0,0.002,0.002,0.002,0.0
CS-DP-BU-BV-CA,12,0.03354734,0.0,0.72443783,0.0,0.26289853,0.014617052,0.046930388,0.0
CS-DP-BU-BV-CA,24,0.17331459,0.0,0.48127484,0.0,0.42097604,0.009971123,0.02451375,0.0
