Treatments,Time,CA,BT,BU,CD,BV,CS,DP,CH
CDevo-CS-DP-BV-CA,0,0.002,0.0,0.0,0.002,0.002,0.002,0.002,0.0
CDevo-CS-DP-BV-CA,12,0.056133147,0.0,0.0,0.124671094,0.94562083,0.012778321,0.017387712,0.0
CDevo-CS-DP-BV-CA,24,0.08563924,0.0,0.0,0.10533926,1.0043695,0.004188539,3.305416e-06,0.0
CS-CH-DP-BV-CA,0,0.002,0.0,0.0,0.0,0.002,0.002,0.002,0.002
CS-CH-DP-BV-CA,12,0.06592464,0.0,0.0,0.0,0.89467555,0.016315216,0.032071196,0.051613454
CS-CH-DP-BV-CA,24,0.106308796,0.0,0.0,0.0,0.93138963,0.0046017286,4.753217e-05,0.03427101
CS-DP-BT-BU-BV-CA,0,0.001666667,0.001666667,0.001666667,0.0,0.001666667,0.001666667,0.001666667,0.0
CS-DP-BT-BU-BV-CA,12,0.011050403,0.83870345,0.2636947,0.0,0.05333322,0.0008811249,0.014824914,0.0
CS-DP-BT-BU-BV-CA,24,0.019226804,0.83686084,0.25949997,0.0,0.023410989,8.449024e-05,0.0016850815,0.0
