Treatments,Time,CA,BT,BU,CD,BV,CS,DP,CH
CDevo-CS-CH-CA,0,0.0025,0.0,0.0,0.0025,0.0,0.0025,0.0,0.0025
CDevo-CS-CH-CA,12,0.331811,0.0,0.0,0.38011336,0.0,0.016587114,0.0,0.06839108
CDevo-CS-CH-CA,24,0.3231432,0.0,0.0,0.36762872,0.0,0.0074431836,0.0,0.04414421
CDevo-CS-DP-BT-BV-CA,0,0.001666667,0.001666667,0.0,0.001666667,0.001666667,0.001666667,0.001666667,0.0
CDevo-CS-DP-BT-BV-CA,12,0.0090963105,1.061061,0.0,0.009708499,0.11820119,0.0043948335,0.010717041,0.0
CDevo-CS-DP-BT-BV-CA,24,0.01532869,1.0234786,0.0,0.0008776143,0.069856614,0.0013106832,0.0056837383,0.0
CS-CH-BT-BU-BV-CA,0,0.001666667,0.001666667,0.001666667,0.0,0.001666667,0.001666667,0.0,0.001666667
CS-CH-BT-BU-BV-CA,12,0.006418744,0.769196,0.34752542,0.0,0.054896835,0.0018217748,0.0,0.0060764006
CS-CH-BT-BU-BV-CA,24,0.009789349,0.80437374,0.30733567,0.0,0.020734536,4.6146153e-05,0.0,0.00043920687
