Treatments,Time,CA,BT,BU,CD,BV,CS,DP,CH
CS-BT-BU-BV,0,0.0,0.0025,0.0025,0.0,0.0025,0.0025,0.0,0.0
CS-BT-BU-BV,12,0.0,0.74305385,0.33920273,0.0,0.07772968,0.010855591,0.0,0.0
CS-BT-BU-BV,24,0.0,0.80917054,0.29331243,0.0,0.04451966,0.0073499894,0.0,0.0
CS-CH-BT-BU-BV-CA,0,0.001666667,0.001666667,0.001666667,0.0,0.001666667,0.001666667,0.0,0.001666667
CS-CH-BT-BU-BV-CA,12,0.0072706533,0.773945,0.33790046,0.0,0.063196,0.007783587,0.0,0.019326162
CS-CH-BT-BU-BV-CA,24,0.017073493,0.8317329,0.28838453,0.0,0.030986952,0.0046561044,0.0,0.009482684
CS-DP-BT-BV,0,0.0,0.0025,0.0,0.0,0.0025,0.0025,0.0025,0.0
CS-DP-BT-BV,12,0.0,1.0627805,0.0,0.0,0.08751474,0.010177395,0.023500212,0.0
CS-DP-BT-BV,24,0.0,1.0603566,0.0,0.0,0.05028336,0.006209521,0.014972976,0.0
