Treatments,Time,CA,BT,BU,CD,BV,CS,DP,CH
CH-DP-BT-BU,0,0.0,0.0025,0.0025,0.0,0.0,0.0,0.0025,0.0025
CH-DP-BT-BU,12,0.0,0.87547916,0.27075148,0.0,0.0,0.0,0.0012405051,0.004736371
CH-DP-BT-BU,24,0.0,0.85000974,0.26456428,0.0,0.0,0.0,2.6077936e-05,0.00028039477
CS-CH-BU-BV,0,0.0,0.0,0.0025,0.0,0.0025,0.0025,0.0,0.0025
CS-CH-BU-BV,12,0.0,0.0,0.85062355,0.0,0.25063396,0.011735078,0.0,0.054724213
CS-CH-BU-BV,24,0.0,0.0,0.7698781,0.0,0.32675642,0.008061414,0.0,0.040256236
CS-DP-BU-CA,0,0.0025,0.0,0.0025,0.0,0.0,0.0025,0.0025,0.0
CS-DP-BU-CA,12,0.032752108,0.0,0.8123396,0.0,0.0,0.015990434,0.061651967,0.0
CS-DP-BU-CA,24,0.08144,0.0,0.71037245,0.0,0.0,0.014100731,0.102309145,0.0
