Treatments,Time,CA,BT,BU,CD,BV,CS,DP,CH
CS-CH-DP-BU-BV,0,0.0,0.0,0.002,0.0,0.002,0.002,0.002,0.002
CS-CH-DP-BU-BV,12,0.0,0.0,0.74384505,0.0,0.30075756,0.0014508764,0.027372438,0.04220573
CS-CH-DP-BU-BV,24,0.0,0.0,0.6473841,0.0,0.43533817,6.3738945e-08,0.0059019895,0.04665476
CS-DP-BT-BU-BV,0,0.0,0.002,0.002,0.0,0.002,0.002,0.002,0.0
CS-DP-BT-BU-BV,12,0.0,0.80474734,0.28122544,0.0,0.067906216,0.000445722,0.0024717562,0.0
CS-DP-BT-BU-BV,24,0.0,0.818402,0.2806713,0.0,0.03525774,1.2156696e-07,1.6262262e-05,0.0
DP-BT-BV-CA,0,0.0025,0.0025,0.0,0.0,0.0025,0.0,0.0025,0.0
DP-BT-BV-CA,12,0.012676774,1.0758597,0.0,0.0,0.07727002,0.0,0.019210586,0.0
DP-BT-BV-CA,24,0.028457763,1.0505201,0.0,0.0,0.040172644,0.0,0.0033848549,0.0
