Treatments,Time,CA,BT,BU,CD,BV,CS,DP,CH
CDevo-CS,0,0.0,0.0,0.0,0.005,0.0,0.005,0.0,0.0
CDevo-CS,12,0.0,0.0,0.0,0.05218805,0.0,0.0050044563,0.0,0.0
CDevo-CS,24,0.0,0.0,0.0,0.5259411,0.0,0.0050119963,0.0,0.0
CS-CH-BT-BU-CA,0,0.002,0.002,0.002,0.0,0.0,0.002,0.0,0.002
CS-CH-BT-BU-CA,12,0.010304416,0.8912065,0.0020167993,0.0,0.0,0.0020004888,0.0,0.0020069636
CS-CH-BT-BU-CA,24,0.05100586,1.0407821,0.0020323119,0.0,0.0,0.001997653,0.0,0.002011343
CS-CH-DP-BU-BV,0,0.0,0.0,0.002,0.0,0.002,0.002,0.002,0.002
CS-CH-DP-BU-BV,12,0.0,0.0,0.002017268,0.0,0.0019994907,0.0020016488,0.0103088105,0.0020077827
CS-CH-DP-BU-BV,24,0.0,0.0,0.0020347123,0.0,0.0019990313,0.0020033154,0.052952737,0.0020154628
