Treatments,Time,CA,BT,BU,CD,BV,CS,DP,CH
CDevo-CS-CH-DP,0,0.0,0.0,0.0,0.0025,0.0,0.0025,0.0025,0.0025
CDevo-CS-CH-DP,12,0.0,0.0,0.0,0.53561395,0.0,0.04611058,6.408437e-05,0.03299731
CDevo-CS-CH-DP,24,0.0,0.0,0.0,0.5296591,0.0,0.08640657,2.8253327e-05,0.0005391488
CH-DP-BT-BU-BV-CA,0,0.001666667,0.001666667,0.001666667,0.0,0.001666667,0.0,0.001666667,0.001666667
CH-DP-BT-BU-BV-CA,12,0.006452911,0.8170959,0.28777736,0.0,0.056679066,0.0,0.00019201102,0.01088415
CH-DP-BT-BU-BV-CA,24,0.0075349375,0.841858,0.27107698,0.0,0.025679585,0.0,0.0010180856,0.0013595122
CS-CH-DP-BU,0,0.0,0.0,0.0025,0.0,0.0,0.0025,0.0025,0.0025
CS-CH-DP-BU,12,0.0,0.0,0.97040486,0.0,0.0,0.04565245,0.0010542228,0.015288055
CS-CH-DP-BU,24,0.0,0.0,0.6045285,0.0,0.0,0.09337565,0.0989272,0.00061265734
