Treatments,Time,CA,BT,BU,CD,BV,CS,DP,CH
CDevo-CA,0,0.005,0.0,0.0,0.005,0.0,0.0,0.0,0.0
CDevo-CA,12,0.18989266,0.0,0.0,0.48692223,0.0,0.0,0.0,0.0
CDevo-CA,24,0.27207884,0.0,0.0,0.45473704,0.0,0.0,0.0,0.0
CS-CH-DP-BT-BU,0,0.0,0.002,0.002,0.0,0.0,0.002,0.002,0.002
CS-CH-DP-BT-BU,12,0.0,0.8660881,0.28326657,0.0,0.0,0.0036663003,0.0020862366,0.0133241955
CS-CH-DP-BT-BU,24,0.0,0.8472754,0.26620847,0.0,0.0,0.0005592215,8.970155e-05,0.0057595237
CS-DP-BT-BU,0,0.0,0.0025,0.0025,0.0,0.0,0.0025,0.0025,0.0
CS-DP-BT-BU,12,0.0,0.8470666,0.29486325,0.0,0.0,0.003860571,0.005939883,0.0
CS-DP-BT-BU,24,0.0,0.8260757,0.28441268,0.0,0.0,0.00050544145,0.0005861172,0.0
