Treatments,Time,CA,BT,BU,CD,BV,CS,DP,CH
CS-CH-DP-BT-BU-BV-CA,0,0.001428571,0.001428571,0.001428571,0.0,0.001428571,0.001428571,0.001428571,0.001428571
CS-CH-DP-BT-BU-BV-CA,12,0.0014257381,0.0014293997,0.0014259246,0.0,0.0014292221,0.0014251687,0.0014261771,0.0014335657
CS-CH-DP-BT-BU-BV-CA,24,0.0014229114,0.0014302292,0.0014232836,0.0,0.0014298724,0.0014217749,0.0014237866,0.0014385782
CS-CH-DP-BV-CA,0,0.002,0.0,0.0,0.0,0.002,0.002,0.002,0.002
CS-CH-DP-BV-CA,12,0.0019960357,0.0,0.0,0.0,0.0020009105,0.0019952315,0.0019966457,0.002006997
CS-CH-DP-BV-CA,24,0.00199208,0.0,0.0,0.0,0.0020018194,0.0019904727,0.0019932962,0.0020140184
CS-DP-BT-BV,0,0.0,0.0025,0.0,0.0,0.0025,0.0025,0.0025,0.0
CS-DP-BT-BV,12,0.0,0.002501457,0.0,0.0,0.002501128,0.0024940644,0.0024957976,0.0
CS-DP-BT-BV,24,0.0,0.0025029154,0.0,0.0,0.0025022575,0.0024881419,0.0024916034,0.0
