Treatments,Time,CA,BT,BU,CD,BV,CS,DP,CH
CDevo-CS-DP-BV-CA,0,0.002,0.0,0.0,0.002,0.002,0.002,0.002,0.0
CDevo-CS-DP-BV-CA,12,0.0019993118,0.0,0.0,0.020062812,0.0020052441,0.0019991072,0.0020010164,0.0
CDevo-CS-DP-BV-CA,24,0.0019978785,0.0,0.0,0.19710922,0.0020102938,0.0019979232,0.0020020728,0.0
CS-CH-DP-BT-BU-BV-CA,0,0.001428571,0.001428571,0.001428571,0.0,0.001428571,0.001428571,0.001428571,0.001428571
CS-CH-DP-BT-BU-BV-CA,12,0.0014277907,0.81840956,0.295836,0.0,0.0014331124,0.0014280087,0.0014293665,0.0014288508
CS-CH-DP-BT-BU-BV-CA,24,0.0014262615,0.9164579,0.31505445,0.0,0.00143959,0.0014277986,0.0014303218,0.0014291652
CS-CH-DP-BU-BV-CA,0,0.001666667,0.0,0.001666667,0.0,0.001666667,0.001666667,0.001666667,0.001666667
CS-CH-DP-BU-BV-CA,12,0.001665276,0.0,0.7053605,0.0,0.0016709609,0.0016658028,0.0016681757,0.0016674253
CS-CH-DP-BU-BV-CA,24,0.0016602757,0.0,0.9509276,0.0,0.0016748947,0.0016643287,0.0016724129,0.001670418
