Treatments,Time,CA,BT,BU,CD,BV,CS,DP,CH
CDevo-CH-DP-BT-BU,0,0.0,0.002,0.002,0.002,0.0,0.0,0.002,0.002
CDevo-CH-DP-BT-BU,12,0.0,0.8860557,0.27091992,0.015861407,0.0,0.0,0.004049652,0.0041578077
CDevo-CH-DP-BT-BU,24,0.0,0.8660012,0.26099017,0.0026897532,0.0,0.0,0.00038757667,0.00041160162
CDevo-CH-DP-CA,0,0.0025,0.0,0.0,0.0025,0.0,0.0,0.0025,0.0025
CDevo-CH-DP-CA,12,0.16280168,0.0,0.0,0.41042486,0.0,0.0,0.16433722,0.021046756
CDevo-CH-DP-CA,24,0.28359628,0.0,0.0,0.30816084,0.0,0.0,0.24403682,6.299932e-05
CH-DP-BV-CA,0,0.0025,0.0,0.0,0.0,0.0025,0.0,0.0025,0.0025
CH-DP-BV-CA,12,0.07569481,0.0,0.0,0.0,0.9043945,0.0,0.08434947,0.05322602
CH-DP-BV-CA,24,0.1475095,0.0,0.0,0.0,0.9169909,0.0,0.036528453,0.0054808334
