Treatments,Time,CA,BT,BU,CD,BV,CS,DP,CH
CDevo-CS-CH-DP-BT-BU-BV-CA,0,0.00125,0.00125,0.00125,0.00125,0.00125,0.00125,0.00125,0.00125
CDevo-CS-CH-DP-BT-BU-BV-CA,12,0.001259552,0.81288993,0.0013235689,0.009903077,0.016160125,0.005062428,0.0012512018,0.00125104
CDevo-CS-CH-DP-BT-BU-BV-CA,24,0.0012695573,1.0339444,0.0014021237,0.048374254,0.054320145,0.02007061,0.0012510032,0.0012530033
CS-DP-BT-BV-CA,0,0.002,0.002,0.0,0.0,0.002,0.002,0.002,0.0
CS-DP-BT-BV-CA,12,0.0020153204,0.8786954,0.0,0.0,0.023797212,0.008087894,0.002001815,0.0
CS-DP-BT-BV-CA,24,0.0020314197,1.0339893,0.0,0.0,0.07838287,0.032026764,0.0020017065,0.0
CS-DP-BU-CA,0,0.0025,0.0,0.0025,0.0,0.0,0.0025,0.0025,0.0
CS-DP-BU-CA,12,0.0025189386,0.0,0.002646786,0.0,0.0,0.010173764,0.0025031418,0.0
CS-DP-BU-CA,24,0.0025380577,0.0,0.0028021436,0.0,0.0,0.041304033,0.0025063884,0.0
