Treatments,Time,CA,BT,BU,CD,BV,CS,DP,CH
CDevo-CS-CH-DP-BT-BU-BV-CA,0,0.00125,0.00125,0.00125,0.00125,0.00125,0.00125,0.00125,0.00125
CDevo-CS-CH-DP-BT-BU-BV-CA,12,0.008637547,0.84959257,0.2681606,0.012887851,0.067743175,0.0010091241,0.0046613957,0.005839633
CDevo-CS-CH-DP-BT-BU-BV-CA,24,0.008797204,0.83708364,0.2646819,0.0014162235,0.030297201,2.1545142e-05,0.0003157976,0.0005703494
CDevo-CS-CH-DP-BU-BV,0,0.0,0.0,0.001666667,0.001666667,0.001666667,0.001666667,0.001666667,0.001666667
CDevo-CS-CH-DP-BU-BV,12,0.0,0.0,0.7644631,0.09084324,0.25468293,0.012966219,0.021562655,0.013339328
CDevo-CS-CH-DP-BU-BV,24,0.0,0.0,0.5507726,0.06412505,0.47852403,0.015968448,0.005952266,0.0028604772
CDevo-CS-DP-BT-BV-CA,0,0.001666667,0.001666667,0.0,0.001666667,0.001666667,0.001666667,0.001666667,0.0
CDevo-CS-DP-BT-BV-CA,12,0.014892818,1.0655627,0.0,0.015231616,0.114169925,0.0052439785,0.01421394,0.0
CDevo-CS-DP-BT-BV-CA,24,0.016540341,1.0201858,0.0,0.002883945,0.06847718,0.0028479034,0.0042082644,0.0
