Treatments,Time,CA,BT,BU,CD,BV,CS,DP,CH
CS-CH-BT-BU-CA,0,0.002,0.002,0.002,0.0,0.0,0.002,0.0,0.002
CS-CH-BT-BU-CA,12,0.0064068455,0.8250981,0.33586815,0.0,0.0,0.0039629634,0.0,0.0017413349
CS-CH-BT-BU-CA,24,0.003790815,0.8435617,0.29634508,0.0,0.0,0.0026698115,0.0,3.9340175e-06
CS-CH-DP-BT-BU,0,0.0,0.002,0.002,0.0,0.0,0.002,0.002,0.002
CS-CH-DP-BT-BU,12,0.0,0.87539566,0.27586326,0.0,0.0,0.0044026524,0.0073177954,0.002171886
CS-CH-DP-BT-BU,24,0.0,0.87555414,0.25674587,0.0,0.0,0.0034036026,0.0015900605,1.0317856e-05
DP-BT-BU-BV,0,0.0,0.0025,0.0025,0.0,0.0025,0.0,0.0025,0.0
DP-BT-BU-BV,12,0.0,0.7955834,0.26416278,0.0,0.079064675,0.0,0.009316991,0.0
DP-BT-BU-BV,24,0.0,0.8380904,0.2623577,0.0,0.026748847,0.0,0.0017342559,0.0
