Treatments,Time,CA,BT,BU,CD,BV,CS,DP,CH
CDevo-CS-BT-BU-BV,0,0.0,0.002,0.002,0.002,0.002,0.002,0.0,0.0
CDevo-CS-BT-BU-BV,12,0.0,0.7667482,0.3310442,0.029990448,0.07781262,0.006453341,0.0,0.0
CDevo-CS-BT-BU-BV,24,0.0,0.8164513,0.29272455,0.011202129,0.044823606,0.0033559322,0.0,0.0
CDevo-CS-CH-DP,0,0.0,0.0,0.0,0.0025,0.0,0.0025,0.0025,0.0025
CDevo-CS-CH-DP,12,0.0,0.0,0.0,0.39771435,0.0,0.041429725,0.16596986,0.030287703
CDevo-CS-CH-DP,24,0.0,0.0,0.0,0.3169037,0.0,0.14996167,0.2882923,0.0003018827
CS-DP-BT-BU-BV,0,0.0,0.002,0.002,0.0,0.002,0.002,0.002,0.0
CS-DP-BT-BU-BV,12,0.0,0.818204,0.280651,0.0,0.06836571,0.0073210606,0.0064587854,0.0
CS-DP-BT-BU-BV,24,0.0,0.8359395,0.27027884,0.0,0.039485272,0.004279277,0.0005998298,0.0
