Treatments,Time,CA,BT,BU,CD,BV,CS,DP,CH
CDevo-BT-BU-CA,0,0.0025,0.0025,0.0025,0.0025,0.0,0.0,0.0,0.0
CDevo-BT-BU-CA,12,0.002499335,0.05283763,0.032250844,0.0025041394,0.0,0.0,0.0,0.0
CDevo-BT-BU-CA,24,0.002499277,0.9916911,0.4034056,0.0025084952,0.0,0.0,0.0,0.0
CDevo-CS-BT-BU-BV,0,0.0,0.002,0.002,0.002,0.002,0.002,0.0,0.0
CDevo-CS-BT-BU-BV,12,0.0,0.0423237,0.025814537,0.0020033054,0.0020002045,0.0019969374,0.0,0.0
CDevo-CS-BT-BU-BV,24,0.0,0.8132277,0.32504562,0.0020067776,0.002001119,0.001994657,0.0,0.0
CS-CH-DP-BU-BV-CA,0,0.001666667,0.0,0.001666667,0.0,0.001666667,0.001666667,0.001666667,0.001666667
CS-CH-DP-BU-BV-CA,12,0.0016661887,0.0,0.021519355,0.0,0.0016668121,0.001664071,0.0016690041,0.0016697501
CS-CH-DP-BU-BV-CA,24,0.0016655297,0.0,0.27203387,0.0,0.0016672304,0.0016613045,0.0016714508,0.0016725874
