Treatments,Time,CA,BT,BU,CD,BV,CS,DP,CH
CDevo-CS-DP-CA,0,0.0025,0.0,0.0,0.0025,0.0,0.0025,0.0025,0.0
CDevo-CS-DP-CA,12,0.18883371,0.0,0.0,0.34957984,0.0,0.026311249,0.16966297,0.0
CDevo-CS-DP-CA,24,0.30071256,0.0,0.0,0.29281023,0.0,0.01056386,0.22771835,0.0
CDevo-DP-BU-CA,0,0.0025,0.0,0.0025,0.0025,0.0,0.0,0.0025,0.0
CDevo-DP-BU-CA,12,0.06647263,0.0,0.8936128,0.12876303,0.0,0.0,0.051214635,0.0
CDevo-DP-BU-CA,24,0.14901567,0.0,0.85120255,0.13080442,0.0,0.0,0.06323216,0.0
CS-DP-BT-BU-BV-CA,0,0.001666667,0.001666667,0.001666667,0.0,0.001666667,0.001666667,0.001666667,0.0
CS-DP-BT-BU-BV-CA,12,0.013493344,0.81502616,0.27558964,0.0,0.06602694,0.007146784,0.0059959637,0.0
CS-DP-BT-BU-BV-CA,24,0.022083158,0.8316405,0.2650576,0.0,0.043741032,0.0052661346,0.0005349362,0.0
