Treatments,Time,CA,BT,BU,CD,BV,CS,DP,CH
CDevo-CA,0,0.005,0.0,0.0,0.005,0.0,0.0,0.0,0.0
CDevo-CA,12,0.004996533,0.0,0.0,0.005013066,0.0,0.0,0.0,0.0
CDevo-CA,24,0.004993073,0.0,0.0,0.005026168,0.0,0.0,0.0,0.0
CH-BU-BV-CA,0,0.0025,0.0,0.0025,0.0,0.0025,0.0,0.0,0.0025
CH-BU-BV-CA,12,0.0024983096,0.0,0.031217976,0.0,0.0025020188,0.0,0.0,0.002495648
CH-BU-BV-CA,24,0.0024972348,0.0,0.3773941,0.0,0.002504541,0.0,0.0,0.0024916874
CS-CH-BU-BV,0,0.0,0.0,0.0025,0.0,0.0025,0.0025,0.0,0.0025
CS-CH-BU-BV,12,0.0,0.0,0.03121812,0.0,0.0025020046,0.0024957533,0.0,0.0024956444
CS-CH-BU-BV,24,0.0,0.0,0.3773978,0.0,0.0025045143,0.002491376,0.0,0.0024916811
