Treatments,Time,CA,BT,BU,CD,BV,CS,DP,CH
CDevo-CS-DP-BT-BV-CA,0,0.001666667,0.001666667,0.0,0.001666667,0.001666667,0.001666667,0.001666667,0.0
CDevo-CS-DP-BT-BV-CA,12,0.010436559,1.0809482,0.0,0.016966844,0.10108537,0.0006302893,0.017864833,0.0
CDevo-CS-DP-BT-BV-CA,24,0.021695368,1.0323174,0.0,0.0038155292,0.054027174,3.0130457e-06,0.006358583,0.0
CDevo-DP-BU-CA,0,0.0025,0.0,0.0025,0.0025,0.0,0.0,0.0025,0.0
CDevo-DP-BU-CA,12,0.021757146,0.0,0.9881904,0.12026752,0.0,0.0,0.02991995,0.0
CDevo-DP-BU-CA,24,0.12291971,0.0,0.9105953,0.10652704,0.0,0.0,0.00794782,0.0
DP-BT-BU-BV-CA,0,0.002,0.002,0.002,0.0,0.002,0.0,0.002,0.0
DP-BT-BU-BV-CA,12,0.008823434,0.7662231,0.32485324,0.0,0.070379145,0.0,0.008813712,0.0
DP-BT-BU-BV-CA,24,0.014647752,0.8116062,0.29056457,0.0,0.028283404,0.0,0.0004668464,0.0
