Treatments,Time,CA,BT,BU,CD,BV,CS,DP,CH
CDevo-CS-BT-BU-CA,0,0.002,0.002,0.002,0.002,0.0,0.002,0.0,0.0
CDevo-CS-BT-BU-CA,12,0.002002731,0.8797938,0.0020138135,0.01460813,0.0,0.0086995615,0.0,0.0
CDevo-CS-BT-BU-CA,24,0.0020036022,1.0345967,0.0020278115,0.06346522,0.0,0.036910146,0.0,0.0
CDevo-DP-BT-BU-BV-CA,0,0.001666667,0.001666667,0.001666667,0.001666667,0.001666667,0.0,0.001666667,0.0
CDevo-DP-BT-BU-BV-CA,12,0.0016689778,0.85651547,0.00167819,0.012336858,0.0016705396,0.0,0.008529226,0.0
CDevo-DP-BT-BU-BV-CA,24,0.0016697346,1.0345833,0.0016899087,0.053764492,0.0016761766,0.0,0.042063795,0.0
DP-BT-BU-BV-CA,0,0.002,0.002,0.002,0.0,0.002,0.0,0.002,0.0
DP-BT-BU-BV-CA,12,0.0020027286,0.8798004,0.0020138468,0.0,0.0020046656,0.0,0.010225046,0.0
DP-BT-BU-BV-CA,24,0.0020036597,1.0346192,0.0020279714,0.0,0.0020112176,0.0,0.05039035,0.0
