Treatments,Time,CA,BT,BU,CD,BV,CS,DP,CH
CDevo-BU,0,0.0,0.0,0.005,0.005,0.0,0.0,0.0,0.0
CDevo-BU,12,0.0,0.0,0.81952274,0.04815648,0.0,0.0,0.0,0.0
CDevo-BU,24,0.0,0.0,0.93482363,0.43603644,0.0,0.0,0.0,0.0
CDevo-CS-BT-BU-CA,0,0.002,0.002,0.002,0.002,0.0,0.002,0.0,0.0
CDevo-CS-BT-BU-CA,12,0.0092501175,0.8270775,0.2973129,0.015069421,0.0,0.0019884591,0.0,0.0
CDevo-CS-BT-BU-CA,24,0.043338574,0.9092976,0.30724502,0.06262746,0.0,0.0019760292,0.0,0.0
CS-DP-BU-CA,0,0.0025,0.0,0.0025,0.0,0.0,0.0025,0.0025,0.0
CS-DP-BU-CA,12,0.011517029,0.0,0.7376278,0.0,0.0,0.0024860043,0.002649785,0.0
CS-DP-BU-CA,24,0.053489022,0.0,0.9345724,0.0,0.0,0.0024718875,0.002815735,0.0
