Treatments,Time,CA,BT,BU,CD,BV,CS,DP,CH
CH-DP-BU-CA,0,0.0025,0.0,0.0025,0.0,0.0,0.0,0.0025,0.0025
CH-DP-BU-CA,12,0.024995903,0.0,0.9116128,0.0,0.0,0.0,0.042745933,0.05285949
CH-DP-BU-CA,24,0.30486605,0.0,0.7942249,0.0,0.0,0.0,0.039391175,0.081987
CS-CH-DP-CA,0,0.0025,0.0,0.0,0.0,0.0,0.0025,0.0025,0.0025
CS-CH-DP-CA,12,0.019992508,0.0,0.0,0.0,0.0,0.06259989,0.19732848,0.14639242
CS-CH-DP-CA,24,0.37286648,0.0,0.0,0.0,0.0,0.15064836,0.28184426,0.10554165
CS-DP-BU-BV-CA,0,0.002,0.0,0.002,0.0,0.002,0.002,0.002,0.0
CS-DP-BU-BV-CA,12,0.015032034,0.0,0.73322576,0.0,0.24695267,0.01235978,0.035917122,0.0
CS-DP-BU-BV-CA,24,0.069558665,0.0,0.5785764,0.0,0.41719946,0.0074832602,0.03256089,0.0
