Treatments,Time,CA,BT,BU,CD,BV,CS,DP,CH
CDevo-CS-CH-DP,0,0.0,0.0,0.0,0.0025,0.0,0.0025,0.0025,0.0025
CDevo-CS-CH-DP,12,0.0,0.0,0.0,0.400754,0.0,0.041259818,0.15717776,0.0016827589
CDevo-CS-CH-DP,24,0.0,0.0,0.0,0.26736614,0.0,0.1166286,0.2927144,0.0188204
CDevo-CS-DP-CA,0,0.0025,0.0,0.0,0.0025,0.0,0.0025,0.0025,0.0
CDevo-CS-DP-CA,12,0.190381,0.0,0.0,0.38416976,0.0,0.028361196,0.15306158,0.0
CDevo-CS-DP-CA,24,0.2656825,0.0,0.0,0.36720058,0.0,0.003154467,0.22270064,0.0
CH-DP-BU-CA,0,0.0025,0.0,0.0025,0.0,0.0,0.0,0.0025,0.0025
CH-DP-BU-CA,12,0.046388466,0.0,0.8668413,0.0,0.0,0.0,0.047690045,0.0032291715
CH-DP-BU-CA,24,0.14760777,0.0,0.78225327,0.0,0.0,0.0,0.047935564,0.008926555
