Treatments,Time,CA,BT,BU,CD,BV,CS,DP,CH
CS-CH-DP-BT-BU,0,0.0,0.002,0.002,0.0,0.0,0.002,0.002,0.002
CS-CH-DP-BT-BU,12,0.0,0.039592907,0.0019985773,0.0,0.0,0.00199992,0.002005873,0.0019944857
CS-CH-DP-BT-BU,24,0.0,0.72757214,0.001996052,0.0,0.0,0.0019989607,0.0020125725,0.0019893227
CS-DP-BT-BU-BV,0,0.0,0.002,0.002,0.0,0.002,0.002,0.002,0.0
CS-DP-BT-BU-BV,12,0.0,0.039592963,0.0019985714,0.0,0.0020007477,0.0019999042,0.0020058765,0.0
CS-DP-BT-BU-BV,24,0.0,0.7275759,0.0019960436,0.0,0.0020010571,0.0019989312,0.0020125785,0.0
CS-DP-BT-BV-CA,0,0.002,0.002,0.0,0.0,0.002,0.002,0.002,0.0
CS-DP-BT-BV-CA,12,0.0019982175,0.039593037,0.0,0.0,0.0020007477,0.0019999128,0.002005872,0.0
CS-DP-BT-BV-CA,24,0.0019964413,0.7275759,0.0,0.0,0.0020010478,0.0019989484,0.002012566,0.0
