Treatments,Time,CA,BT,BU,CD,BV,CS,DP,CH
CDevo-CH,0,0.0,0.0,0.0,0.005,0.0,0.0,0.0,0.005
CDevo-CH,12,0.0,0.0,0.0,0.5586852,0.0,0.0,0.0,0.061365273
CDevo-CH,24,0.0,0.0,0.0,0.59520596,0.0,0.0,0.0,0.0072626555
CDevo-CS-CA,0,0.003333333,0.0,0.0,0.003333333,0.0,0.003333333,0.0,0.0
CDevo-CS-CA,12,0.05242419,0.0,0.0,0.48862046,0.0,0.039652962,0.0,0.0
CDevo-CS-CA,24,0.275241,0.0,0.0,0.45724964,0.0,0.0036574886,0.0,0.0
CH-BU-BV-CA,0,0.0025,0.0,0.0025,0.0,0.0025,0.0,0.0,0.0025
CH-BU-BV-CA,12,0.010393192,0.0,0.7984396,0.0,0.249549,0.0,0.0,0.073326826
CH-BU-BV-CA,24,0.010625009,0.0,0.7450932,0.0,0.32177132,0.0,0.0,0.070771925
