Treatments,Time,CA,BT,BU,CD,BV,CS,DP,CH
CDevo-CS-CA,0,0.003333333,0.0,0.0,0.003333333,0.0,0.003333333,0.0,0.0
CDevo-CS-CA,12,0.00010746607,0.0,0.0,0.4774231,0.0,0.043424092,0.0,0.0
CDevo-CS-CA,24,0.00043283822,0.0,0.0,0.49046895,0.0,0.0748328,0.0,0.0
CDevo-CS-CH-CA,0,0.0025,0.0,0.0,0.0025,0.0,0.0025,0.0,0.0025
CDevo-CS-CH-CA,12,0.0001637207,0.0,0.0,0.5446591,0.0,0.014506578,0.0,0.063594304
CDevo-CS-CH-CA,24,0.0023711356,0.0,0.0,0.5580286,0.0,0.016897706,0.0,0.0024201593
CH-DP-BT-BU-BV-CA,0,0.001666667,0.001666667,0.001666667,0.0,0.001666667,0.0,0.001666667,0.001666667
CH-DP-BT-BU-BV-CA,12,0.0005095423,0.8237054,0.27405944,0.0,0.069031015,0.0,0.0039158147,0.0091217365
CH-DP-BT-BU-BV-CA,24,0.011652255,0.8234466,0.27351275,0.0,0.030842153,0.0,0.0003956332,0.0015034504
