Treatments,Time,CA,BT,BU,CD,BV,CS,DP,CH
CDevo-CS-CH-DP-BT-BU-BV-CA,0,0.00125,0.00125,0.00125,0.00125,0.00125,0.00125,0.00125,0.00125
CDevo-CS-CH-DP-BT-BU-BV-CA,12,0.00830615,0.83925635,0.25991353,0.0068550073,0.07107454,0.0017521945,0.0045383773,0.004734112
CDevo-CS-CH-DP-BT-BU-BV-CA,24,0.014428288,0.83406353,0.25352892,0.00016171555,0.04055622,0.0001319539,0.00018793519,0.00045874313
CS-CH-DP-BT-BU-BV-CA,0,0.001428571,0.001428571,0.001428571,0.0,0.001428571,0.001428571,0.001428571,0.001428571
CS-CH-DP-BT-BU-BV-CA,12,0.0073531303,0.83300745,0.27032876,0.0,0.063582726,0.0021093087,0.005765461,0.0066218274
CS-CH-DP-BT-BU-BV-CA,24,0.013128741,0.8349816,0.25650015,0.0,0.03585147,0.00017880445,0.00023868379,0.0006234008
CS-DP-BT-BV-CA,0,0.002,0.002,0.0,0.0,0.002,0.002,0.002,0.0
CS-DP-BT-BV-CA,12,0.015693095,1.0722543,0.0,0.0,0.07450705,0.00326486,0.021698592,0.0
CS-DP-BT-BV-CA,24,0.0378219,1.0323323,0.0,0.0,0.04484136,0.00060795684,0.002943093,0.0
