Treatments,Time,CA,BT,BU,CD,BV,CS,DP,CH
CDevo-BU,0,0.0,0.0,0.005,0.005,0.0,0.0,0.0,0.0
CDevo-BU,12,0.0,0.0,0.0050061163,0.0464081,0.0,0.0,0.0,0.0
CDevo-BU,24,0.0,0.0,0.0050130966,0.41674018,0.0,0.0,0.0,0.0
CDevo-CS-CH-DP-BU,0,0.0,0.0,0.002,0.002,0.0,0.002,0.002,0.002
CDevo-CS-CH-DP-BU,12,0.0,0.0,0.00200239,0.01860846,0.0,0.011511377,5.942787e-07,0.002026088
CDevo-CS-CH-DP-BU,24,0.0,0.0,0.002004814,0.17084636,0.0,0.06588569,1.79175e-10,0.0020527544
CDevo-CS-DP-BU-CA,0,0.002,0.0,0.002,0.002,0.0,0.002,0.002,0.0
CDevo-CS-DP-BU-CA,12,10.0,0.0,0.0020322523,0.018391104,0.0,0.011409347,5.902902e-07,0.0
CDevo-CS-DP-BU-CA,24,10.0,0.0,0.0020881372,0.16529481,0.0,0.06420295,1.7558735e-10,0.0
