Treatments,Time,CA,BT,BU,CD,BV,CS,DP,CH
CDevo-CH-DP-CA,0,0.0025,0.0,0.0,0.0025,0.0,0.0,0.0025,0.0025
CDevo-CH-DP-CA,12,0.21690957,0.0,0.0,0.40776858,0.0,0.0,0.16009825,0.039951704
CDevo-CH-DP-CA,24,0.3033422,0.0,0.0,0.28925562,0.0,0.0,0.22409914,0.01513218
CS-BT-BV-CA,0,0.0025,0.0025,0.0,0.0,0.0025,0.0025,0.0,0.0
CS-BT-BV-CA,12,0.011404252,1.0082885,0.0,0.0,0.13920677,0.006196223,0.0,0.0
CS-BT-BV-CA,24,0.013102159,1.0038215,0.0,0.0,0.10655968,0.001515256,0.0,0.0
CS-CH-BV-CA,0,0.0025,0.0,0.0,0.0,0.0025,0.0025,0.0,0.0025
CS-CH-BV-CA,12,0.066796444,0.0,0.0,0.0,0.8994422,0.02056763,0.0,0.0988346
CS-CH-BV-CA,24,0.13519426,0.0,0.0,0.0,0.9041374,0.014300588,0.0,0.028714122
