Treatments,Time,CA,BT,BU,CD,BV,CS,DP,CH
CDevo-BV,0,0.0,0.0,0.0,0.005,0.005,0.0,0.0,0.0
CDevo-BV,12,0.0,0.0,0.0,0.16604637,1.0303012,0.0,0.0,0.0
CDevo-BV,24,0.0,0.0,0.0,0.08111802,1.0616827,0.0,0.0,0.0
CH-DP-BV-CA,0,0.0025,0.0,0.0,0.0,0.0025,0.0,0.0025,0.0025
CH-DP-BV-CA,12,0.02822596,0.0,0.0,0.0,0.8878833,0.0,0.092340566,0.07824548
CH-DP-BV-CA,24,0.27474347,0.0,0.0,0.0,0.85446614,0.0,0.047950037,0.06401991
CS-CH-BT-BU,0,0.0,0.0025,0.0025,0.0,0.0,0.0025,0.0,0.0025
CS-CH-BT-BU,12,0.0,0.7863117,0.36320245,0.0,0.0,0.009062483,0.0,0.026936617
CS-CH-BT-BU,24,0.0,0.815355,0.31551412,0.0,0.0,0.0040516234,0.0,0.013759102
