Treatments,Time,CA,BT,BU,CD,BV,CS,DP,CH
CDevo-DP-BT-CA,0,0.0025,0.0025,0.0,0.0025,0.0,0.0,0.0025,0.0
CDevo-DP-BT-CA,12,0.0024988118,0.8734339,0.0,0.0025171093,0.0,0.0,0.010117171,0.0
CDevo-DP-BT-CA,24,0.0024962677,1.0146745,0.0,0.0025314903,0.0,0.0,0.040819082,0.0
CH-DP-BV-CA,0,0.0025,0.0,0.0,0.0,0.0025,0.0,0.0025,0.0025
CH-DP-BV-CA,12,0.002499339,0.0,0.0,0.0,0.0024934136,0.0,0.010118541,0.015068256
CH-DP-BV-CA,24,0.0024987834,0.0,0.0,0.0,0.0024864983,0.0,0.040845953,0.09024711
DP-BT-BV-CA,0,0.0025,0.0025,0.0,0.0,0.0025,0.0,0.0025,0.0
DP-BT-BV-CA,12,0.0024988032,0.8734342,0.0,0.0,0.0024949086,0.0,0.010117141,0.0
DP-BT-BV-CA,24,0.0024962535,1.0146747,0.0,0.0,0.002493631,0.0,0.04081897,0.0
