Treatments,Time,CA,BT,BU,CD,BV,CS,DP,CH
CDevo-CH-DP-BT-BU,0,0.0,0.002,0.002,0.002,0.0,0.0,0.002,0.002
CDevo-CH-DP-BT-BU,12,0.0,0.8273817,0.31942844,0.036682513,0.0,0.0,0.014669327,0.01494769
CDevo-CH-DP-BT-BU,24,0.0,0.85364753,0.2944696,0.020535752,0.0,0.0,0.010442489,0.01595717
CDevo-CH-DP-CA,0,0.0025,0.0,0.0,0.0025,0.0,0.0,0.0025,0.0025
CDevo-CH-DP-CA,12,0.015125731,0.0,0.0,0.3989033,0.0,0.0,0.13815792,0.0568703
CDevo-CH-DP-CA,24,0.10747668,0.0,0.0,0.44506502,0.0,0.0,0.34446517,0.07440691
CH-DP-BV-CA,0,0.0025,0.0,0.0,0.0,0.0025,0.0,0.0025,0.0025
CH-DP-BV-CA,12,0.0141692115,0.0,0.0,0.0,0.84926605,0.0,0.07122537,0.0706556
CH-DP-BV-CA,24,0.07945875,0.0,0.0,0.0,1.0245414,0.0,0.08624576,0.12736508
