Treatments,Time,CA,BT,BU,CD,BV,CS,DP,CH
CDevo-CH-DP-CA,0,0.0025,0.0,0.0,0.0025,0.0,0.0,0.0025,0.0025
CDevo-CH-DP-CA,12,0.23935778,0.0,0.0,0.32129177,0.0,0.0,0.19420558,0.036279857
CDevo-CH-DP-CA,24,0.28768626,0.0,0.0,0.2581727,0.0,0.0,0.25337696,0.0016839851
CDevo-CS-CH-DP-BT-BU-BV-CA,0,0.00125,0.00125,0.00125,0.00125,0.00125,0.00125,0.00125,0.00125
CDevo-CS-CH-DP-BT-BU-BV-CA,12,0.0017598043,0.83458,0.26549706,0.0038621717,0.05003749,0.00015489991,0.002857954,0.0029860612
CDevo-CS-CH-DP-BT-BU-BV-CA,24,0.00013833513,0.8533958,0.2579586,0.00011947367,0.012962963,0.00026293978,0.00012745358,0.00023561047
DP-BT-BU-BV,0,0.0,0.0025,0.0025,0.0,0.0025,0.0,0.0025,0.0
DP-BT-BU-BV,12,0.0,0.7991424,0.2970748,0.0,0.05800874,0.0,0.003961571,0.0
DP-BT-BU-BV,24,0.0,0.84737986,0.26655832,0.0,0.013742995,0.0,0.00014724494,0.0
