Treatments,Time,CA,BT,BU,CD,BV,CS,DP,CH
CDevo-BT-BU-CA,0,0.0025,0.0025,0.0025,0.0025,0.0,0.0,0.0,0.0
CDevo-BT-BU-CA,12,0.002506548,0.0025019916,0.03921108,0.0025036675,0.0,0.0,0.0,0.0
CDevo-BT-BU-CA,24,0.0025120878,0.002503311,0.5821679,0.0025079895,0.0,0.0,0.0,0.0
CDevo-CH,0,0.0,0.0,0.0,0.005,0.0,0.0,0.0,0.005
CDevo-CH,12,0.0,0.0,0.0,0.005007242,0.0,0.0,0.0,0.0050059617
CDevo-CH,24,0.0,0.0,0.0,0.0050144983,0.0,0.0,0.0,0.005011929
CS-CH-BT-BU,0,0.0,0.0025,0.0025,0.0,0.0,0.0025,0.0,0.0025
CS-CH-BT-BU,12,0.0,0.002501984,0.039210934,0.0,0.0,0.0024981294,0.0,0.002502996
CS-CH-BT-BU,24,0.0,0.002503298,0.582163,0.0,0.0,0.0024970728,0.0,0.0025067162
