Treatments,Time,CA,BT,BU,CD,BV,CS,DP,CH
CDevo-DP-BT-BU-BV-CA,0,0.001666667,0.001666667,0.001666667,0.001666667,0.001666667,0.0,0.001666667,0.0
CDevo-DP-BT-BU-BV-CA,12,0.0022163454,0.81629264,0.26587608,0.013394914,0.084884375,0.0,0.007161049,0.0
CDevo-DP-BT-BU-BV-CA,24,0.027632356,0.8003481,0.26999804,0.002106787,0.04461143,0.0,0.00091919315,0.0
CH-DP-BT-BU,0,0.0,0.0025,0.0025,0.0,0.0,0.0,0.0025,0.0025
CH-DP-BT-BU,12,0.0,0.8679805,0.28689134,0.0,0.0,0.0,0.0044790218,0.011347244
CH-DP-BT-BU,24,0.0,0.84927636,0.27731624,0.0,0.0,0.0,0.0005705704,0.0030409503
DP-BT-BV-CA,0,0.0025,0.0025,0.0,0.0,0.0025,0.0,0.0025,0.0
DP-BT-BV-CA,12,0.0025909243,1.0228679,0.0,0.0,0.08859899,0.0,0.0145208705,0.0
DP-BT-BV-CA,24,0.010617084,0.9968187,0.0,0.0,0.058268987,0.0,0.0047425088,0.0
