Treatments,Time,CA,BT,BU,CD,BV,CS,DP,CH
CDevo-CS-CH-DP,0,0.0,0.0,0.0,0.0025,0.0,0.0025,0.0025,0.0025
CDevo-CS-CH-DP,12,0.0,0.0,0.0,0.37070656,0.0,0.03751239,0.18490613,0.032575767
CDevo-CS-CH-DP,24,0.0,0.0,0.0,0.3513878,0.0,0.05435773,0.28236336,0.00031462574
CDevo-CS-DP-BV-CA,0,0.002,0.0,0.0,0.002,0.002,0.002,0.002,0.0
CDevo-CS-DP-BV-CA,12,0.014846554,0.0,0.0,0.14551152,0.949002,0.016525934,0.0615999,0.0
CDevo-CS-DP-BV-CA,24,0.10243341,0.0,0.0,0.06087919,1.0115107,0.0056030904,0.023429966,0.0
DP-BT-BV-CA,0,0.0025,0.0025,0.0,0.0,0.0025,0.0,0.0025,0.0
DP-BT-BV-CA,12,0.007917083,1.0461355,0.0,0.0,0.0916904,0.0,0.023400776,0.0
DP-BT-BV-CA,24,0.0137415575,1.0442618,0.0,0.0,0.054312244,0.0,0.014316767,0.0
