Treatments,Time,CA,BT,BU,CD,BV,CS,DP,CH
CDevo-CS-CH-DP,0,0.0,0.0,0.0,0.0025,0.0,0.0025,0.0025,0.0025
CDevo-CS-CH-DP,12,0.0,0.0,0.0,0.4400888,0.0,0.014989249,0.20640701,0.037438344
CDevo-CS-CH-DP,24,0.0,0.0,0.0,0.39507228,0.0,0.0056754695,0.26199108,0.0053183003
CS-DP-BT-BU,0,0.0,0.0025,0.0025,0.0,0.0,0.0025,0.0025,0.0
CS-DP-BT-BU,12,0.0,0.8837452,0.2732077,0.0,0.0,0.010351479,0.0021178252,0.0
CS-DP-BT-BU,24,0.0,0.87385035,0.2646763,0.0,0.0,0.01341128,0.00022159402,0.0
DP-BT-BU-BV-CA,0,0.002,0.002,0.002,0.0,0.002,0.0,0.002,0.0
DP-BT-BU-BV-CA,12,2.4704283e-05,0.8550152,0.26133475,0.0,0.05722236,0.0,0.0016737819,0.0
DP-BT-BU-BV-CA,24,3.4122387e-08,0.87609375,0.22641423,0.0,0.043863136,0.0,0.00014550249,0.0
