Treatments,Time,CA,BT,BU,CD,BV,CS,DP,CH
CDevo-CS-DP-BV-CA,0,0.002,0.0,0.0,0.002,0.002,0.002,0.002,0.0
CDevo-CS-DP-BV-CA,12,0.013640335,0.0,0.0,0.16168846,0.9429148,0.010631521,0.06678384,0.0
CDevo-CS-DP-BV-CA,24,0.06551943,0.0,0.0,0.07453636,1.0377716,0.0016536736,0.015886696,0.0
CS-CH-DP-BV-CA,0,0.002,0.0,0.0,0.0,0.002,0.002,0.002,0.002
CS-CH-DP-BV-CA,12,0.014031616,0.0,0.0,0.0,0.8507082,0.015135059,0.073989615,0.077881426
CS-CH-DP-BV-CA,24,0.07364445,0.0,0.0,0.0,0.99694276,0.0036449956,0.018995937,0.058999747
CS-DP-BT-BU-BV-CA,0,0.001666667,0.001666667,0.001666667,0.0,0.001666667,0.001666667,0.001666667,0.0
CS-DP-BT-BU-BV-CA,12,0.0074071125,0.8108921,0.27870107,0.0,0.069345504,0.0037353078,0.010380946,0.0
CS-DP-BT-BU-BV-CA,24,0.019422803,0.81892234,0.26516598,0.0,0.045125697,0.000616998,0.0011789263,0.0
