Treatments,Time,CA,BT,BU,CD,BV,CS,DP,CH
CDevo-CS,0,0.0,0.0,0.0,0.005,0.0,0.005,0.0,0.0
CDevo-CS,12,0.0,0.0,0.0,0.5241606,0.0,0.08245616,0.0,0.0
CDevo-CS,24,0.0,0.0,0.0,0.49176303,0.0,0.23459132,0.0,0.0
CS-CH-BT-BU-CA,0,0.002,0.002,0.002,0.0,0.0,0.002,0.0,0.002
CS-CH-BT-BU-CA,12,0.012522179,0.8495086,0.30965886,0.0,0.0,0.0018515018,0.0,0.0148201715
CS-CH-BT-BU-CA,24,0.01601971,0.8557407,0.26482522,0.0,0.0,6.2884406e-05,0.0,0.00154491
CS-CH-DP-BU-BV,0,0.0,0.0,0.002,0.0,0.002,0.002,0.002,0.002
CS-CH-DP-BU-BV,12,0.0,0.0,0.7318268,0.0,0.3014156,0.016636364,0.023845093,0.05379163
CS-CH-DP-BU-BV,24,0.0,0.0,0.61148536,0.0,0.460912,0.015976086,0.0037704257,0.07181856
