Treatments,Time,CA,BT,BU,CD,BV,CS,DP,CH
CDevo-CS,0,0.0,0.0,0.0,0.005,0.0,0.005,0.0,0.0
CDevo-CS,12,0.0,0.0,0.0,0.4315006,0.0,0.05725337,0.0,0.0
CDevo-CS,24,0.0,0.0,0.0,0.40446776,0.0,0.09882736,0.0,0.0
CDevo-CS-DP-CA,0,0.0025,0.0,0.0,0.0025,0.0,0.0025,0.0025,0.0
CDevo-CS-DP-CA,12,7.9336e-09,0.0,0.0,0.35559905,0.0,0.01464252,0.17984188,0.0
CDevo-CS-DP-CA,24,4.582229e-13,0.0,0.0,0.3763073,0.0,0.00079106033,0.2523552,0.0
CDevo-DP-BT-CA,0,0.0025,0.0025,0.0,0.0025,0.0,0.0,0.0025,0.0
CDevo-DP-BT-CA,12,0.000109251094,1.1150306,0.0,0.047637064,0.0,0.0,0.010649821,0.0
CDevo-DP-BT-CA,24,0.115898855,1.2107522,0.0,0.09429657,0.0,0.0,0.0018556477,0.0
