Treatments,Time,CA,BT,BU,CD,BV,CS,DP,CH
CDevo-CH-DP-BT-BU,0,0.0,0.002,0.002,0.002,0.0,0.0,0.002,0.002
CDevo-CH-DP-BT-BU,12,0.0,0.88888556,0.28583142,0.029381804,0.0,0.0,0.003326832,0.005650054
CDevo-CH-DP-BT-BU,24,0.0,0.8585111,0.2745705,0.015604721,0.0,0.0,0.0003529573,0.0010511702
CDevo-CS-BT-BV-CA,0,0.002,0.002,0.0,0.002,0.002,0.002,0.0,0.0
CDevo-CS-BT-BV-CA,12,0.013237047,1.0159541,0.0,0.010097196,0.119004235,0.0011844711,0.0,0.0
CDevo-CS-BT-BV-CA,24,0.015726019,1.0013857,0.0,0.0005185383,0.08572528,1.961686e-05,0.0,0.0
CDevo-CS-DP-BU-CA,0,0.002,0.0,0.002,0.002,0.0,0.002,0.002,0.0
CDevo-CS-DP-BU-CA,12,0.084821805,0.0,0.87268984,0.13058811,0.0,0.025476597,0.04870724,0.0
CDevo-CS-DP-BU-CA,24,0.3620216,0.0,0.6651488,0.05532799,0.0,0.06719887,0.0632099,0.0
