Treatments,Time,CA,BT,BU,CD,BV,CS,DP,CH
CDevo-CS-DP-BT,0,0.0,0.0025,0.0,0.0025,0.0,0.0025,0.0025,0.0
CDevo-CS-DP-BT,12,0.0,1.1320835,0.0,0.025245493,0.0,0.005188331,0.012616611,0.0
CDevo-CS-DP-BT,24,0.0,1.0635642,0.0,0.018681228,0.0,0.0028067299,0.00282344,0.0
CS-CH-BV-CA,0,0.0025,0.0,0.0,0.0,0.0025,0.0025,0.0,0.0025
CS-CH-BV-CA,12,0.018298024,0.0,0.0,0.0,0.88683265,0.025896838,0.0,0.13073954
CS-CH-BV-CA,24,0.10475403,0.0,0.0,0.0,0.9356286,0.016535994,0.0,0.05328494
CS-CH-DP-BT-BU-CA,0,0.001666667,0.001666667,0.001666667,0.0,0.0,0.001666667,0.001666667,0.001666667
CS-CH-DP-BT-BU-CA,12,0.005449444,0.8723378,0.2872009,0.0,0.0,0.00077558594,0.0033161768,0.006497478
CS-CH-DP-BT-BU-CA,24,0.0066317455,0.8472293,0.2669907,0.0,0.0,8.7121625e-06,0.000102781196,0.0013072797
