Treatments,Time,CA,BT,BU,CD,BV,CS,DP,CH
CDevo-CS-CH-DP,0,0.0,0.0,0.0,0.0025,0.0,0.0025,0.0025,0.0025
CDevo-CS-CH-DP,12,0.0,0.0,0.0,0.41380224,0.0,0.038282316,0.1777614,0.024798255
CDevo-CS-CH-DP,24,0.0,0.0,0.0,0.3325362,0.0,0.12319639,0.29860997,0.00010284594
CS-DP-BT-BU,0,0.0,0.0025,0.0025,0.0,0.0,0.0025,0.0025,0.0
CS-DP-BT-BU,12,0.0,0.8340084,0.30078122,0.0,0.0,0.008124905,0.0053377496,0.0
CS-DP-BT-BU,24,0.0,0.838775,0.28360674,0.0,0.0,0.0040133735,0.0002685871,0.0
DP-BT-BU-BV-CA,0,0.002,0.002,0.002,0.0,0.002,0.0,0.002,0.0
DP-BT-BU-BV-CA,12,0.016009046,0.78512764,0.2924975,0.0,0.07716221,0.0,0.005377355,0.0
DP-BT-BU-BV-CA,24,0.021420822,0.803547,0.28518608,0.0,0.05002086,0.0,0.00027401626,0.0
