Treatments,Time,CA,BT,BU,CD,BV,CS,DP,CH
CDevo-CS-CH-CA,0,0.0025,0.0,0.0,0.0025,0.0,0.0025,0.0,0.0025
CDevo-CS-CH-CA,12,0.0024893505,0.0,0.0,0.0025177493,0.0,0.0025005157,0.0,0.002523466
CDevo-CS-CH-CA,24,0.0024787432,0.0,0.0,0.002535627,0.0,0.0025010298,0.0,0.0025471528
CDevo-CS-CH-DP-BU-BV,0,0.0,0.0,0.001666667,0.001666667,0.001666667,0.001666667,0.001666667,0.001666667
CDevo-CS-CH-DP-BU-BV,12,0.0,0.0,0.700462,0.0016782425,0.031689223,0.0016674328,0.0069717974,0.0016821686
CDevo-CS-CH-DP-BU-BV,24,0.0,0.0,0.94359857,0.0016887627,0.42329597,0.0016699203,0.029211195,0.0016973888
CS-DP-BT-BU-BV-CA,0,0.001666667,0.001666667,0.001666667,0.0,0.001666667,0.001666667,0.001666667,0.0
CS-DP-BT-BU-BV-CA,12,0.0016579289,0.8020523,0.30781505,0.0,0.020418491,0.0016662173,0.006898174,0.0
CS-DP-BT-BU-BV-CA,24,0.0016455529,0.88904727,0.3260959,0.0,0.072255336,0.0016638525,0.027810788,0.0
