Treatments,Time,CA,BT,BU,CD,BV,CS,DP,CH
CDevo-CH-DP-BT-BU,0,0.0,0.002,0.002,0.002,0.0,0.0,0.002,0.002
CDevo-CH-DP-BT-BU,12,0.0,0.0019958403,0.0019983116,0.0020024143,0.0,0.0,0.0020023158,0.0020032928
CDevo-CH-DP-BT-BU,24,0.0,0.0019916894,0.001996626,0.002004831,0.0,0.0,0.0020046341,0.0020065906
CDevo-CS-DP-BT-BV-CA,0,0.001666667,0.001666667,0.0,0.001666667,0.001666667,0.001666667,0.001666667,0.0
CDevo-CS-DP-BT-BV-CA,12,0.0016670448,0.0016632171,0.0,0.0016686746,0.0016660566,0.0016674363,0.0016686035,0.0
CDevo-CS-DP-BT-BV-CA,24,0.0016674228,0.0016597741,0.0,0.0016706842,0.0016654464,0.0016682063,0.0016705419,0.0
CS-CH-BT-CA,0,0.0025,0.0025,0.0,0.0,0.0,0.0025,0.0,0.0025
CS-CH-BT-CA,12,0.0025005226,0.0024948034,0.0,0.0,0.0,0.0025011266,0.0,0.0025041187
CS-CH-BT-CA,24,0.0025010451,0.0024896169,0.0,0.0,0.0,0.0025022542,0.0,0.0025082426
