Treatments,Time,CA,BT,BU,CD,BV,CS,DP,CH
CDevo-CA,0,0.005,0.0,0.0,0.005,0.0,0.0,0.0,0.0
CDevo-CA,12,0.03513174,0.0,0.0,0.5405125,0.0,0.0,0.0,0.0
CDevo-CA,24,0.27350813,0.0,0.0,0.48299316,0.0,0.0,0.0,0.0
CH-BU-BV-CA,0,0.0025,0.0,0.0025,0.0,0.0025,0.0,0.0,0.0025
CH-BU-BV-CA,12,0.011965198,0.0,0.76449907,0.0,0.29660496,0.0,0.0,0.042498
CH-BU-BV-CA,24,0.04740879,0.0,0.57325846,0.0,0.46229127,0.0,0.0,0.020048246
CS-CH-BU-BV,0,0.0,0.0,0.0025,0.0,0.0025,0.0025,0.0,0.0025
CS-CH-BU-BV,12,0.0,0.0,0.73980206,0.0,0.31007305,0.01946265,0.0,0.04577301
CS-CH-BU-BV,24,0.0,0.0,0.5275118,0.0,0.53176475,0.02678517,0.0,0.026472798
