Treatments,Time,CA,BT,BU,CD,BV,CS,DP,CH
CDevo-CS-CH-CA,0,0.0025,0.0,0.0,0.0025,0.0,0.0025,0.0,0.0025
CDevo-CS-CH-CA,12,0.028619211,0.0,0.0,0.52139556,0.0,0.025197329,0.0,0.07761575
CDevo-CS-CH-CA,24,0.26329777,0.0,0.0,0.42947638,0.0,0.014250493,0.0,0.018956162
CS-BT-BU-CA,0,0.0025,0.0025,0.0025,0.0,0.0,0.0025,0.0,0.0
CS-BT-BU-CA,12,0.011645645,0.7663951,0.3725021,0.0,0.0,0.0034650231,0.0,0.0
CS-BT-BU-CA,24,0.022884471,0.8150224,0.3040731,0.0,0.0,0.00020783611,0.0,0.0
CS-DP-BT-BU,0,0.0,0.0025,0.0025,0.0,0.0,0.0025,0.0025,0.0
CS-DP-BT-BU,12,0.0,0.83015555,0.31958768,0.0,0.0,0.0029423963,0.0053560687,0.0
CS-DP-BT-BU,24,0.0,0.82883036,0.28998524,0.0,0.0,0.0002566385,8.0185e-05,0.0
