Treatments,Time,CA,BT,BU,CD,BV,CS,DP,CH
CDevo-CS-BT-BV-CA,0,0.002,0.002,0.0,0.002,0.002,0.002,0.0,0.0
CDevo-CS-BT-BV-CA,12,0.0019952848,0.0019982688,0.0,0.0020031244,0.002000487,0.0019908221,0.0,0.0
CDevo-CS-BT-BV-CA,24,0.0019905788,0.00199654,0.0,0.0020062523,0.0020009738,0.0019816859,0.0,0.0
CDevo-CS-DP-BT-BV-CA,0,0.001666667,0.001666667,0.0,0.001666667,0.001666667,0.001666667,0.001666667,0.0
CDevo-CS-DP-BT-BV-CA,12,0.0016627313,0.0016652304,0.0,0.0016692679,0.0016670701,0.0016590251,0.0016690202,0.0
CDevo-CS-DP-BT-BV-CA,24,0.0016588042,0.0016637946,0.0,0.0016718722,0.0016674746,0.0016514177,0.0016713779,0.0
CS-DP-BU-BV-CA,0,0.002,0.0,0.002,0.0,0.002,0.002,0.002,0.0
CS-DP-BU-BV-CA,12,0.0019952795,0.0,0.0019995393,0.0,0.002000473,0.001990852,0.002002812,0.0
CS-DP-BU-BV-CA,24,0.00199057,0.0,0.0019990788,0.0,0.002000946,0.0019817448,0.0020056283,0.0
