Treatments,Time,CA,BT,BU,CD,BV,CS,DP,CH
CDevo-BV,0,0.0,0.0,0.0,0.005,0.005,0.0,0.0,0.0
CDevo-BV,12,0.0,0.0,0.0,0.004986603,0.0050040497,0.0,0.0,0.0
CDevo-BV,24,0.0,0.0,0.0,0.0049732393,0.005008105,0.0,0.0,0.0
CDevo-CA,0,0.005,0.0,0.0,0.005,0.0,0.0,0.0,0.0
CDevo-CA,12,0.0049860324,0.0,0.0,0.0049867267,0.0,0.0,0.0,0.0
CDevo-CA,24,0.004972097,0.0,0.0,0.004973488,0.0,0.0,0.0,0.0
CDevo-CS-DP-BT,0,0.0,0.0025,0.0,0.0025,0.0,0.0025,0.0025,0.0
CDevo-CS-DP-BT,12,0.0,0.0025005501,0.0,0.0024933347,0.0,0.0025023415,0.0025021585,0.0
CDevo-CS-DP-BT,24,0.0,0.0025011015,0.0,0.0024866867,0.0,0.0025046864,0.0025043201,0.0
