Treatments,Time,CA,BT,BU,CD,BV,CS,DP,CH
CDevo-DP-BU-CA,0,0.0025,0.0,0.0025,0.0025,0.0,0.0,0.0025,0.0
CDevo-DP-BU-CA,12,0.020865692,0.0,0.8768593,0.17259422,0.0,0.0,0.06915818,0.0
CDevo-DP-BU-CA,24,0.07876839,0.0,0.8092058,0.20356956,0.0,0.0,0.082960695,0.0
CH-DP-BT-BU,0,0.0,0.0025,0.0025,0.0,0.0,0.0,0.0025,0.0025
CH-DP-BT-BU,12,0.0,0.866101,0.28949317,0.0,0.0,0.0,0.0047928854,0.007590212
CH-DP-BT-BU,24,0.0,0.85449123,0.27067688,0.0,0.0,0.0,0.00054316607,0.0013633398
CS-CH-DP-BU-BV-CA,0,0.001666667,0.0,0.001666667,0.0,0.001666667,0.001666667,0.001666667,0.001666667
CS-CH-DP-BU-BV-CA,12,0.01543714,0.0,0.7848721,0.0,0.24569902,0.0024987822,0.014664369,0.05012346
CS-CH-DP-BU-BV-CA,24,0.059594154,0.0,0.6083226,0.0,0.4140983,7.3515434e-06,0.0003140806,0.04049083
