Treatments,Time,CA,BT,BU,CD,BV,CS,DP,CH
CDevo-BV,0,0.0,0.0,0.0,0.005,0.005,0.0,0.0,0.0
CDevo-BV,12,0.0,0.0,0.0,0.0050209174,0.10199714,0.0,0.0,0.0
CDevo-BV,24,0.0,0.0,0.0,0.005036836,1.7367872,0.0,0.0,0.0
CDevo-CA,0,0.005,0.0,0.0,0.005,0.0,0.0,0.0,0.0
CDevo-CA,12,0.023350189,0.0,0.0,0.005021227,0.0,0.0,0.0,0.0
CDevo-CA,24,0.10832194,0.0,0.0,0.0050426307,0.0,0.0,0.0,0.0
CS-BT-BU-CA,0,0.0025,0.0025,0.0025,0.0,0.0,0.0025,0.0,0.0
CS-BT-BU-CA,12,0.011741839,0.84592265,0.301234,0.0,0.0,0.0025278064,0.0,0.0
CS-BT-BU-CA,24,0.05549247,0.9208582,0.28895363,0.0,0.0,0.002557675,0.0,0.0
