Treatments,Time,CA,BT,BU,CD,BV,CS,DP,CH
CDevo-CS-DP-BV-CA,0,0.002,0.0,0.0,0.002,0.002,0.002,0.002,0.0
CDevo-CS-DP-BV-CA,12,0.07366557,0.0,0.0,0.14133435,0.94385964,0.0136427665,0.04423688,0.0
CDevo-CS-DP-BV-CA,24,0.087098815,0.0,0.0,0.059087567,1.0338317,0.0055281795,0.008141171,0.0
CS-CH-BT-CA,0,0.0025,0.0025,0.0,0.0,0.0,0.0025,0.0,0.0025
CS-CH-BT-CA,12,0.023873882,1.0478309,0.0,0.0,0.0,0.012418131,0.0,0.037540495
CS-CH-BT-CA,24,0.036137618,1.046943,0.0,0.0,0.0,0.009555458,0.0,0.0334165
CS-DP-BU-CA,0,0.0025,0.0,0.0025,0.0,0.0,0.0025,0.0025,0.0
CS-DP-BU-CA,12,0.034594975,0.0,0.89509684,0.0,0.0,0.013990283,0.043142896,0.0
CS-DP-BU-CA,24,0.062092267,0.0,0.90771204,0.0,0.0,0.009887097,0.03716814,0.0
