Treatments,Time,CA,BT,BU,CD,BV,CS,DP,CH
CDevo-CS-BT-BU-CA,0,0.002,0.002,0.002,0.002,0.0,0.002,0.0,0.0
CDevo-CS-BT-BU-CA,12,0.015305812,0.81052333,0.33413348,0.019679429,0.0,0.0023597137,0.0,0.0
CDevo-CS-BT-BU-CA,24,0.032619648,0.8205155,0.2977666,0.0015446547,0.0,6.455451e-05,0.0,0.0
CS-BT-BU-BV,0,0.0,0.0025,0.0025,0.0,0.0025,0.0025,0.0,0.0
CS-BT-BU-BV,12,0.0,0.7193037,0.31722465,0.0,0.10912823,0.003680311,0.0,0.0
CS-BT-BU-BV,24,0.0,0.8021814,0.26888892,0.0,0.069119915,0.00014550053,0.0,0.0
CS-CH-BT-CA,0,0.0025,0.0025,0.0,0.0,0.0,0.0025,0.0,0.0025
CS-CH-BT-CA,12,0.023342662,1.0389763,0.0,0.0,0.0,0.0015299923,0.0,0.01938254
CS-CH-BT-CA,24,0.07618499,0.98910177,0.0,0.0,0.0,1.3910858e-05,0.0,0.0019856554
