Treatments,Time,CA,BT,BU,CD,BV,CS,DP,CH
CDevo-DP,0,0.0,0.0,0.0,0.005,0.0,0.0,0.005,0.0
CDevo-DP,12,0.0,0.0,0.0,0.39363202,0.0,0.0,0.22512935,0.0
CDevo-DP,24,0.0,0.0,0.0,0.38623646,0.0,0.0,0.24390115,0.0
CS-CH-DP-CA,0,0.0025,0.0,0.0,0.0,0.0,0.0025,0.0025,0.0025
CS-CH-DP-CA,12,0.11578435,0.0,0.0,0.0,0.0,0.031984165,0.17149138,0.23044947
CS-CH-DP-CA,24,0.21084186,0.0,0.0,0.0,0.0,0.016059626,0.08749813,0.42349008
DP-BT-BU-BV-CA,0,0.002,0.002,0.002,0.0,0.002,0.0,0.002,0.0
DP-BT-BU-BV-CA,12,0.011079359,0.75821984,0.32101828,0.0,0.07557573,0.0,0.008018643,0.0
DP-BT-BU-BV-CA,24,0.01660669,0.80014,0.29194278,0.0,0.036178246,0.0,0.0002673712,0.0
