Treatments,Time,CA,BT,BU,CD,BV,CS,DP,CH
CH-DP-BT-BU,0,0.0,0.0025,0.0025,0.0,0.0,0.0,0.0025,0.0025
CH-DP-BT-BU,12,0.0,0.05148695,0.034625515,0.0,0.0,0.0,0.002504108,0.002496971
CH-DP-BT-BU,24,0.0,0.94819593,0.45674005,0.0,0.0,0.0,0.0025082272,0.0024925526
CS-CH-BV-CA,0,0.0025,0.0,0.0,0.0,0.0025,0.0025,0.0,0.0025
CS-CH-BV-CA,12,0.0024970972,0.0,0.0,0.0,0.0025078661,0.0025037278,0.0,0.00249705
CS-CH-BV-CA,24,0.0024942,0.0,0.0,0.0,0.0025157575,0.0025074605,0.0,0.002494103
CS-CH-DP-BU-BV-CA,0,0.001666667,0.0,0.001666667,0.0,0.001666667,0.001666667,0.001666667,0.001666667
CS-CH-DP-BU-BV-CA,12,0.0016647467,0.0,0.023118498,0.0,0.0016719124,0.0016691142,0.001669436,0.0016646823
CS-CH-DP-BU-BV-CA,24,0.0016629952,0.0,0.31179026,0.0,0.0016771351,0.0016710709,0.0016726949,0.0016624639
