Treatments,Time,CA,BT,BU,CD,BV,CS,DP,CH
CDevo-CS-DP-BV-CA,0,0.002,0.0,0.0,0.002,0.002,0.002,0.002,0.0
CDevo-CS-DP-BV-CA,12,0.06574662,0.0,0.0,0.15048435,0.91880465,0.016444609,0.048356384,0.0
CDevo-CS-DP-BV-CA,24,0.10829486,0.0,0.0,0.08129246,0.98080903,0.010190356,0.008866967,0.0
CS-CH-BT-CA,0,0.0025,0.0025,0.0,0.0,0.0,0.0025,0.0,0.0025
CS-CH-BT-CA,12,0.040827252,1.0457863,0.0,0.0,0.0,0.015229785,0.0,0.02062933
CS-CH-BT-CA,24,0.08543902,1.0125527,0.0,0.0,0.0,0.015674865,0.0,0.0029096557
CS-DP-BU-CA,0,0.0025,0.0,0.0025,0.0,0.0,0.0025,0.0025,0.0
CS-DP-BU-CA,12,0.03654777,0.0,0.8607852,0.0,0.0,0.023739068,0.05098856,0.0
CS-DP-BU-CA,24,0.10550613,0.0,0.8221072,0.0,0.0,0.03637672,0.040260628,0.0
