Treatments,Time,CA,BT,BU,CD,BV,CS,DP,CH
CDevo-CS-BV-CA,0,0.0025,0.0,0.0,0.0025,0.0025,0.0025,0.0,0.0
CDevo-CS-BV-CA,12,0.0024916495,0.0,0.0,0.0025077022,0.0024996763,0.0025076605,0.0,0.0
CDevo-CS-BV-CA,24,0.002483327,0.0,0.0,0.0025154282,0.0024993524,0.002515348,0.0,0.0
CS-BT-BU-CA,0,0.0025,0.0025,0.0025,0.0,0.0,0.0025,0.0,0.0
CS-BT-BU-CA,12,0.0024917305,0.04701231,0.002497793,0.0,0.0,0.0025076705,0.0,0.0
CS-BT-BU-CA,24,0.0024844503,0.803202,0.002496542,0.0,0.0,0.002515929,0.0,0.0
CS-CH-BT-CA,0,0.0025,0.0025,0.0,0.0,0.0,0.0025,0.0,0.0025
CS-CH-BT-CA,12,0.0024916958,0.047011707,0.0,0.0,0.0,0.002507696,0.0,0.0025027602
CS-CH-BT-CA,24,0.0024843777,0.8031837,0.0,0.0,0.0,0.002515979,0.0,0.0025030288
