Treatments,Time,CA,BT,BU,CD,BV,CS,DP,CH
CDevo-CS-DP-BU,0,0.0,0.0,0.0025,0.0025,0.0,0.0025,0.0025,0.0
CDevo-CS-DP-BU,12,0.0,0.0,0.0025041504,0.0024976546,0.0,0.0025014752,0.0025000907,0.0
CDevo-CS-DP-BU,24,0.0,0.0,0.0025083069,0.0024953124,0.0,0.0025029518,0.0025001832,0.0
CDevo-DP,0,0.0,0.0,0.0,0.005,0.0,0.0,0.005,0.0
CDevo-DP,12,0.0,0.0,0.0,0.004995252,0.0,0.0,0.005000209,0.0
CDevo-DP,24,0.0,0.0,0.0,0.0049905083,0.0,0.0,0.005000422,0.0
CS-BT-BV-CA,0,0.0025,0.0025,0.0,0.0,0.0025,0.0025,0.0,0.0
CS-BT-BV-CA,12,0.0025015455,0.0024921384,0.0,0.0,0.0024922213,0.0025014689,0.0,0.0
CS-BT-BV-CA,24,0.0025030929,0.0024843034,0.0,0.0,0.002484466,0.0025029392,0.0,0.0
