Treatments,Time,CA,BT,BU,CD,BV,CS,DP,CH
CS-CH-DP-CA,0,0.0025,0.0,0.0,0.0,0.0,0.0025,0.0025,0.0025
CS-CH-DP-CA,12,0.15196401,0.0,0.0,0.0,0.0,0.03752373,0.20938677,0.24927881
CS-CH-DP-CA,24,0.21880037,0.0,0.0,0.0,0.0,0.010967038,0.25958902,0.18143503
CS-DP-BT-BU-BV-CA,0,0.001666667,0.001666667,0.001666667,0.0,0.001666667,0.001666667,0.001666667,0.0
CS-DP-BT-BU-BV-CA,12,0.007954371,0.85834813,0.2496321,0.0,0.054888587,0.0025398873,0.010813278,0.0
CS-DP-BT-BU-BV-CA,24,0.012426928,0.87174803,0.2290095,0.0,0.023553858,0.00015455253,0.0022095898,0.0
CS-DP-BT-BV,0,0.0,0.0025,0.0,0.0,0.0025,0.0025,0.0025,0.0
CS-DP-BT-BV,12,0.0,1.1334308,0.0,0.0,0.053773783,0.011674352,0.027335146,0.0
CS-DP-BT-BV,24,0.0,1.1116656,0.0,0.0,0.012299571,0.009028748,0.020025473,0.0
