Treatments,Time,CA,BT,BU,CD,BV,CS,DP,CH
CDevo-CS-DP-BT-BV-CA,0,0.001666667,0.001666667,0.0,0.001666667,0.001666667,0.001666667,0.001666667,0.0
CDevo-CS-DP-BT-BV-CA,12,0.018174984,1.0034,0.0,0.022164421,0.14614698,1.5073549e-12,0.0031580103,0.0
CDevo-CS-DP-BT-BV-CA,24,0.023793362,1.0216051,0.0,0.003973686,0.06299529,-7.0692096e-20,1.0902836e-06,0.0
CDevo-DP-BU-CA,0,0.0025,0.0,0.0025,0.0025,0.0,0.0,0.0025,0.0
CDevo-DP-BU-CA,12,9.972894,0.0,10.0,3.2419063e-08,0.0,0.0,9.999998,0.0
CDevo-DP-BU-CA,24,9.999971,0.0,10.0,-1.7544117e-08,0.0,0.0,9.999998,0.0
DP-BT-BU-BV-CA,0,0.002,0.002,0.002,0.0,0.002,0.0,0.002,0.0
DP-BT-BU-BV-CA,12,0.0014705012,0.8988905,0.25140452,0.0,0.19299449,0.0,0.006255273,0.0
DP-BT-BU-BV-CA,24,0.0021289622,0.86274666,0.24219371,0.0,0.045550995,0.0,0.0050222217,0.0
