Treatments,Time,CA,BT,BU,CD,BV,CS,DP,CH
CDevo-CS-CH-CA,0,0.0025,0.0,0.0,0.0025,0.0,0.0025,0.0,0.0025
CDevo-CS-CH-CA,12,0.06673158,0.0,0.0,0.49532768,0.0,0.029919812,0.0,0.064997636
CDevo-CS-CH-CA,24,0.29331374,0.0,0.0,0.40893203,0.0,0.020475935,0.0,0.0134405475
CDevo-CS-CH-DP-BU-BV,0,0.0,0.0,0.001666667,0.001666667,0.001666667,0.001666667,0.001666667,0.001666667
CDevo-CS-CH-DP-BU-BV,12,0.0,0.0,0.75871444,0.101108715,0.2572191,0.006721836,0.032296624,0.005636022
CDevo-CS-CH-DP-BU-BV,24,0.0,0.0,0.5748694,0.07955553,0.48053968,0.0017904126,0.024373911,6.5268956e-05
CS-DP-BT-BU-BV-CA,0,0.001666667,0.001666667,0.001666667,0.0,0.001666667,0.001666667,0.001666667,0.0
CS-DP-BT-BU-BV-CA,12,0.007797084,0.82633996,0.27245855,0.0,0.06879224,0.0022986755,0.008554182,0.0
CS-DP-BT-BU-BV-CA,24,0.008954531,0.8409762,0.2566257,0.0,0.03433565,0.00016683436,0.0010014523,0.0
