Treatments,Time,CA,BT,BU,CD,BV,CS,DP,CH
CDevo-CS-CH-DP-BT-BU-BV-CA,0,0.00125,0.00125,0.00125,0.00125,0.00125,0.00125,0.00125,0.00125
CDevo-CS-CH-DP-BT-BU-BV-CA,12,0.008734081,0.84814817,0.26074716,0.011918575,0.06848615,0.0013443336,0.004891141,0.005413167
CDevo-CS-CH-DP-BT-BU-BV-CA,24,0.008981413,0.82926,0.26491356,0.0016083427,0.032106966,8.136349e-05,0.00074884587,0.0007586411
CS-CH-DP-BT-BU-BV-CA,0,0.001428571,0.001428571,0.001428571,0.0,0.001428571,0.001428571,0.001428571,0.001428571
CS-CH-DP-BT-BU-BV-CA,12,0.0075184493,0.8381426,0.27074265,0.0,0.060285315,0.0018571098,0.0055816406,0.0078071477
CS-CH-DP-BT-BU-BV-CA,24,0.0073828152,0.82652205,0.27122545,0.0,0.027051484,0.00013671079,0.00083186897,0.001141046
CS-DP-BT-BV-CA,0,0.002,0.002,0.0,0.0,0.002,0.002,0.002,0.0
CS-DP-BT-BV-CA,12,0.013531735,1.0768269,0.0,0.0,0.07453327,0.0036121455,0.022221487,0.0
CS-DP-BT-BV-CA,24,0.023733823,1.040816,0.0,0.0,0.031048644,0.000968224,0.01183094,0.0
