Treatments,Time,CA,BT,BU,CD,BV,CS,DP,CH
CDevo-CS-BT-BV-CA,0,0.002,0.002,0.0,0.002,0.002,0.002,0.0,0.0
CDevo-CS-BT-BV-CA,12,0.018098645,1.0217571,0.0,0.016111651,0.11657427,0.004905067,0.0,0.0
CDevo-CS-BT-BV-CA,24,0.020938447,1.0023092,0.0,0.0007179257,0.08897612,0.0017922,0.0,0.0
CDevo-CS-DP-BV-CA,0,0.002,0.0,0.0,0.002,0.002,0.002,0.002,0.0
CDevo-CS-DP-BV-CA,12,0.056451533,0.0,0.0,0.13597712,0.93256766,0.0172766,0.031277854,0.0
CDevo-CS-DP-BV-CA,24,0.09997503,0.0,0.0,0.08890106,1.0006142,0.0064429445,0.000114854905,0.0
CS-CH-DP-BT-BU-BV-CA,0,0.001428571,0.001428571,0.001428571,0.0,0.001428571,0.001428571,0.001428571,0.001428571
CS-CH-DP-BT-BU-BV-CA,12,0.008879925,0.84274864,0.26773518,0.0,0.054666407,0.002855927,0.007921727,0.008751441
CS-CH-DP-BT-BU-BV-CA,24,0.011225465,0.84705037,0.2559773,0.0,0.029589638,0.0002606421,0.00070145575,0.0017663883
