Treatments,Time,CA,BT,BU,CD,BV,CS,DP,CH
CH-BU-BV-CA,0,0.0025,0.0,0.0025,0.0,0.0025,0.0,0.0,0.0025
CH-BU-BV-CA,12,0.010311414,0.0,0.83135134,0.0,0.21973033,0.0,0.0,0.07875626
CH-BU-BV-CA,24,0.024438936,0.0,0.769511,0.0,0.27507678,0.0,0.0,0.0679166
CH-DP-BT-BU,0,0.0,0.0025,0.0025,0.0,0.0,0.0,0.0025,0.0025
CH-DP-BT-BU,12,0.0,0.888237,0.27098548,0.0,0.0,0.0,0.006474912,0.0034802584
CH-DP-BT-BU,24,0.0,0.8890862,0.23353216,0.0,0.0,0.0,0.0009262276,0.00021261543
CS-BT-BU-BV,0,0.0,0.0025,0.0025,0.0,0.0025,0.0025,0.0,0.0
CS-BT-BU-BV,12,0.0,0.73216724,0.31573084,0.0,0.09971348,0.0013203932,0.0,0.0
CS-BT-BU-BV,24,0.0,0.83135015,0.24932428,0.0,0.06057895,1.1769459e-05,0.0,0.0
