Treatments,Time,CA,BT,BU,CD,BV,CS,DP,CH
CDevo-CS,0,0.0,0.0,0.0,0.005,0.0,0.005,0.0,0.0
CDevo-CS,12,0.0,0.0,0.0,0.5366101,0.0,0.050082758,0.0,0.0
CDevo-CS,24,0.0,0.0,0.0,0.58210707,0.0,0.051722642,0.0,0.0
CH-DP-BU-CA,0,0.0025,0.0,0.0025,0.0,0.0,0.0,0.0025,0.0025
CH-DP-BU-CA,12,0.05399034,0.0,0.9207878,0.0,0.0,0.0,0.044302136,0.061531466
CH-DP-BU-CA,24,0.11123229,0.0,0.925765,0.0,0.0,0.0,0.038618114,0.0827774
CS-CH-DP-BV-CA,0,0.002,0.0,0.0,0.0,0.002,0.002,0.002,0.002
CS-CH-DP-BV-CA,12,0.06471779,0.0,0.0,0.0,0.83009344,0.025022738,0.06993185,0.08794773
CS-CH-DP-BV-CA,24,0.10776432,0.0,0.0,0.0,0.9571886,0.019779429,0.030253535,0.07757096
