Treatments,Time,CA,BT,BU,CD,BV,CS,DP,CH
CDevo-CS-DP-CA,0,0.0025,0.0,0.0,0.0025,0.0,0.0025,0.0025,0.0
CDevo-CS-DP-CA,12,0.009405481,0.0,0.0,0.0025176092,0.0,0.0025208467,0.0124141835,0.0
CDevo-CS-DP-CA,24,0.035314873,0.0,0.0,0.0025352645,0.0,0.0025419404,0.061410896,0.0
CS-BT-BV-CA,0,0.0025,0.0025,0.0,0.0,0.0025,0.0025,0.0,0.0
CS-BT-BV-CA,12,0.009404976,0.96483815,0.0,0.0,0.0025426724,0.0025216022,0.0,0.0
CS-BT-BV-CA,24,0.03530896,1.0452818,0.0,0.0,0.002577235,0.002545152,0.0,0.0
CS-CH-DP-BT-BU-CA,0,0.001666667,0.001666667,0.001666667,0.0,0.0,0.001666667,0.001666667,0.001666667
CS-CH-DP-BT-BU-CA,12,0.006275022,0.80785984,0.294996,0.0,0.0,0.0016805677,0.007877644,0.0068002455
CS-CH-DP-BT-BU-CA,24,0.023612639,0.90516883,0.30382025,0.0,0.0,0.001694601,0.032807298,0.027309254
