Treatments,Time,CA,BT,BU,CD,BV,CS,DP,CH
CDevo-CS-DP-BU-BV,0,0.0,0.0,0.002,0.002,0.002,0.002,0.002,0.0
CDevo-CS-DP-BU-BV,12,0.0,0.0,0.7547574,0.10029577,0.2805168,0.010850492,0.034519106,0.0
CDevo-CS-DP-BU-BV,24,0.0,0.0,0.6278435,0.09142257,0.47989342,0.010665604,0.04946844,0.0
CH-DP-BV-CA,0,0.0025,0.0,0.0,0.0,0.0025,0.0,0.0025,0.0025
CH-DP-BV-CA,12,0.013535259,0.0,0.0,0.0,0.84231985,0.0,0.07856808,0.0743318
CH-DP-BV-CA,24,0.08483536,0.0,0.0,0.0,1.0130135,0.0,0.110949196,0.14781652
CS-CH-BT-CA,0,0.0025,0.0025,0.0,0.0,0.0,0.0025,0.0,0.0025
CS-CH-BT-CA,12,0.0082896855,1.0549352,0.0,0.0,0.0,0.01252409,0.0,0.030650668
CS-CH-BT-CA,24,0.017624777,1.0593461,0.0,0.0,0.0,0.016509863,0.0,0.057016805
