Treatments,Time,CA,BT,BU,CD,BV,CS,DP,CH
CDevo-CS-CH-DP-BT-BU-BV-CA,0,0.00125,0.00125,0.00125,0.00125,0.00125,0.00125,0.00125,0.00125
CDevo-CS-CH-DP-BT-BU-BV-CA,12,0.011996515,0.839311,0.26784605,0.026809037,0.06870672,0.0028633242,0.0061978977,0.010733232
CDevo-CS-CH-DP-BT-BU-BV-CA,24,0.014227146,0.8439159,0.2576186,0.009822761,0.040873636,0.0005453986,0.0005578484,0.00461635
CDevo-CS-CH-DP-BU-BV,0,0.0,0.0,0.001666667,0.001666667,0.001666667,0.001666667,0.001666667,0.001666667
CDevo-CS-CH-DP-BU-BV,12,0.0,0.0,0.696794,0.10730133,0.31757304,0.011100365,0.035156395,0.020440603
CDevo-CS-CH-DP-BU-BV,24,0.0,0.0,0.4761213,0.09336789,0.5892232,0.009201171,0.028094886,0.005477909
CDevo-CS-DP-BT-BV-CA,0,0.001666667,0.001666667,0.0,0.001666667,0.001666667,0.001666667,0.001666667,0.0
CDevo-CS-DP-BT-BV-CA,12,0.014581339,1.051063,0.0,0.028932039,0.09869799,0.002840739,0.02000318,0.0
CDevo-CS-DP-BT-BV-CA,24,0.014388366,1.0447627,0.0,0.008274951,0.062902264,0.00030352653,0.012929701,0.0
