Treatments,Time,CA,BT,BU,CD,BV,CS,DP,CH
CDevo-CS-DP-BU,0,0.0,0.0,0.0025,0.0025,0.0,0.0025,0.0025,0.0
CDevo-CS-DP-BU,12,0.0,0.0,0.92501444,0.14271653,0.0,0.014627719,0.031369764,0.0
CDevo-CS-DP-BU,24,0.0,0.0,0.9370277,0.17739207,0.0,0.016548201,0.03729459,0.0
CS-BT-BU-BV,0,0.0,0.0025,0.0025,0.0,0.0025,0.0025,0.0,0.0
CS-BT-BU-BV,12,0.0,0.8137072,0.28491038,0.0,0.07066628,0.01082927,0.0,0.0
CS-BT-BU-BV,24,0.0,0.8573508,0.2610037,0.0,0.03858789,0.012978753,0.0,0.0
CS-DP-BT-BU-BV,0,0.0,0.002,0.002,0.0,0.002,0.002,0.002,0.0
CS-DP-BT-BU-BV,12,0.0,0.81596863,0.28399333,0.0,0.06727726,0.009181337,0.013126776,0.0
CS-DP-BT-BU-BV,24,0.0,0.8579293,0.2614541,0.0,0.03700201,0.011065849,0.00959698,0.0
