Treatments,Time,CA,BT,BU,CD,BV,CS,DP,CH
CDevo-CS-CH-DP-BU-BV,0,0.0,0.0,0.001666667,0.001666667,0.001666667,0.001666667,0.001666667,0.001666667
CDevo-CS-CH-DP-BU-BV,12,0.0,0.0,0.7081565,0.093504146,0.28626597,0.0042498596,0.036738504,0.0082398085
CDevo-CS-CH-DP-BU-BV,24,0.0,0.0,0.45417577,0.0716231,0.5907317,0.0003270093,0.025106486,0.0018893363
CDevo-CS-DP-BU-CA,0,0.002,0.0,0.002,0.002,0.0,0.002,0.002,0.0
CDevo-CS-DP-BU-CA,12,0.022553097,0.0,0.9126721,0.13683006,0.0,0.009347974,0.06479916,0.0
CDevo-CS-DP-BU-CA,24,0.12952717,0.0,0.82197905,0.13931899,0.0,0.0012687227,0.06969569,0.0
DP-BT-BV-CA,0,0.0025,0.0025,0.0,0.0,0.0025,0.0,0.0025,0.0
DP-BT-BV-CA,12,0.014258524,1.0482458,0.0,0.0,0.07298104,0.0,0.018536592,0.0
DP-BT-BV-CA,24,0.04379485,1.0089169,0.0,0.0,0.035926152,0.0,0.0058171456,0.0
