Treatments,Time,CA,BT,BU,CD,BV,CS,DP,CH
CS-CH-DP-CA,0,0.0025,0.0,0.0,0.0,0.0,0.0025,0.0025,0.0025
CS-CH-DP-CA,12,0.06036727,0.0,0.0,0.0,0.0,0.05886604,0.2027856,0.16391996
CS-CH-DP-CA,24,0.14446983,0.0,0.0,0.0,0.0,0.17351373,0.293997,0.10406717
CS-DP-BT-BU-BV-CA,0,0.001666667,0.001666667,0.001666667,0.0,0.001666667,0.001666667,0.001666667,0.0
CS-DP-BT-BU-BV-CA,12,0.0121679595,0.82448643,0.2667412,0.0,0.066923656,0.0065602832,0.0075621894,0.0
CS-DP-BT-BU-BV-CA,24,0.017347561,0.8361467,0.25822538,0.0,0.039538387,0.0037409707,0.00081484014,0.0
CS-DP-BT-BV,0,0.0,0.0025,0.0,0.0,0.0025,0.0025,0.0025,0.0
CS-DP-BT-BV,12,0.0,1.0635198,0.0,0.0,0.090511814,0.010545491,0.024925733,0.0
CS-DP-BT-BV,24,0.0,1.062431,0.0,0.0,0.05363224,0.0073829847,0.017608756,0.0
