Treatments,Time,CA,BT,BU,CD,BV,CS,DP,CH
CDevo-CS-BT-BU-CA,0,0.002,0.002,0.002,0.002,0.0,0.002,0.0,0.0
CDevo-CS-BT-BU-CA,12,0.010869454,0.0020267947,0.6637057,0.002007946,0.0,0.011663238,0.0,0.0
CDevo-CS-BT-BU-CA,24,0.05888748,0.0020537004,0.8667798,0.0020163644,0.0,0.06766627,0.0,0.0
CS-BT-BU-BV,0,0.0,0.0025,0.0025,0.0,0.0025,0.0025,0.0,0.0
CS-BT-BU-BV,12,0.0,0.0025325306,0.6525597,0.0,0.26354578,0.014578149,0.0,0.0
CS-BT-BU-BV,24,0.0,0.002560844,0.77136505,0.0,0.48320562,0.084530696,0.0,0.0
CS-CH-BT-CA,0,0.0025,0.0025,0.0,0.0,0.0,0.0025,0.0,0.0025
CS-CH-BT-CA,12,0.013580942,0.002533568,0.0,0.0,0.0,0.014577952,0.0,0.015235622
CS-CH-BT-CA,24,0.073416784,0.0025676452,0.0,0.0,0.0,0.08452616,0.0,0.09224317
