Treatments,Time,CA,BT,BU,CD,BV,CS,DP,CH
CDevo-CS-DP-CA,0,0.0025,0.0,0.0,0.0025,0.0,0.0025,0.0025,0.0
CDevo-CS-DP-CA,12,0.16951068,0.0,0.0,0.36384034,0.0,0.021843089,0.17231962,0.0
CDevo-CS-DP-CA,24,0.27826408,0.0,0.0,0.32966575,0.0,0.0034207173,0.20188747,0.0
CDevo-DP-BU-CA,0,0.0025,0.0,0.0025,0.0025,0.0,0.0,0.0025,0.0
CDevo-DP-BU-CA,12,0.029780703,0.0,0.8788929,0.19110219,0.0,0.0,0.073306836,0.0
CDevo-DP-BU-CA,24,0.12978233,0.0,0.73696667,0.21924593,0.0,0.0,0.08846151,0.0
CS-DP-BT-BU-BV-CA,0,0.001666667,0.001666667,0.001666667,0.0,0.001666667,0.001666667,0.001666667,0.0
CS-DP-BT-BU-BV-CA,12,0.0063723237,0.82541853,0.27558893,0.0,0.06260813,0.0015407479,0.009382746,0.0
CS-DP-BT-BU-BV-CA,24,0.008939122,0.82277983,0.27357936,0.0,0.03141836,4.9280443e-05,0.0012084274,0.0
