Treatments,Time,CA,BT,BU,CD,BV,CS,DP,CH
CDevo-BT-BU-CA,0,0.0025,0.0025,0.0025,0.0025,0.0,0.0,0.0,0.0
CDevo-BT-BU-CA,12,0.02007055,0.78011245,0.35417807,0.03834438,0.0,0.0,0.0,0.0
CDevo-BT-BU-CA,24,0.03464619,0.78523344,0.3141256,0.007955891,0.0,0.0,0.0,0.0
CDevo-CS-CH-CA,0,0.0025,0.0,0.0,0.0025,0.0,0.0025,0.0,0.0025
CDevo-CS-CH-CA,12,0.33971748,0.0,0.0,0.34972975,0.0,0.021967553,0.0,0.087050244
CDevo-CS-CH-CA,24,0.34613574,0.0,0.0,0.24943767,0.0,0.021925854,0.0,0.098501414
CH-DP-BV-CA,0,0.0025,0.0,0.0,0.0,0.0025,0.0,0.0025,0.0025
CH-DP-BV-CA,12,0.08793789,0.0,0.0,0.0,0.858963,0.0,0.06481997,0.09536143
CH-DP-BV-CA,24,0.17088,0.0,0.0,0.0,0.8641508,0.0,0.075113885,0.0020783134
