Treatments,Time,CA,BT,BU,CD,BV,CS,DP,CH
CS-BT-BU-CA,0,0.0025,0.0025,0.0025,0.0,0.0,0.0025,0.0,0.0
CS-BT-BU-CA,12,0.017272823,0.8059889,0.35673222,0.0,0.0,0.008277544,0.0,0.0
CS-BT-BU-CA,24,0.022653341,0.8500894,0.28527924,0.0,0.0,0.0029544071,0.0,0.0
CS-DP-BT-BU,0,0.0,0.0025,0.0025,0.0,0.0,0.0025,0.0025,0.0
CS-DP-BT-BU,12,0.0,0.8585891,0.29710767,0.0,0.0,0.007753781,0.0026892647,0.0
CS-DP-BT-BU,24,0.0,0.86209583,0.26381603,0.0,0.0,0.0033226393,4.5463108e-05,0.0
CS-DP-BU-BV-CA,0,0.002,0.0,0.002,0.0,0.002,0.002,0.002,0.0
CS-DP-BU-BV-CA,12,0.029857432,0.0,0.73803836,0.0,0.2382025,0.003843865,0.033566494,0.0
CS-DP-BU-BV-CA,24,0.07462786,0.0,0.55398095,0.0,0.43062246,3.213918e-05,0.026130807,0.0
