Treatments,Time,CA,BT,BU,CD,BV,CS,DP,CH
CDevo-BU,0,0.0,0.0,0.005,0.005,0.0,0.0,0.0,0.0
CDevo-BU,12,0.0,0.0,0.91118103,0.18950531,0.0,0.0,0.0,0.0
CDevo-BU,24,0.0,0.0,0.9129413,0.20188846,0.0,0.0,0.0,0.0
CDevo-CS-DP-BT-BV-CA,0,0.001666667,0.001666667,0.0,0.001666667,0.001666667,0.001666667,0.001666667,0.0
CDevo-CS-DP-BT-BV-CA,12,0.006575336,1.0606217,0.0,0.022481369,0.08397956,0.0062111625,0.02564722,0.0
CDevo-CS-DP-BT-BV-CA,24,0.011748885,1.0549426,0.0,0.0038636548,0.047086924,0.0030491655,0.015275423,0.0
CS-CH-DP-BU,0,0.0,0.0,0.0025,0.0,0.0,0.0025,0.0025,0.0025
CS-CH-DP-BU,12,0.0,0.0,1.005287,0.0,0.0,0.017440984,0.03710246,0.05714732
CS-CH-DP-BU,24,0.0,0.0,1.0303873,0.0,0.0,0.020918531,0.013591111,0.07629883
