Treatments,Time,CA,BT,BU,CD,BV,CS,DP,CH
CDevo-CS-CA,0,0.003333333,0.0,0.0,0.003333333,0.0,0.003333333,0.0,0.0
CDevo-CS-CA,12,0.02063104,0.0,0.0,0.4378895,0.0,0.035656083,0.0,0.0
CDevo-CS-CA,24,0.15823328,0.0,0.0,0.53284526,0.0,0.08187955,0.0,0.0
CDevo-DP-BT-BU-BV-CA,0,0.001666667,0.001666667,0.001666667,0.001666667,0.001666667,0.0,0.001666667,0.0
CDevo-DP-BT-BU-BV-CA,12,0.006765161,0.8311174,0.27071702,0.030368956,0.07061486,0.0,0.011862453,0.0
CDevo-DP-BT-BU-BV-CA,24,0.018124405,0.8766131,0.24186173,0.017078154,0.044120826,0.0,0.008076256,0.0
CH-DP-BT-BU-BV-CA,0,0.001666667,0.001666667,0.001666667,0.0,0.001666667,0.0,0.001666667,0.001666667
CH-DP-BT-BU-BV-CA,12,0.006670929,0.8317881,0.27290094,0.0,0.066070564,0.0,0.0119173415,0.013091847
CH-DP-BT-BU-BV-CA,24,0.017605048,0.8767552,0.2454106,0.0,0.038905203,0.0,0.008174934,0.014776097
