Treatments,Time,CA,BT,BU,CD,BV,CS,DP,CH
CDevo-CS-DP-BT-BV-CA,0,0.001666667,0.001666667,0.0,0.001666667,0.001666667,0.001666667,0.001666667,0.0
CDevo-CS-DP-BT-BV-CA,12,0.0016685767,0.0016684965,0.0,0.0016668686,0.001667763,0.0016689595,0.0016690498,0.0
CDevo-CS-DP-BT-BV-CA,24,0.0016704885,0.0016703275,0.0,0.0016670709,0.0016688601,0.001671255,0.0016714359,0.0
CS-DP-BT-BU,0,0.0,0.0025,0.0025,0.0,0.0,0.0025,0.0025,0.0
CS-DP-BT-BU,12,0.0,0.0025027562,0.0025026386,0.0,0.0,0.0025034654,0.002503554,0.0
CS-DP-BT-BU,24,0.0,0.0025055162,0.0025052798,0.0,0.0,0.0025069371,0.0025071132,0.0
CS-DP-BT-BU-BV-CA,0,0.001666667,0.001666667,0.001666667,0.0,0.001666667,0.001666667,0.001666667,0.0
CS-DP-BT-BU-BV-CA,12,0.0016685819,0.0016684993,0.0016684118,0.0,0.0016677694,0.001668979,0.0016690404,0.0
CS-DP-BT-BU-BV-CA,24,0.0016704986,0.0016703334,0.001670158,0.0,0.0016688729,0.001671293,0.0016714168,0.0
