Treatments,Time,CA,BT,BU,CD,BV,CS,DP,CH
CDevo-CH-BU-CA,0,0.0025,0.0,0.0025,0.0025,0.0,0.0,0.0,0.0025
CDevo-CH-BU-CA,12,0.002504763,0.0,0.04026107,0.0025003562,0.0,0.0,0.0,0.0024977282
CDevo-CH-BU-CA,24,0.0025096652,0.0,0.6136288,0.002501284,0.0,0.0,0.0,0.0024955012
CDevo-DP-BT-CA,0,0.0025,0.0025,0.0,0.0025,0.0,0.0,0.0025,0.0
CDevo-DP-BT-CA,12,0.00250474,0.0025074459,0.0,0.0025003168,0.0,0.0,0.0024971932,0.0
CDevo-DP-BT-CA,24,0.0025094887,0.0025149132,0.0,0.0025006337,0.0,0.0,0.002494389,0.0
CS-CH-DP-BT-BU,0,0.0,0.002,0.002,0.0,0.0,0.002,0.002,0.002
CS-CH-DP-BT-BU,12,0.0,0.0020059154,0.032233197,0.0,0.0,0.0020014269,0.001997766,0.0019981684
CS-CH-DP-BT-BU,24,0.0,0.002011507,0.4969384,0.0,0.0,0.0020033445,0.0019957162,0.0019963658
