Treatments,Time,CA,BT,BU,CD,BV,CS,DP,CH
CDevo-CH-DP-BT-BU,0,0.0,0.002,0.002,0.002,0.0,0.0,0.002,0.002
CDevo-CH-DP-BT-BU,12,0.0,0.8098069,0.336419,0.031205602,0.0,0.0,0.015541843,0.013546814
CDevo-CH-DP-BT-BU,24,0.0,0.8318258,0.31541938,0.01587955,0.0,0.0,0.0131504545,0.013529608
CDevo-CH-DP-CA,0,0.0025,0.0,0.0,0.0025,0.0,0.0,0.0025,0.0025
CDevo-CH-DP-CA,12,0.015795847,0.0,0.0,0.37383905,0.0,0.0,0.13417026,0.05716318
CDevo-CH-DP-CA,24,0.13466,0.0,0.0,0.4275086,0.0,0.0,0.3426239,0.08367097
CDevo-CS-BT-BU-BV,0,0.0,0.002,0.002,0.002,0.002,0.002,0.0,0.0
CDevo-CS-BT-BU-BV,12,0.0,0.8002079,0.29835728,0.02918119,0.06990696,0.008056278,0.0,0.0
CDevo-CS-BT-BU-BV,24,0.0,0.8395349,0.2779548,0.014291774,0.04054134,0.00951538,0.0,0.0
