Treatments,Time,CA,BT,BU,CD,BV,CS,DP,CH
CDevo-CS-BT-BU-BV,0,0.0,0.002,0.002,0.002,0.002,0.002,0.0,0.0
CDevo-CS-BT-BU-BV,12,0.0,0.7185876,0.3505325,0.019232277,0.09712121,0.0008433534,0.0,0.0
CDevo-CS-BT-BU-BV,24,0.0,0.7695687,0.31538436,0.0029544563,0.04823484,1.7386406e-05,0.0,0.0
CDevo-CS-CH-DP,0,0.0,0.0,0.0,0.0025,0.0,0.0025,0.0025,0.0025
CDevo-CS-CH-DP,12,0.0,0.0,0.0,0.32723117,0.0,0.034821283,0.22133999,0.055034336
CDevo-CS-CH-DP,24,0.0,0.0,0.0,0.14363253,0.0,0.12959723,0.39310887,0.006895972
CS-DP-BT-BU-BV,0,0.0,0.002,0.002,0.0,0.002,0.002,0.002,0.0
CS-DP-BT-BU-BV,12,0.0,0.7977868,0.29564077,0.0,0.06229587,0.0014926648,0.009028811,0.0
CS-DP-BT-BU-BV,24,0.0,0.80006725,0.2931357,0.0,0.027632793,0.000102858976,0.0011109285,0.0
