Treatments,Time,CA,BT,BU,CD,BV,CS,DP,CH
CDevo-CH-DP-BT-BU,0,0.0,0.002,0.002,0.002,0.0,0.0,0.002,0.002
CDevo-CH-DP-BT-BU,12,0.0,0.8745104,0.28534678,0.028025735,0.0,0.0,0.0035700887,0.007521866
CDevo-CH-DP-BT-BU,24,0.0,0.8399183,0.27830997,0.014822822,0.0,0.0,0.00042059325,0.0017161778
CDevo-CH-DP-CA,0,0.0025,0.0,0.0,0.0025,0.0,0.0,0.0025,0.0025
CDevo-CH-DP-CA,12,0.02837888,0.0,0.0,0.41412023,0.0,0.0,0.17806037,0.03020429
CDevo-CH-DP-CA,24,0.21008343,0.0,0.0,0.31373447,0.0,0.0,0.26057056,0.0008605093
CH-DP-BV-CA,0,0.0025,0.0,0.0,0.0,0.0025,0.0,0.0025,0.0025
CH-DP-BV-CA,12,0.030846387,0.0,0.0,0.0,0.90796804,0.0,0.071274824,0.10154435
CH-DP-BV-CA,24,0.19949293,0.0,0.0,0.0,0.89265704,0.0,0.019853216,0.009839683
