Treatments,Time,CA,BT,BU,CD,BV,CS,DP,CH
CDevo-CA,0,0.005,0.0,0.0,0.005,0.0,0.0,0.0,0.0
CDevo-CA,12,0.03575264,0.0,0.0,0.51082593,0.0,0.0,0.0,0.0
CDevo-CA,24,0.30843076,0.0,0.0,0.41361275,0.0,0.0,0.0,0.0
CH-BU-BV-CA,0,0.0025,0.0,0.0025,0.0,0.0025,0.0,0.0,0.0025
CH-BU-BV-CA,12,0.015956622,0.0,0.69685507,0.0,0.30343157,0.0,0.0,0.014074793
CH-BU-BV-CA,24,0.07599113,0.0,0.46334127,0.0,0.49075556,0.0,0.0,0.03685752
CS-CH-BU-BV,0,0.0,0.0,0.0025,0.0,0.0025,0.0025,0.0,0.0025
CS-CH-BU-BV,12,0.0,0.0,0.6894338,0.0,0.32790032,0.0028451541,0.0,0.014990584
CS-CH-BU-BV,24,0.0,0.0,0.47866496,0.0,0.5744274,1.965351e-06,0.0,0.046170194
