Treatments,Time,CA,BT,BU,CD,BV,CS,DP,CH
CDevo-CS-BV-CA,0,0.0025,0.0,0.0,0.0025,0.0025,0.0025,0.0,0.0
CDevo-CS-BV-CA,12,0.0025053762,0.0,0.0,0.0024962772,0.002500708,0.0024990658,0.0,0.0
CDevo-CS-BV-CA,24,0.002510762,0.0,0.0,0.0024925598,0.0025014163,0.0024981326,0.0,0.0
CDevo-CS-DP-CA,0,0.0025,0.0,0.0,0.0025,0.0,0.0025,0.0025,0.0
CDevo-CS-DP-CA,12,0.0025053544,0.0,0.0,0.0024962702,0.0,0.0024990812,0.0024950036,0.0
CDevo-CS-DP-CA,24,0.0025107183,0.0,0.0,0.0024925454,0.0,0.002498163,0.0024900169,0.0
DP-BT-BV-CA,0,0.0025,0.0025,0.0,0.0,0.0025,0.0,0.0025,0.0
DP-BT-BV-CA,12,0.0025053653,0.0024965822,0.0,0.0,0.0025007033,0.0,0.0024950383,0.0
DP-BT-BV-CA,24,0.0025107434,0.0024931673,0.0,0.0,0.002501407,0.0,0.0024900867,0.0
