Treatments,Time,CA,BT,BU,CD,BV,CS,DP,CH
CDevo-CS-CA,0,0.003333333,0.0,0.0,0.003333333,0.0,0.003333333,0.0,0.0
CDevo-CS-CA,12,0.003328925,0.0,0.0,0.0033374336,0.0,0.0033306277,0.0,0.0
CDevo-CS-CA,24,0.0033245224,0.0,0.0,0.0033415381,0.0,0.0033279238,0.0,0.0
CDevo-CS-CH-DP-BT-BU-BV-CA,0,0.00125,0.00125,0.00125,0.00125,0.00125,0.00125,0.00125,0.00125
CDevo-CS-CH-DP-BT-BU-BV-CA,12,0.0012483399,0.0012495702,0.0012495297,0.0012515334,0.0012499624,0.0012489912,0.001251352,0.0012500063
CDevo-CS-CH-DP-BT-BU-BV-CA,24,0.0012466834,0.0012491402,0.0012490604,0.0012530676,0.0012499248,0.0012479837,0.0012527062,0.0012500125
CDevo-CS-CH-DP-BU,0,0.0,0.0,0.002,0.002,0.0,0.002,0.002,0.002
CDevo-CS-CH-DP-BU,12,0.0,0.0,0.001999254,0.0020024495,0.0,0.0019983745,0.0020021456,0.0019999894
CDevo-CS-CH-DP-BU,24,0.0,0.0,0.001998507,0.002004902,0.0,0.0019967495,0.002004293,0.0019999773
