Treatments,Time,CA,BT,BU,CD,BV,CS,DP,CH
CDevo-CS-CH-DP,0,0.0,0.0,0.0,0.0025,0.0,0.0025,0.0025,0.0025
CDevo-CS-CH-DP,12,0.0,0.0,0.0,0.35491064,0.0,0.02910096,0.17488863,0.04129969
CDevo-CS-CH-DP,24,0.0,0.0,0.0,0.3554903,0.0,0.02101455,0.23597398,0.0042440007
CS-DP-BT-BU,0,0.0,0.0025,0.0025,0.0,0.0,0.0025,0.0025,0.0
CS-DP-BT-BU,12,0.0,0.85305995,0.29726988,0.0,0.0,0.0008851955,0.008885485,0.0
CS-DP-BT-BU,24,0.0,0.8518004,0.2672943,0.0,0.0,6.9726298e-06,0.000424402,0.0
DP-BT-BU-BV-CA,0,0.002,0.002,0.002,0.0,0.002,0.0,0.002,0.0
DP-BT-BU-BV-CA,12,0.01022207,0.766544,0.31431884,0.0,0.07778854,0.0,0.012107599,0.0
DP-BT-BU-BV-CA,24,0.016947942,0.8144792,0.2694182,0.0,0.04391023,0.0,0.0007806471,0.0
