Treatments,Time,CA,BT,BU,CD,BV,CS,DP,CH
CDevo-CS-CA,0,0.003333333,0.0,0.0,0.003333333,0.0,0.003333333,0.0,0.0
CDevo-CS-CA,12,0.035788454,0.0,0.0,0.47394183,0.0,0.03841014,0.0,0.0
CDevo-CS-CA,24,0.35041565,0.0,0.0,0.31099573,0.0,0.06871112,0.0,0.0
CDevo-CS-CH-CA,0,0.0025,0.0,0.0,0.0025,0.0,0.0025,0.0,0.0025
CDevo-CS-CH-CA,12,0.04314574,0.0,0.0,0.486017,0.0,0.016232051,0.0,0.06210974
CDevo-CS-CH-CA,24,0.46749604,0.0,0.0,0.27305007,0.0,0.013111017,0.0,0.09578023
CH-DP-BT-BU-BV-CA,0,0.001666667,0.001666667,0.001666667,0.0,0.001666667,0.0,0.001666667,0.001666667
CH-DP-BT-BU-BV-CA,12,0.005177044,0.83793324,0.2770625,0.0,0.0023979605,0.0,0.0002511254,0.0024523938
CH-DP-BT-BU-BV-CA,24,0.0030137922,0.85058576,0.2835547,0.0,3.4851169e-09,0.0,1.7810425e-11,1.0888253e-06
