Treatments,Time,CA,BT,BU,CD,BV,CS,DP,CH
CDevo-CS,0,0.0,0.0,0.0,0.005,0.0,0.005,0.0,0.0
CDevo-CS,12,0.0,0.0,0.0,0.42029366,0.0,0.078089215,0.0,0.0
CDevo-CS,24,0.0,0.0,0.0,0.21567528,0.0,0.26543963,0.0,0.0
CH-DP-BU-CA,0,0.0025,0.0,0.0025,0.0,0.0,0.0,0.0025,0.0025
CH-DP-BU-CA,12,0.059939228,0.0,0.9637672,0.0,0.0,0.0,0.0018684387,0.047996692
CH-DP-BU-CA,24,0.1800303,0.0,0.8527199,0.0,0.0,0.0,0.021352498,0.0060958974
CS-CH-DP-BV-CA,0,0.002,0.0,0.0,0.0,0.002,0.002,0.002,0.002
CS-CH-DP-BV-CA,12,0.049668327,0.0,0.0,0.0,0.85357326,0.023631135,0.0011417829,0.19640312
CS-CH-DP-BV-CA,24,0.15420528,0.0,0.0,0.0,0.9225792,0.006202034,0.047910716,0.020490544
