Treatments,Time,CA,BT,BU,CD,BV,CS,DP,CH
CDevo-CS-DP-BT,0,0.0,0.0025,0.0,0.0025,0.0,0.0025,0.0025,0.0
CDevo-CS-DP-BT,12,0.0,1.1065891,0.0,2.1400114e-05,0.0,0.004068929,0.02314555,0.0
CDevo-CS-DP-BT,24,0.0,1.040233,0.0,4.696684e-12,0.0,0.0030882852,0.0051779845,0.0
CDevo-DP-BU-CA,0,0.0025,0.0,0.0025,0.0025,0.0,0.0,0.0025,0.0
CDevo-DP-BU-CA,12,0.02085599,0.0,0.9865353,0.005964615,0.0,0.0,0.031806182,0.0
CDevo-DP-BU-CA,24,0.1934433,0.0,0.8293197,0.0018191988,0.0,0.0,0.023854174,0.0
CS-DP-BT-BU-BV-CA,0,0.001666667,0.001666667,0.001666667,0.0,0.001666667,0.001666667,0.001666667,0.0
CS-DP-BT-BU-BV-CA,12,0.0022254465,0.80148256,0.28714478,0.0,0.07250247,0.003765507,0.0063239755,0.0
CS-DP-BT-BU-BV-CA,24,0.005293955,0.80673534,0.30120322,0.0,0.03593627,0.0009121104,6.471897e-05,0.0
