Treatments,Time,CA,BT,BU,CD,BV,CS,DP,CH
CDevo-CH,0,0.0,0.0,0.0,0.005,0.0,0.0,0.0,0.005
CDevo-CH,12,0.0,0.0,0.0,0.5577877,0.0,0.0,0.0,0.25602895
CDevo-CH,24,0.0,0.0,0.0,0.5969509,0.0,0.0,0.0,0.17030402
CDevo-CS-DP-BU-BV,0,0.0,0.0,0.002,0.002,0.002,0.002,0.002,0.0
CDevo-CS-DP-BU-BV,12,0.0,0.0,0.8768689,0.07420128,0.28913411,10.0,0.036618933,0.0
CDevo-CS-DP-BU-BV,24,0.0,0.0,0.5927874,0.005432808,0.056332316,10.0,0.17072552,0.0
CS-DP-BT-BV-CA,0,0.002,0.002,0.0,0.0,0.002,0.002,0.002,0.0
CS-DP-BT-BV-CA,12,0.0053536864,1.189908,0.0,0.0,0.11571412,3.497014e-13,0.11512057,0.0
CS-DP-BT-BV-CA,24,0.0041255727,1.0183146,0.0,0.0,0.0002674236,1.0133181e-06,9.821054e-09,0.0
