Treatments,Time,CA,BT,BU,CD,BV,CS,DP,CH
CDevo-CS-CH-DP-BU-BV,0,0.0,0.0,0.001666667,0.001666667,0.001666667,0.001666667,0.001666667,0.001666667
CDevo-CS-CH-DP-BU-BV,12,0.0,0.0,0.70282626,0.092749245,0.31448436,0.011887682,0.026214693,0.033130582
CDevo-CS-CH-DP-BU-BV,24,0.0,0.0,0.5309176,0.05290335,0.5467019,0.00842607,0.0050878036,0.03807302
CDevo-CS-DP-BU-CA,0,0.002,0.0,0.002,0.002,0.0,0.002,0.002,0.0
CDevo-CS-DP-BU-CA,12,0.12580256,0.0,0.86844563,0.13139255,0.0,0.018973485,0.048119627,0.0
CDevo-CS-DP-BU-CA,24,0.42225522,0.0,0.5087395,0.10583412,0.0,0.08833782,0.07526216,0.0
DP-BT-BV-CA,0,0.0025,0.0025,0.0,0.0,0.0025,0.0,0.0025,0.0
DP-BT-BV-CA,12,0.012279045,1.0875148,0.0,0.0,0.06702233,0.0,0.023720896,0.0
DP-BT-BV-CA,24,0.02715152,1.040965,0.0,0.0,0.033573575,0.0,0.007286254,0.0
