Treatments,Time,CA,BT,BU,CD,BV,CS,DP,CH
CDevo-CS-CA,0,0.003333333,0.0,0.0,0.003333333,0.0,0.003333333,0.0,0.0
CDevo-CS-CA,12,0.020786373,0.0,0.0,0.47600412,0.0,0.039183382,0.0,0.0
CDevo-CS-CA,24,0.15315089,0.0,0.0,0.4765628,0.0,0.010187204,0.0,0.0
CDevo-CS-CH-CA,0,0.0025,0.0,0.0,0.0025,0.0,0.0025,0.0,0.0025
CDevo-CS-CH-CA,12,0.016888762,0.0,0.0,0.50020266,0.0,0.06894392,0.0,0.078327015
CDevo-CS-CH-CA,24,0.9997509,0.0,0.0,3.7682796e-05,0.0,0.14702903,0.0,1.4121698
CS-DP-BU-BV-CA,0,0.002,0.0,0.002,0.0,0.002,0.002,0.002,0.0
CS-DP-BU-BV-CA,12,0.016897004,0.0,0.70724356,0.0,0.2644245,0.008889053,0.048989043,0.0
CS-DP-BU-BV-CA,24,0.20172238,0.0,0.38750306,0.0,0.4738066,0.00045303098,0.033852376,0.0
