Treatments,Time,CA,BT,BU,CD,BV,CS,DP,CH
CDevo-CS-DP-BV-CA,0,0.002,0.0,0.0,0.002,0.002,0.002,0.002,0.0
CDevo-CS-DP-BV-CA,12,0.01007499,0.0,0.0,0.0020054008,0.0020209665,0.011565843,0.009858823,0.0
CDevo-CS-DP-BV-CA,24,0.05058597,0.0,0.0,0.0020109487,0.0020424295,0.06657633,0.048447832,0.0
CS-CH-DP-BV-CA,0,0.002,0.0,0.0,0.0,0.002,0.002,0.002,0.002
CS-CH-DP-BV-CA,12,0.0100749405,0.0,0.0,0.0,0.0020209732,0.011565849,0.009858875,0.01386357
CS-CH-DP-BV-CA,24,0.050585132,0.0,0.0,0.0,0.0020424344,0.06657691,0.048450906,0.095514886
CS-DP-BT-BU-BV-CA,0,0.001666667,0.001666667,0.001666667,0.0,0.001666667,0.001666667,0.001666667,0.0
CS-DP-BT-BU-BV-CA,12,0.008404692,0.001667833,0.5690517,0.0,0.0016841483,0.009638374,0.008218563,0.0
CS-DP-BT-BU-BV-CA,24,0.042444006,0.0016687374,0.82122517,0.0,0.0017020745,0.05549126,0.0404603,0.0
