Treatments,Time,CA,BT,BU,CD,BV,CS,DP,CH
CDevo-CS-BT-BU-BV,0,0.0,0.002,0.002,0.002,0.002,0.002,0.0,0.0
CDevo-CS-BT-BU-BV,12,0.0,0.8194697,0.31857917,0.0020058595,0.10012324,0.0020118682,0.0,0.0
CDevo-CS-BT-BU-BV,24,0.0,0.89505714,0.3239102,0.0020129022,0.0933932,0.002026942,0.0,0.0
CDevo-CS-CH-DP,0,0.0,0.0,0.0,0.0025,0.0,0.0025,0.0025,0.0025
CDevo-CS-CH-DP,12,0.0,0.0,0.0,0.0025065008,0.0,0.002513025,0.010802845,0.011541307
CDevo-CS-CH-DP,24,0.0,0.0,0.0,0.002512994,0.0,0.002526304,0.046549454,0.053100906
CS-DP-BT-BU-BV,0,0.0,0.002,0.002,0.0,0.002,0.002,0.002,0.0
CS-DP-BT-BU-BV,12,0.0,0.8194702,0.31857464,0.0,0.10012406,0.0020118898,0.008579094,0.0
CS-DP-BT-BU-BV,24,0.0,0.8950621,0.32388842,0.0,0.09340032,0.0020270653,0.036191773,0.0
