Treatments,Time,CA,BT,BU,CD,BV,CS,DP,CH
CDevo-CH-DP-CA,0,0.0025,0.0,0.0,0.0025,0.0,0.0,0.0025,0.0025
CDevo-CH-DP-CA,12,0.033411536,0.0,0.0,0.4042183,0.0,0.0,0.18076402,0.026886683
CDevo-CH-DP-CA,24,0.17709948,0.0,0.0,0.3325491,0.0,0.0,0.25750288,0.00053232507
CDevo-CS-CH-CA,0,0.0025,0.0,0.0,0.0025,0.0,0.0025,0.0,0.0025
CDevo-CS-CH-CA,12,0.06400888,0.0,0.0,0.49775583,0.0,0.027004076,0.0,0.063925266
CDevo-CS-CH-CA,24,0.31153366,0.0,0.0,0.38221067,0.0,0.007410694,0.0,0.015307526
CDevo-CS-CH-DP-BU,0,0.0,0.0,0.002,0.002,0.0,0.002,0.002,0.002
CDevo-CS-CH-DP-BU,12,0.0,0.0,0.98936576,0.093675144,0.0,0.0075343736,0.039217718,0.018611938
CDevo-CS-CH-DP-BU,24,0.0,0.0,0.9864372,0.108609,0.0,0.0025600293,0.025879739,0.003926652
