Treatments,Time,CA,BT,BU,CD,BV,CS,DP,CH
CDevo-CH-DP-BT-BU,0,0.0,0.002,0.002,0.002,0.0,0.0,0.002,0.002
CDevo-CH-DP-BT-BU,12,0.0,0.8684545,0.29649788,0.016605876,0.0,0.0,0.0028266243,0.0032711045
CDevo-CH-DP-BT-BU,24,0.0,0.8426526,0.28657517,0.0024143008,0.0,0.0,0.000100867546,0.00021473387
CDevo-CH-DP-CA,0,0.0025,0.0,0.0,0.0025,0.0,0.0,0.0025,0.0025
CDevo-CH-DP-CA,12,0.16770269,0.0,0.0,0.38835192,0.0,0.0,0.16472039,0.018092588
CDevo-CH-DP-CA,24,0.29611236,0.0,0.0,0.29198065,0.0,0.0,0.22820625,6.2617546e-05
CDevo-CS-BT-BU-BV,0,0.0,0.002,0.002,0.002,0.002,0.002,0.0,0.0
CDevo-CS-BT-BU-BV,12,0.0,0.75091046,0.3163038,0.01394053,0.10563061,0.00065015565,0.0,0.0
CDevo-CS-BT-BU-BV,24,0.0,0.8035984,0.2876216,0.0005112787,0.05406495,1.7760002e-06,0.0,0.0
