Treatments,Time,CA,BT,BU,CD,BV,CS,DP,CH
CDevo-CS-BT-BU-CA,0,0.002,0.002,0.002,0.002,0.0,0.002,0.0,0.0
CDevo-CS-BT-BU-CA,12,0.011923311,0.8134743,0.34536448,0.016155502,0.0,0.0034208966,0.0,0.0
CDevo-CS-BT-BU-CA,24,0.023521256,0.8140463,0.31122577,0.0013863895,0.0,0.00042241075,0.0,0.0
CS-BT-BU-BV,0,0.0,0.0025,0.0025,0.0,0.0025,0.0025,0.0,0.0
CS-BT-BU-BV,12,0.0,0.71455723,0.3449356,0.0,0.09470828,0.00157329,0.0,0.0
CS-BT-BU-BV,24,0.0,0.7818408,0.29734275,0.0,0.06292467,3.0552404e-05,0.0,0.0
CS-CH-BT-CA,0,0.0025,0.0025,0.0,0.0,0.0,0.0025,0.0,0.0025
CS-CH-BT-CA,12,0.020844284,1.0749913,0.0,0.0,0.0,0.010978486,0.0,0.024467068
CS-CH-BT-CA,24,0.079350516,1.0201693,0.0,0.0,0.0,0.0049281707,0.0,0.00779308
