Treatments,Time,CA,BT,BU,CD,BV,CS,DP,CH
CDevo-CH-BU-CA,0,0.0025,0.0,0.0025,0.0025,0.0,0.0,0.0,0.0025
CDevo-CH-BU-CA,12,0.027693551,0.0,0.9938026,0.13357656,0.0,0.0,0.0,0.003328586
CDevo-CH-BU-CA,24,0.06815545,0.0,0.9684429,0.13949725,0.0,0.0,0.0,2.7517217e-06
CS-BT-BU-CA,0,0.0025,0.0025,0.0025,0.0,0.0,0.0025,0.0,0.0
CS-BT-BU-CA,12,0.01912142,0.8061195,0.35505962,0.0,0.0,0.010446426,0.0,0.0
CS-BT-BU-CA,24,0.026535755,0.8556543,0.27535427,0.0,0.0,0.005564833,0.0,0.0
DP-BT-BU-BV-CA,0,0.002,0.002,0.002,0.0,0.002,0.0,0.002,0.0
DP-BT-BU-BV-CA,12,0.010568003,0.78121996,0.29390314,0.0,0.07745111,0.0,0.007271112,0.0
DP-BT-BU-BV-CA,24,0.011702986,0.8190382,0.268508,0.0,0.034811214,0.0,0.0005893178,0.0
