Treatments,Time,CA,BT,BU,CD,BV,CS,DP,CH
CDevo-BT,0,0.0,0.005,0.0,0.005,0.0,0.0,0.0,0.0
CDevo-BT,24,0.0,1.0543362,0.0,0.059389897,0.0,0.0,0.0,0.0
CDevo-CS-DP-BU-BV,0,0.0,0.0,0.002,0.002,0.002,0.002,0.002,0.0
CDevo-CS-DP-BU-BV,12,0.0,0.0,0.7529092,0.08611608,0.2720322,0.0028186655,0.028150244,0.0
CDevo-CS-DP-BU-BV,24,0.0,0.0,0.7177091,0.048116554,0.34946334,0.00016454399,0.008031482,0.0
CS-CH-DP-BT-BU,0,0.0,0.002,0.002,0.0,0.0,0.002,0.002,0.002
CS-CH-DP-BT-BU,12,0.0,0.8690869,0.26278916,0.0,0.0,0.0019516841,0.005499132,0.02501151
CS-CH-DP-BT-BU,24,0.0,0.86054754,0.23719445,0.0,0.0,0.00012648386,0.00013173261,0.027452156
