Treatments,Time,CA,BT,BU,CD,BV,CS,DP,CH
CDevo-CH-DP-BT-BU,0,0.0,0.002,0.002,0.002,0.0,0.0,0.002,0.002
CDevo-CH-DP-BT-BU,12,0.0,0.91002035,0.2621226,0.028535003,0.0,0.0,0.0068105455,0.007921847
CDevo-CH-DP-BT-BU,24,0.0,0.90512526,0.23994786,0.010573922,0.0,0.0,0.0012929112,0.002175273
CDevo-CS-BT-BV-CA,0,0.002,0.002,0.0,0.002,0.002,0.002,0.0,0.0
CDevo-CS-BT-BV-CA,12,0.004942023,1.0646229,0.0,0.03936817,0.117010474,0.0007840001,0.0,0.0
CDevo-CS-BT-BV-CA,24,0.038983118,1.0154052,0.0,0.019251633,0.085913755,0.0071805813,0.0,0.0
CDevo-CS-DP-BU-CA,0,0.002,0.0,0.002,0.002,0.0,0.002,0.002,0.0
CDevo-CS-DP-BU-CA,12,8.390639e-05,0.0,0.9073169,0.15926576,0.0,0.00015478309,0.05373963,0.0
CDevo-CS-DP-BU-CA,24,2.601943e-07,0.0,0.88359994,0.190582,0.0,0.00012602858,0.07926061,0.0
