Treatments,Time,CA,BT,BU,CD,BV,CS,DP,CH
CS-CH-DP-BT-BU-BV-CA,0,0.001428571,0.001428571,0.001428571,0.0,0.001428571,0.001428571,0.001428571,0.001428571
CS-CH-DP-BT-BU-BV-CA,12,0.00512153,0.83482605,0.27129275,0.0,0.058552783,0.00081506575,0.0052917087,0.0062030284
CS-CH-DP-BT-BU-BV-CA,24,0.0077220052,0.8369192,0.2617686,0.0,0.029997315,5.6168694e-05,0.00030938798,0.0007442967
CS-CH-DP-BV-CA,0,0.002,0.0,0.0,0.0,0.002,0.002,0.002,0.002
CS-CH-DP-BV-CA,12,0.026219986,0.0,0.0,0.0,0.88484776,0.006313571,0.04101382,0.06311231
CS-CH-DP-BV-CA,24,0.12396066,0.0,0.0,0.0,0.91777843,0.008531749,0.00059794274,0.04249786
CS-DP-BT-BV,0,0.0,0.0025,0.0,0.0,0.0025,0.0025,0.0025,0.0
CS-DP-BT-BV,12,0.0,1.1007006,0.0,0.0,0.05824143,0.0066020237,0.03027625,0.0
CS-DP-BT-BV,24,0.0,1.0850965,0.0,0.0,0.017243758,0.012632775,0.017914345,0.0
