Treatments,Time,CA,BT,BU,CD,BV,CS,DP,CH
CDevo-DP-BU-CA,0,0.0025,0.0,0.0025,0.0025,0.0,0.0,0.0025,0.0
CDevo-DP-BU-CA,12,0.035923775,0.0,0.9685516,0.13811092,0.0,0.0,0.002580176,0.0
CDevo-DP-BU-CA,24,0.1346892,0.0,0.8676677,0.13795575,0.0,0.0,0.02443131,0.0
CH-DP-BT-BU,0,0.0,0.0025,0.0025,0.0,0.0,0.0,0.0025,0.0025
CH-DP-BT-BU,12,0.0,0.86715543,0.28276128,0.0,0.0,0.0,0.0005234605,0.009156394
CH-DP-BT-BU,24,0.0,0.86394984,0.25363803,0.0,0.0,0.0,0.0005228081,0.0012090285
CS-CH-DP-BU-BV-CA,0,0.001666667,0.0,0.001666667,0.0,0.001666667,0.001666667,0.001666667,0.001666667
CS-CH-DP-BU-BV-CA,12,0.024733564,0.0,0.81152034,0.0,0.24387623,0.011273262,0.0018928626,0.053084116
CS-CH-DP-BU-BV-CA,24,0.09662873,0.0,0.5990673,0.0,0.40192407,0.005362242,0.02723708,0.024210995
