Treatments,Time,CA,BT,BU,CD,BV,CS,DP,CH
CDevo-CH-BU-CA,0,0.0025,0.0,0.0025,0.0025,0.0,0.0,0.0,0.0025
CDevo-CH-BU-CA,12,0.026000088,0.0,1.0060216,0.1567284,0.0,0.0,0.0,0.06425168
CDevo-CH-BU-CA,24,0.06974366,0.0,0.98531735,0.1802562,0.0,0.0,0.0,0.06932143
CDevo-DP-BT-CA,0,0.0025,0.0025,0.0,0.0025,0.0,0.0,0.0025,0.0
CDevo-DP-BT-CA,12,0.007730296,1.1348516,0.0,0.05012207,0.0,0.0,0.022804825,0.0
CDevo-DP-BT-CA,24,0.004746813,1.0956826,0.0,0.031610694,0.0,0.0,0.01579517,0.0
CS-DP-BT-BV-CA,0,0.002,0.002,0.0,0.0,0.002,0.002,0.002,0.0
CS-DP-BT-BV-CA,12,0.012404979,1.0584153,0.0,0.0,0.08946344,0.008333764,0.02721866,0.0
CS-DP-BT-BV-CA,24,0.012730659,1.0594124,0.0,0.0,0.046089213,0.003660193,0.02256697,0.0
