Treatments,Time,CA,BT,BU,CD,BV,CS,DP,CH
CDevo-CS-CH-DP,0,0.0,0.0,0.0,0.0025,0.0,0.0025,0.0025,0.0025
CDevo-CS-CH-DP,12,0.0,0.0,0.0,0.53530425,0.0,0.02445454,0.00030004012,0.040567998
CDevo-CS-CH-DP,24,0.0,0.0,0.0,0.54702806,0.0,0.043833356,2.8072795e-05,0.0022657188
CDevo-CS-DP-CA,0,0.0025,0.0,0.0,0.0025,0.0,0.0025,0.0025,0.0
CDevo-CS-DP-CA,12,0.15077057,0.0,0.0,0.47084272,0.0,0.028305868,0.00019163877,0.0
CDevo-CS-DP-CA,24,0.2740687,0.0,0.0,0.44597447,0.0,0.010170529,4.5472817e-07,0.0
CH-DP-BU-CA,0,0.0025,0.0,0.0025,0.0,0.0,0.0,0.0025,0.0025
CH-DP-BU-CA,12,0.0853424,0.0,0.9806567,0.0,0.0,0.0,0.0027095503,0.055592008
CH-DP-BU-CA,24,0.182634,0.0,0.8345662,0.0,0.0,0.0,0.029146887,0.007232763
