Treatments,Time,CA,BT,BU,CD,BV,CS,DP,CH
CDevo-CS-CA,0,0.003333333,0.0,0.0,0.003333333,0.0,0.003333333,0.0,0.0
CDevo-CS-CA,12,0.0033385772,0.0,0.0,0.0033375593,0.0,0.0033291674,0.0,0.0
CDevo-CS-CA,24,0.003343831,0.0,0.0,0.0033417894,0.0,0.0033250062,0.0,0.0
CDevo-CS-CH-CA,0,0.0025,0.0,0.0,0.0025,0.0,0.0025,0.0,0.0025
CDevo-CS-CH-CA,12,0.0025039318,0.0,0.0,0.0025031734,0.0,0.0024968847,0.0,0.0024991275
CDevo-CS-CH-CA,24,0.0025078703,0.0,0.0,0.00250635,0.0,0.0024937722,0.0,0.0024982556
CS-DP-BU-BV-CA,0,0.002,0.0,0.002,0.0,0.002,0.002,0.002,0.0
CS-DP-BU-BV-CA,12,0.0020031293,0.0,0.0020012895,0.0,0.0020032234,0.0019975149,0.0019973714,0.0
CS-DP-BU-BV-CA,24,0.002006265,0.0,0.0020025799,0.0,0.0020064516,0.0019950331,0.0019947467,0.0
