Treatments,Time,CA,BT,BU,CD,BV,CS,DP,CH
CDevo-CA,0,0.005,0.0,0.0,0.005,0.0,0.0,0.0,0.0
CDevo-CA,12,5.6320164e-06,0.0,0.0,0.5551699,0.0,0.0,0.0,0.0
CDevo-CA,24,9.922878e-08,0.0,0.0,0.5774148,0.0,0.0,0.0,0.0
CH-BU-BV-CA,0,0.0025,0.0,0.0025,0.0,0.0025,0.0,0.0,0.0025
CH-BU-BV-CA,12,2.8095938e-05,0.0,0.7635818,0.0,0.28105506,0.0,0.0,0.05591037
CH-BU-BV-CA,24,4.200252e-05,0.0,0.68619496,0.0,0.3629736,0.0,0.0,0.035297755
CS-CH-BU-BV,0,0.0,0.0,0.0025,0.0,0.0025,0.0025,0.0,0.0025
CS-CH-BU-BV,12,0.0,0.0,0.7305408,0.0,0.26880246,0.019252013,0.0,0.07828808
CS-CH-BU-BV,24,0.0,0.0,0.70713204,0.0,0.29329136,0.02294268,0.0,0.08057325
