Treatments,Time,CA,BT,BU,CD,BV,CS,DP,CH
CDevo-CS-CH-DP-BT-BU-BV-CA,0,0.00125,0.00125,0.00125,0.00125,0.00125,0.00125,0.00125,0.00125
CDevo-CS-CH-DP-BT-BU-BV-CA,12,0.008408767,0.8645745,0.25587684,0.014725081,0.06332539,0.0017659087,0.0047156783,0.005410799
CDevo-CS-CH-DP-BT-BU-BV-CA,24,0.009863931,0.8559346,0.24120714,0.0028861912,0.029706186,0.00028726747,0.00047855667,0.0005495312
CS-DP-BT-BV-CA,0,0.002,0.002,0.0,0.0,0.002,0.002,0.002,0.0
CS-DP-BT-BV-CA,12,0.011834373,1.0704464,0.0,0.0,0.08096198,0.0019539339,0.022121381,0.0
CS-DP-BT-BV-CA,24,0.017523969,1.04653,0.0,0.0,0.035902925,0.0003139095,0.010935384,0.0
CS-DP-BU-CA,0,0.0025,0.0,0.0025,0.0,0.0,0.0025,0.0025,0.0
CS-DP-BU-CA,12,0.03197877,0.0,0.8479604,0.0,0.0,0.020014012,0.056996338,0.0
CS-DP-BU-CA,24,0.09053669,0.0,0.82615393,0.0,0.0,0.022979446,0.052294813,0.0
