Treatments,Time,CA,BT,BU,CD,BV,CS,DP,CH
CDevo-CS-CH-DP-BU,0,0.0,0.0,0.002,0.002,0.0,0.002,0.002,0.002
CDevo-CS-CH-DP-BU,12,0.0,0.0,0.9764065,0.11012157,0.0,0.015620127,0.04647736,0.026692452
CDevo-CS-CH-DP-BU,24,0.0,0.0,0.96761036,0.1539791,0.0,0.024753684,0.053607024,0.005248067
CDevo-DP-BT-CA,0,0.0025,0.0025,0.0,0.0025,0.0,0.0,0.0025,0.0
CDevo-DP-BT-CA,12,0.008195917,1.1286062,0.0,0.042484302,0.0,0.0,0.013754533,0.0
CDevo-DP-BT-CA,24,0.005955656,1.0863354,0.0,0.034789458,0.0,0.0,0.0035859598,0.0
CS-CH-DP-BU,0,0.0,0.0,0.0025,0.0,0.0,0.0025,0.0025,0.0025
CS-CH-DP-BU,12,0.0,0.0,1.0186856,0.0,0.0,0.025413254,0.039091375,0.070141435
CS-CH-DP-BU,24,0.0,0.0,1.0662462,0.0,0.0,0.042598505,0.016996756,0.09804229
