Treatments,Time,CA,BT,BU,CD,BV,CS,DP,CH
CDevo-CS-BT-BU-BV,0,0.0,0.002,0.002,0.002,0.002,0.002,0.0,0.0
CDevo-CS-BT-BU-BV,12,0.0,0.0020046115,0.0020031105,0.0019963833,0.0020035584,0.0020021414,0.0,0.0
CDevo-CS-BT-BU-BV,24,0.0,0.0020092344,0.0020062274,0.0019927733,0.0020071238,0.0020042837,0.0,0.0
CDevo-DP-BT-CA,0,0.0025,0.0025,0.0,0.0025,0.0,0.0,0.0025,0.0
CDevo-DP-BT-CA,12,0.0024929554,0.002505786,0.0,0.002495475,0.0,0.0,0.002496241,0.0
CDevo-DP-BT-CA,24,0.002485933,0.002511585,0.0,0.0024909591,0.0,0.0,0.0024924888,0.0
CH-DP-BV-CA,0,0.0025,0.0,0.0,0.0,0.0025,0.0,0.0025,0.0025
CH-DP-BV-CA,12,0.0024929217,0.0,0.0,0.0,0.002504457,0.0,0.00249623,0.0024994276
CH-DP-BV-CA,24,0.0024858636,0.0,0.0,0.0,0.0025089239,0.0,0.0024924676,0.0024988558
