Treatments,Time,CA,BT,BU,CD,BV,CS,DP,CH
CDevo-CS,0,0.0,0.0,0.0,0.005,0.0,0.005,0.0,0.0
CDevo-CS,12,0.0,0.0,0.0,0.004997468,0.0,0.004990612,0.0,0.0
CDevo-CS,24,0.0,0.0,0.0,0.004994937,0.0,0.0049812454,0.0,0.0
CH-DP-BU-CA,0,0.0025,0.0,0.0025,0.0,0.0,0.0,0.0025,0.0025
CH-DP-BU-CA,12,0.0025024128,0.0,0.0025019385,0.0,0.0,0.0,0.0025109602,0.002500602
CH-DP-BU-CA,24,0.0025048298,0.0,0.0025038763,0.0,0.0,0.0,0.002521969,0.0025012053
CS-CH-DP-BV-CA,0,0.002,0.0,0.0,0.0,0.002,0.002,0.002,0.002
CS-CH-DP-BV-CA,12,0.0020019258,0.0,0.0,0.0,0.0020048073,0.0019962604,0.0020087666,0.0020004967
CS-CH-DP-BV-CA,24,0.0020038523,0.0,0.0,0.0,0.002009627,0.0019925274,0.00201757,0.0020009938
