Treatments,Time,CA,BT,BU,CD,BV,CS,DP,CH
CDevo-CS-CH-DP-BU-BV,0,0.0,0.0,0.001666667,0.001666667,0.001666667,0.001666667,0.001666667,0.001666667
CDevo-CS-CH-DP-BU-BV,12,0.0,0.0,0.0016668736,0.0016644703,0.0016649214,0.0016664747,0.0016674565,0.0016709649
CDevo-CS-CH-DP-BU-BV,24,0.0,0.0,0.0016670801,0.0016622766,0.0016631777,0.0016662827,0.0016682466,0.0016752732
CH-BU-BV-CA,0,0.0025,0.0,0.0025,0.0,0.0025,0.0,0.0,0.0025
CH-BU-BV-CA,12,0.0025034598,0.0,0.0025003157,0.0,0.0024973482,0.0,0.0,0.0025064356
CH-BU-BV-CA,24,0.0025069257,0.0,0.0025006314,0.0,0.0024946993,0.0,0.0,0.0025128885
CS-CH-BU-BV,0,0.0,0.0,0.0025,0.0,0.0025,0.0025,0.0,0.0025
CS-CH-BU-BV,12,0.0,0.0,0.0025003247,0.0,0.002497372,0.0024997173,0.0,0.0025064452
CS-CH-BU-BV,24,0.0,0.0,0.0025006516,0.0,0.0024947473,0.0024994344,0.0,0.002512906
