Treatments,Time,CA,BT,BU,CD,BV,CS,DP,CH
CDevo-CS-BV-CA,0,0.0025,0.0,0.0,0.0025,0.0025,0.0025,0.0,0.0
CDevo-CS-BV-CA,12,0.02357155,0.0,0.0,0.15821609,0.97585946,0.017522637,0.0,0.0
CDevo-CS-BV-CA,24,0.13376041,0.0,0.0,0.10197115,0.93248487,0.0056141117,0.0,0.0
CDevo-CS-CH-DP-BT-BU-BV-CA,0,0.00125,0.00125,0.00125,0.00125,0.00125,0.00125,0.00125,0.00125
CDevo-CS-CH-DP-BT-BU-BV-CA,12,0.005529151,0.84881413,0.25793827,0.013531953,0.06981321,0.0015480297,0.004309334,0.008530504
CDevo-CS-CH-DP-BT-BU-BV-CA,24,0.009204944,0.83771455,0.25549585,0.0020368951,0.039545916,0.00014646779,0.0004838885,0.002734521
CS-BT-BU-CA,0,0.0025,0.0025,0.0025,0.0,0.0,0.0025,0.0,0.0
CS-BT-BU-CA,12,0.012146491,0.8085129,0.35180622,0.0,0.0,0.013799185,0.0,0.0
CS-BT-BU-CA,24,0.030719789,0.8621127,0.27808273,0.0,0.0,0.009378616,0.0,0.0
