Treatments,Time,CA,BT,BU,CD,BV,CS,DP,CH
CH-DP-BU-CA,0,0.0025,0.0,0.0025,0.0,0.0,0.0,0.0025,0.0025
CH-DP-BU-CA,12,0.033782773,0.0,0.9069141,0.0,0.0,0.0,0.0463522,0.045768842
CH-DP-BU-CA,24,0.3357824,0.0,0.7596808,0.0,0.0,0.0,0.015981967,0.016887007
CS-CH-DP-CA,0,0.0025,0.0,0.0,0.0,0.0,0.0025,0.0025,0.0025
CS-CH-DP-CA,12,0.045379695,0.0,0.0,0.0,0.0,0.03828206,0.20779863,0.14460564
CS-CH-DP-CA,24,0.6655387,0.0,0.0,0.0,0.0,0.029600061,0.28427127,0.0040880633
CS-DP-BU-BV-CA,0,0.002,0.0,0.002,0.0,0.002,0.002,0.002,0.0
CS-DP-BU-BV-CA,12,0.020438127,0.0,0.71287704,0.0,0.2476606,0.007625947,0.038716536,0.0
CS-DP-BU-BV-CA,24,0.097503506,0.0,0.51143456,0.0,0.43484542,0.0014776449,0.017884223,0.0
