Treatments,Time,CA,BT,BU,CD,BV,CS,DP,CH
CDevo-CH-BU-CA,0,0.0025,0.0,0.0025,0.0025,0.0,0.0,0.0,0.0025
CDevo-CH-BU-CA,12,0.036591366,0.0,0.9736596,0.22041228,0.0,0.0,0.0,0.086630486
CDevo-CH-BU-CA,24,0.32534742,0.0,10.0,10.0,0.0,0.0,0.0,10.0
CS-BT-BU-CA,0,0.0025,0.0025,0.0025,0.0,0.0,0.0025,0.0,0.0
CS-BT-BU-CA,12,0.013995707,0.81926996,0.33337808,0.0,0.0,0.006172996,0.0,0.0
CS-BT-BU-CA,24,0.024114626,0.8722999,0.27719668,0.0,0.0,0.010292828,0.0,0.0
DP-BT-BU-BV-CA,0,0.002,0.002,0.002,0.0,0.002,0.0,0.002,0.0
DP-BT-BU-BV-CA,12,0.008940445,0.7598492,0.32336858,0.0,0.0736589,0.0,2.9840305e-07,0.0
DP-BT-BU-BV-CA,24,0.013160706,0.81737673,0.28864408,0.0,0.037746567,0.0,4.3014288e-07,0.0
