Treatments,Time,CA,BT,BU,CD,BV,CS,DP,CH
CDevo-DP-BT-BU-BV-CA,0,0.001666667,0.001666667,0.001666667,0.001666667,0.001666667,0.0,0.001666667,0.0
CDevo-DP-BT-BU-BV-CA,12,0.0016687764,0.032700665,0.019721583,0.0016691552,0.0016673029,0.0,0.001668515,0.0
CDevo-DP-BT-BU-BV-CA,24,0.0016706706,0.59064984,0.22896233,0.0016715243,0.0016678843,0.0,0.0016702642,0.0
CH-DP-BT-BU,0,0.0,0.0025,0.0025,0.0,0.0,0.0,0.0025,0.0025
CH-DP-BT-BU,12,0.0,0.048936296,0.029556517,0.0,0.0,0.0,0.0025027809,0.002490864
CH-DP-BT-BU,24,0.0,0.84913677,0.33966416,0.0,0.0,0.0,0.0025053346,0.0024823505
DP-BT-BV-CA,0,0.0025,0.0025,0.0,0.0,0.0025,0.0,0.0025,0.0
DP-BT-BV-CA,12,0.002503231,0.04893674,0.0,0.0,0.0025009362,0.0,0.0025027338,0.0
DP-BT-BV-CA,24,0.0025066477,0.8492212,0.0,0.0,0.0025014482,0.0,0.002504911,0.0
