Treatments,Time,CA,BT,BU,CD,BV,CS,DP,CH
CDevo-BU,0,0.0,0.0,0.005,0.005,0.0,0.0,0.0,0.0
CDevo-BU,12,0.0,0.0,0.9029212,0.16783157,0.0,0.0,0.0,0.0
CDevo-BU,24,0.0,0.0,0.8985796,0.20535733,0.0,0.0,0.0,0.0
CS-CH-DP-BU-BV-CA,0,0.001666667,0.0,0.001666667,0.0,0.001666667,0.001666667,0.001666667,0.001666667
CS-CH-DP-BU-BV-CA,12,0.010523097,0.0,0.7732902,0.0,0.25762498,0.012247942,0.02310164,0.025886977
CS-CH-DP-BU-BV-CA,24,0.06811334,0.0,0.6606627,0.0,0.44229636,0.02221799,0.022736104,0.049989983
DP-BT-BU-BV,0,0.0,0.0025,0.0025,0.0,0.0025,0.0,0.0025,0.0
DP-BT-BU-BV,12,0.0,0.79518896,0.29929644,0.0,0.071117185,0.0,0.01535727,0.0
DP-BT-BU-BV,24,0.0,0.83786607,0.27561942,0.0,0.04256794,0.0,0.011585732,0.0
