Treatments,Time,CA,BT,BU,CD,BV,CS,DP,CH
CDevo-CS-BV-CA,0,0.0025,0.0,0.0,0.0025,0.0025,0.0025,0.0,0.0
CDevo-CS-BV-CA,12,0.071222834,0.0,0.0,0.20922352,0.8538561,0.011165196,0.0,0.0
CDevo-CS-BV-CA,24,0.13393866,0.0,0.0,0.11547813,0.8867028,0.0009228859,0.0,0.0
CDevo-CS-DP-CA,0,0.0025,0.0,0.0,0.0025,0.0,0.0025,0.0025,0.0
CDevo-CS-DP-CA,12,0.15372261,0.0,0.0,0.35332224,0.0,0.015868355,0.19199584,0.0
CDevo-CS-DP-CA,24,0.25174257,0.0,0.0,0.34299955,0.0,0.00089415524,0.22037983,0.0
DP-BT-BV-CA,0,0.0025,0.0025,0.0,0.0,0.0025,0.0,0.0025,0.0
DP-BT-BV-CA,12,0.012701554,1.0987982,0.0,0.0,0.06828738,0.0,0.025404317,0.0
DP-BT-BV-CA,24,0.020541823,1.0550537,0.0,0.0,0.034726277,0.0,0.009493262,0.0
