Treatments,Time,CA,BT,BU,CD,BV,CS,DP,CH
CDevo-BT,0,0.0,0.005,0.0,0.005,0.0,0.0,0.0,0.0
CDevo-BT,24,0.0,1.042898,0.0,0.018114643,0.0,0.0,0.0,0.0
CDevo-CS-DP-BU-BV,0,0.0,0.0,0.002,0.002,0.002,0.002,0.002,0.0
CDevo-CS-DP-BU-BV,12,0.0,0.0,0.6907607,0.095603295,0.28990653,0.012183038,0.042641137,0.0
CDevo-CS-DP-BU-BV,24,0.0,0.0,0.471451,0.06698662,0.56508666,0.009256325,0.03926081,0.0
CS-CH-DP-BT-BU,0,0.0,0.002,0.002,0.0,0.0,0.002,0.002,0.002
CS-CH-DP-BT-BU,12,0.0,0.8816184,0.28662816,0.0,0.0,0.0084911855,0.0057005603,0.02067484
CS-CH-DP-BT-BU,24,0.0,0.8780591,0.26529115,0.0,0.0,0.0061758524,0.00037213572,0.012872436
