Treatments,Time,CA,BT,BU,CD,BV,CS,DP,CH
CDevo-BT-BU-CA,0,0.0025,0.0025,0.0025,0.0025,0.0,0.0,0.0,0.0
CDevo-BT-BU-CA,12,0.0025036386,0.0024971864,0.0025077842,0.0024999413,0.0,0.0,0.0,0.0
CDevo-BT-BU-CA,24,0.0025072815,0.002494378,0.002515593,0.0024998828,0.0,0.0,0.0,0.0
CDevo-CS-BT-BU-CA,0,0.002,0.002,0.002,0.002,0.0,0.002,0.0,0.0
CDevo-CS-BT-BU-CA,12,0.00200291,0.001997748,0.0020062216,0.0019999468,0.0,0.0020003617,0.0,0.0
CDevo-CS-BT-BU-CA,24,0.002005823,0.001995498,0.0020124635,0.0019998935,0.0,0.0020007235,0.0,0.0
CS-CH-DP-BU,0,0.0,0.0,0.0025,0.0,0.0,0.0025,0.0025,0.0025
CS-CH-DP-BU,12,0.0,0.0,0.0025077448,0.0,0.0,0.002500429,0.0025091192,0.0025006554
CS-CH-DP-BU,24,0.0,0.0,0.0025155118,0.0,0.0,0.0025008582,0.002518271,0.0025013112
