Treatments,Time,CA,BT,BU,CD,BV,CS,DP,CH
CDevo-CH-DP-CA,0,0.0025,0.0,0.0,0.0025,0.0,0.0,0.0025,0.0025
CDevo-CH-DP-CA,12,0.0025025685,0.0,0.0,0.0025019264,0.0,0.0,0.0025013315,0.0025022847
CDevo-CH-DP-CA,24,0.0025051397,0.0,0.0,0.0025038535,0.0,0.0,0.002502664,0.0025045713
CDevo-CS-CH-CA,0,0.0025,0.0,0.0,0.0025,0.0,0.0025,0.0,0.0025
CDevo-CS-CH-CA,12,0.0025025667,0.0,0.0,0.0025019473,0.0,0.0025019003,0.0,0.0025022868
CDevo-CS-CH-CA,24,0.0025051364,0.0,0.0,0.0025038954,0.0,0.0025038025,0.0,0.0025045753
CDevo-CS-CH-DP-BU,0,0.0,0.0,0.002,0.002,0.0,0.002,0.002,0.002
CDevo-CS-CH-DP-BU,12,0.0,0.0,0.0020013673,0.002001539,0.0,0.0020015026,0.0020010602,0.002001836
CDevo-CS-CH-DP-BU,24,0.0,0.0,0.002002737,0.0020030783,0.0,0.0020030104,0.002002117,0.0020036718
