Treatments,Time,CA,BT,BU,CD,BV,CS,DP,CH
CDevo-BV,0,0.0,0.0,0.0,0.005,0.005,0.0,0.0,0.0
CDevo-BV,12,0.0,0.0,0.0,0.15457268,1.078394,0.0,0.0,0.0
CDevo-BV,24,0.0,0.0,0.0,0.079071306,1.0752771,0.0,0.0,0.0
CDevo-CS-CH-DP-BU,0,0.0,0.0,0.002,0.002,0.0,0.002,0.002,0.002
CDevo-CS-CH-DP-BU,12,0.0,0.0,0.98440176,0.12450942,0.0,0.007581616,0.0464044,0.019143378
CDevo-CS-CH-DP-BU,24,0.0,0.0,0.96311474,0.1526433,0.0,0.0026100616,0.06299732,0.001770786
CS-DP-BT-BU,0,0.0,0.0025,0.0025,0.0,0.0,0.0025,0.0025,0.0
CS-DP-BT-BU,12,0.0,0.871104,0.28427142,0.0,0.0,0.005055833,0.009823701,0.0
CS-DP-BT-BU,24,0.0,0.85204524,0.26297513,0.0,0.0,0.0010544829,0.0016897834,0.0
