Treatments,Time,CA,BT,BU,CD,BV,CS,DP,CH
CDevo-BT-BU-CA,0,0.0025,0.0025,0.0025,0.0025,0.0,0.0,0.0,0.0
CDevo-BT-BU-CA,12,0.008922786,0.7872663,0.3439782,0.04276288,0.0,0.0,0.0,0.0
CDevo-BT-BU-CA,24,0.018247064,0.82891357,0.29064488,0.021639222,0.0,0.0,0.0,0.0
CDevo-CH,0,0.0,0.0,0.0,0.005,0.0,0.0,0.0,0.005
CDevo-CH,12,0.0,0.0,0.0,0.54274476,0.0,0.0,0.0,0.05817495
CDevo-CH,24,0.0,0.0,0.0,0.59094286,0.0,0.0,0.0,0.004920595
CS-CH-BT-BU,0,0.0,0.0025,0.0025,0.0,0.0,0.0025,0.0,0.0025
CS-CH-BT-BU,12,0.0,0.7802553,0.36975092,0.0,0.0,0.010861041,0.0,0.02766374
CS-CH-BT-BU,24,0.0,0.8134493,0.32454842,0.0,0.0,0.0073444294,0.0,0.017953578
