Treatments,Time,CA,BT,BU,CD,BV,CS,DP,CH
CDevo-CS,0,0.0,0.0,0.0,0.005,0.0,0.005,0.0,0.0
CDevo-CS,12,0.0,0.0,0.0,0.47795856,0.0,0.05601881,0.0,0.0
CDevo-CS,24,0.0,0.0,0.0,0.5011397,0.0,0.07492179,0.0,0.0
CH-DP-BU-CA,0,0.0025,0.0,0.0025,0.0,0.0,0.0,0.0025,0.0025
CH-DP-BU-CA,12,0.025805697,0.0,0.89888686,0.0,0.0,0.0,0.046079837,0.056447722
CH-DP-BU-CA,24,0.20257643,0.0,0.83634126,0.0,0.0,0.0,0.02064915,0.07475946
CS-CH-DP-BV-CA,0,0.002,0.0,0.0,0.0,0.002,0.002,0.002,0.002
CS-CH-DP-BV-CA,12,0.0230756,0.0,0.0,0.0,0.85658795,0.020007951,0.04940582,0.09335023
CS-CH-DP-BV-CA,24,0.12807326,0.0,0.0,0.0,0.921102,0.007452271,0.0057499963,0.04808307
