Treatments,Time,CA,BT,BU,CD,BV,CS,DP,CH
CDevo-CS-CH-DP,0,0.0,0.0,0.0,0.0025,0.0,0.0025,0.0025,0.0025
CDevo-CS-CH-DP,12,0.0,0.0,0.0,0.32870978,0.0,0.05944925,0.17857851,0.03114502
CDevo-CS-CH-DP,24,0.0,0.0,0.0,0.0058302074,0.0,0.5824226,0.26544005,0.001268561
CS-DP-BT-BU,0,0.0,0.0025,0.0025,0.0,0.0,0.0025,0.0025,0.0
CS-DP-BT-BU,12,0.0,0.8212792,0.33055526,0.0,0.0,0.0023426446,0.0063626976,0.0
CS-DP-BT-BU,24,0.0,0.81925696,0.29945838,0.0,0.0,7.712438e-05,0.0002263441,0.0
DP-BT-BU-BV-CA,0,0.002,0.002,0.002,0.0,0.002,0.0,0.002,0.0
DP-BT-BU-BV-CA,12,0.008623064,0.7474674,0.33762905,0.0,0.07346223,0.0,0.0076177656,0.0
DP-BT-BU-BV-CA,24,0.012102063,0.79401577,0.30494806,0.0,0.033498008,0.0,0.00024024659,0.0
