Treatments,Time,CA,BT,BU,CD,BV,CS,DP,CH
CDevo-DP-BT-CA,0,0.0025,0.0025,0.0,0.0025,0.0,0.0,0.0025,0.0
CDevo-DP-BT-CA,12,0.010003763,1.150599,0.0,0.044631343,0.0,0.0,0.012961133,0.0
CDevo-DP-BT-CA,24,0.012500016,1.0922374,0.0,0.02522058,0.0,0.0,0.0026338228,0.0
CH-BU-BV-CA,0,0.0025,0.0,0.0025,0.0,0.0025,0.0,0.0,0.0025
CH-BU-BV-CA,12,0.013897264,0.0,0.80269283,0.0,0.27383438,0.0,0.0,0.05209476
CH-BU-BV-CA,24,0.031309642,0.0,0.5849066,0.0,0.47667873,0.0,0.0,0.018258886
CS-CH-DP-BT-BU,0,0.0,0.002,0.002,0.0,0.0,0.002,0.002,0.002
CS-CH-DP-BT-BU,12,0.0,0.8848466,0.2639147,0.0,0.0,0.004588862,0.0057994677,0.008561737
CS-CH-DP-BT-BU,24,0.0,0.8615749,0.24967977,0.0,0.0,0.00070686423,0.00049737724,0.00092456484
