Treatments,Time,CA,BT,BU,CD,BV,CS,DP,CH
CDevo-CS-CA,0,0.003333333,0.0,0.0,0.003333333,0.0,0.003333333,0.0,0.0
CDevo-CS-CA,12,0.0033345332,0.0,0.0,0.0033366336,0.0,0.0033301767,0.0,0.0
CDevo-CS-CA,24,0.0033357344,0.0,0.0,0.0033399381,0.0,0.003327024,0.0,0.0
CS-CH-BT-BU,0,0.0,0.0025,0.0025,0.0,0.0,0.0025,0.0,0.0025
CS-CH-BT-BU,12,0.0,0.0025036382,0.0025016172,0.0,0.0,0.0024976227,0.0,0.0025024007
CS-CH-BT-BU,24,0.0,0.0025072813,0.0025032342,0.0,0.0,0.0024952476,0.0,0.0025048035
CS-CH-BV-CA,0,0.0025,0.0,0.0,0.0,0.0025,0.0025,0.0,0.0025
CS-CH-BV-CA,12,0.002500925,0.0,0.0,0.0,0.0025014814,0.0024976095,0.0,0.0025024328
CS-CH-BV-CA,24,0.0025018507,0.0,0.0,0.0,0.002502964,0.002495221,0.0,0.0025048682
