Treatments,Time,CA,BT,BU,CD,BV,CS,DP,CH
CDevo-CS-BT-BU-BV,0,0.0,0.002,0.002,0.002,0.002,0.002,0.0,0.0
CDevo-CS-BT-BU-BV,12,0.0,0.8454646,0.3081445,0.0020012213,0.0015982528,0.0020082907,0.0,0.0
CDevo-CS-BT-BU-BV,24,0.0,0.98169667,0.29916468,0.0020046113,0.00090613903,0.0020117105,0.0,0.0
CDevo-DP-BT-CA,0,0.0025,0.0025,0.0,0.0025,0.0,0.0,0.0025,0.0
CDevo-DP-BT-CA,12,10.0,0.87028205,0.0,1.0903442e-07,0.0,0.0,0.0025180455,0.0
CDevo-DP-BT-CA,24,10.0,0.9860659,0.0,1.0514328e-15,0.0,0.0,0.0023979861,0.0
CH-DP-BV-CA,0,0.0025,0.0,0.0,0.0,0.0025,0.0,0.0025,0.0025
CH-DP-BV-CA,12,1.7056052e-09,0.0,0.0,0.0,0.69777834,0.0,0.0027095447,0.31330654
CH-DP-BV-CA,24,0.005199604,0.0,0.0,0.0,0.142543,0.0,0.0027692937,0.07942661
