Treatments,Time,CA,BT,BU,CD,BV,CS,DP,CH
CDevo-CS,0,0.0,0.0,0.0,0.005,0.0,0.005,0.0,0.0
CDevo-CS,12,0.0,0.0,0.0,0.5402114,0.0,0.06592072,0.0,0.0
CDevo-CS,24,0.0,0.0,0.0,0.56539726,0.0,0.13163525,0.0,0.0
CS-CH-BT-BU-CA,0,0.002,0.002,0.002,0.0,0.0,0.002,0.0,0.002
CS-CH-BT-BU-CA,12,0.01155691,0.839986,0.32787004,0.0,0.0,0.004192633,0.0,0.024902238
CS-CH-BT-BU-CA,24,0.014419447,0.850199,0.26610282,0.0,0.0,0.00063708256,0.0,0.0045461217
CS-CH-DP-BU-BV,0,0.0,0.0,0.002,0.0,0.002,0.002,0.002,0.002
CS-CH-DP-BU-BV,12,0.0,0.0,0.72827744,0.0,0.3016924,0.011655961,0.02781465,0.044568397
CS-CH-DP-BU-BV,24,0.0,0.0,0.5262185,0.0,0.52502483,0.008843338,0.01718839,0.030538477
