Treatments,Time,CA,BT,BU,CD,BV,CS,DP,CH
CDevo-CS-CA,0,0.003333333,0.0,0.0,0.003333333,0.0,0.003333333,0.0,0.0
CDevo-CS-CA,12,0.02635243,0.0,0.0,0.4643367,0.0,0.043330163,0.0,0.0
CDevo-CS-CA,24,0.38260734,0.0,0.0,0.3679398,0.0,0.09591549,0.0,0.0
CDevo-CS-CH-CA,0,0.0025,0.0,0.0,0.0025,0.0,0.0025,0.0,0.0025
CDevo-CS-CH-CA,12,0.018978463,0.0,0.0,0.45570067,0.0,0.036064945,0.0,0.07163574
CDevo-CS-CH-CA,24,0.25748867,0.0,0.0,0.42112276,0.0,0.07807512,0.0,0.016647039
CS-DP-BU-BV-CA,0,0.002,0.0,0.002,0.0,0.002,0.002,0.002,0.0
CS-DP-BU-BV-CA,12,0.017948223,0.0,0.73868704,0.0,0.22865784,0.010545355,0.038158245,0.0
CS-DP-BU-BV-CA,24,0.21843067,0.0,0.55738777,0.0,0.3340641,0.0073906253,0.033419628,0.0
