Treatments,Time,CA,BT,BU,CD,BV,CS,DP,CH
CDevo-DP-BT-BU-BV-CA,0,0.001666667,0.001666667,0.001666667,0.001666667,0.001666667,0.0,0.001666667,0.0
CDevo-DP-BT-BU-BV-CA,12,0.007780097,0.81384826,0.28104952,0.0319664,0.068854645,0.0,0.014026779,0.0
CDevo-DP-BT-BU-BV-CA,24,0.02531642,0.8597376,0.2531274,0.01821956,0.04267551,0.0,0.012023611,0.0
CH-DP-BT-BU,0,0.0,0.0025,0.0025,0.0,0.0,0.0,0.0025,0.0025
CH-DP-BT-BU,12,0.0,0.8297685,0.3184278,0.0,0.0,0.0,0.01844708,0.021514269
CH-DP-BT-BU,24,0.0,0.8598105,0.28692138,0.0,0.0,0.0,0.015761334,0.02864732
DP-BT-BV-CA,0,0.0025,0.0025,0.0,0.0,0.0025,0.0,0.0025,0.0
DP-BT-BV-CA,12,0.010513159,1.0102555,0.0,0.0,0.097052544,0.0,0.02140461,0.0
DP-BT-BV-CA,24,0.029483836,1.0314387,0.0,0.0,0.06839242,0.0,0.020709962,0.0
