Treatments,Time,CA,BT,BU,CD,BV,CS,DP,CH
CDevo-CA,0,0.005,0.0,0.0,0.005,0.0,0.0,0.0,0.0
CDevo-CA,12,0.033600874,0.0,0.0,0.5286136,0.0,0.0,0.0,0.0
CDevo-CA,24,0.28009495,0.0,0.0,0.46613157,0.0,0.0,0.0,0.0
CS-CH-DP-BT-BU,0,0.0,0.002,0.002,0.0,0.0,0.002,0.002,0.002
CS-CH-DP-BT-BU,12,0.0,0.8792629,0.27764523,0.0,0.0,0.0012956981,0.005763945,0.008298695
CS-CH-DP-BT-BU,24,0.0,0.8571503,0.26076367,0.0,0.0,3.0438747e-05,0.00022480803,0.00096306216
CS-DP-BT-BU,0,0.0,0.0025,0.0025,0.0,0.0,0.0025,0.0025,0.0
CS-DP-BT-BU,12,0.0,0.84880036,0.3004236,0.0,0.0,0.0015061314,0.0076616965,0.0
CS-DP-BT-BU,24,0.0,0.8435407,0.27647513,0.0,0.0,2.8448929e-05,0.00029265461,0.0
