Treatments,Time,CA,BT,BU,CD,BV,CS,DP,CH
CDevo-BU,0,0.0,0.0,0.005,0.005,0.0,0.0,0.0,0.0
CDevo-BU,12,0.0,0.0,0.9048475,0.17848447,0.0,0.0,0.0,0.0
CDevo-BU,24,0.0,0.0,0.905737,0.21237344,0.0,0.0,0.0,0.0
CDevo-CS-DP-BT-BV-CA,0,0.001666667,0.001666667,0.0,0.001666667,0.001666667,0.001666667,0.001666667,0.0
CDevo-CS-DP-BT-BV-CA,12,0.007409314,0.99894524,0.0,0.035218537,0.1027237,0.0077259685,0.014495977,0.0
CDevo-CS-DP-BT-BV-CA,24,0.019797996,1.016172,0.0,0.019084422,0.083134174,0.008424656,0.011959955,0.0
CS-CH-DP-BU,0,0.0,0.0,0.0025,0.0,0.0,0.0025,0.0025,0.0025
CS-CH-DP-BU,12,0.0,0.0,0.92244047,0.0,0.0,0.021086615,0.03188801,0.036783442
CS-CH-DP-BU,24,0.0,0.0,0.9347442,0.0,0.0,0.057544198,0.03885174,0.081982784
