Treatments,Time,CA,BT,BU,CD,BV,CS,DP,CH
CS-CH-DP-BT-BU-BV-CA,0,0.001428571,0.001428571,0.001428571,0.0,0.001428571,0.001428571,0.001428571,0.001428571
CS-CH-DP-BT-BU-BV-CA,12,0.0056256107,0.8342533,0.26305202,0.0,0.059586976,0.007013144,0.012606256,0.015332299
CS-CH-DP-BT-BU-BV-CA,24,0.013581387,0.87802696,0.2386901,0.0,0.033038463,0.007884867,0.011594035,0.021843161
CS-CH-DP-BV-CA,0,0.002,0.0,0.0,0.0,0.002,0.002,0.002,0.002
CS-CH-DP-BV-CA,12,0.011699307,0.0,0.0,0.0,0.8253059,0.023458907,0.055860806,0.06040414
CS-CH-DP-BV-CA,24,0.06722183,0.0,0.0,0.0,1.0283289,0.0485046,0.07121386,0.102603465
CS-CH-DP-CA,0,0.0025,0.0,0.0,0.0,0.0,0.0025,0.0025,0.0025
CS-CH-DP-CA,12,0.014709885,0.0,0.0,0.0,0.0,0.046189066,0.1230557,0.1368653
CS-CH-DP-CA,24,0.08816028,0.0,0.0,0.0,0.0,0.4194577,0.33825713,0.5548066
