Treatments,Time,CA,BT,BU,CD,BV,CS,DP,CH
CDevo-CH-DP-BT-BU,0,0.0,0.002,0.002,0.002,0.0,0.0,0.002,0.002
CDevo-CH-DP-BT-BU,12,0.0,0.76846147,0.3786285,0.031102031,0.0,0.0,3.2138854e-07,0.0002104991
CDevo-CH-DP-BT-BU,24,0.0,0.83067364,0.29320803,0.0031359969,0.0,0.0,7.4373464e-14,0.0014457855
CDevo-CS-DP-BT-BV-CA,0,0.001666667,0.001666667,0.0,0.001666667,0.001666667,0.001666667,0.001666667,0.0
CDevo-CS-DP-BT-BV-CA,12,0.0035682695,1.0204227,0.0,0.028907694,0.20641664,1.9272406e-05,5.4515076e-06,0.0
CDevo-CS-DP-BT-BV-CA,24,0.00067104463,1.0240221,0.0,0.0078689065,0.06884488,3.5172823e-11,1.4699323e-11,0.0
CS-CH-BT-CA,0,0.0025,0.0025,0.0,0.0,0.0,0.0025,0.0,0.0025
CS-CH-BT-CA,12,0.07138892,1.0886872,0.0,0.0,0.0,5.2065104e-07,0.0,0.015213837
CS-CH-BT-CA,24,0.053523187,1.0729682,0.0,0.0,0.0,2.38754e-13,0.0,0.0013231293
