Treatments,Time,CA,BT,BU,CD,BV,CS,DP,CH
CDevo-CS-BT-BV-CA,0,0.002,0.002,0.0,0.002,0.002,0.002,0.0,0.0
CDevo-CS-BT-BV-CA,12,0.05265811,0.45915675,0.0,0.014541664,0.8648536,0.009889407,0.0,0.0
CDevo-CS-BT-BV-CA,24,0.119514756,4.4340322e-06,0.0,0.30766708,1.2490712,0.22220309,0.0,0.0
CDevo-CS-DP-BT-BV-CA,0,0.001666667,0.001666667,0.0,0.001666667,0.001666667,0.001666667,0.001666667,0.0
CDevo-CS-DP-BT-BV-CA,12,5.366737e-05,0.01751011,0.0,0.08207963,1.0310546,0.0036065206,0.005398997,0.0
CDevo-CS-DP-BT-BV-CA,24,2.6972437e-05,1.1096258,0.0,0.00092219195,0.028600624,0.03347155,0.00067728985,0.0
CS-DP-BU-BV-CA,0,0.002,0.0,0.002,0.0,0.002,0.002,0.002,0.0
CS-DP-BU-BV-CA,12,0.102465816,0.0,0.7601782,0.0,0.27320823,0.014063739,0.0037222195,0.0
CS-DP-BU-BV-CA,24,0.9274084,0.0,0.67680794,0.0,0.55657005,0.062357254,0.05565364,0.0
