Treatments,Time,CA,BT,BU,CD,BV,CS,DP,CH
CDevo-CH-DP-BT-BU,0,0.0,0.002,0.002,0.002,0.0,0.0,0.002,0.002
CDevo-CH-DP-BT-BU,12,0.0,0.8140051,0.3218964,0.01914359,0.0,0.0,2.7400892e-12,0.017408986
CDevo-CH-DP-BT-BU,24,0.0,0.82927155,0.29035074,0.0027302236,0.0,0.0,-2.6362122e-16,0.01430367
CDevo-CS-CH-DP-BU,0,0.0,0.0,0.002,0.002,0.0,0.002,0.002,0.002
CDevo-CS-CH-DP-BU,12,0.0,0.0,0.9891665,0.10652437,0.0,0.006322485,1.3020875e-11,0.021861324
CDevo-CS-CH-DP-BU,24,0.0,0.0,0.9743245,0.1079649,0.0,0.0002908222,2.9335435e-18,0.010328786
CS-CH-BT-BU,0,0.0,0.0025,0.0025,0.0,0.0,0.0025,0.0,0.0025
CS-CH-BT-BU,12,0.0,0.8200414,0.31753373,0.0,0.0,0.0046175946,0.0,0.021313507
CS-CH-BT-BU,24,0.0,0.8354897,0.28198448,0.0,0.0,0.00037194093,0.0,0.018518139
