Treatments,Time,CA,BT,BU,CD,BV,CS,DP,CH
CH-DP-BU-CA,0,0.0025,0.0,0.0025,0.0,0.0,0.0,0.0025,0.0025
CH-DP-BU-CA,12,0.029549258,0.0,0.9082045,0.0,0.0,0.0,0.056272,0.037198115
CH-DP-BU-CA,24,0.3901842,0.0,0.71669984,0.0,0.0,0.0,0.033872515,0.004625347
CS-CH-DP-CA,0,0.0025,0.0,0.0,0.0,0.0,0.0025,0.0025,0.0025
CS-CH-DP-CA,12,0.03132263,0.0,0.0,0.0,0.0,0.055131122,0.21799655,0.09524036
CS-CH-DP-CA,24,0.7193991,0.0,0.0,0.0,0.0,0.021415902,0.29172954,0.0001309513
CS-DP-BU-BV-CA,0,0.002,0.0,0.002,0.0,0.002,0.002,0.002,0.0
CS-DP-BU-BV-CA,12,0.018147385,0.0,0.7302419,0.0,0.23729828,0.0095000025,0.044237353,0.0
CS-DP-BU-BV-CA,24,0.11234542,0.0,0.5447084,0.0,0.40621394,0.0019316089,0.027716804,0.0
