Treatments,Time,CA,BT,BU,CD,BV,CS,DP,CH
CDevo-CH,0,0.0,0.0,0.0,0.005,0.0,0.0,0.0,0.005
CDevo-CH,12,0.0,0.0,0.0,0.5477686,0.0,0.0,0.0,0.043383393
CDevo-CH,24,0.0,0.0,0.0,0.60572195,0.0,0.0,0.0,0.001126841
CS-CH-BV-CA,0,0.0025,0.0,0.0,0.0,0.0025,0.0025,0.0,0.0025
CS-CH-BV-CA,12,0.073719874,0.0,0.0,0.0,0.9377651,0.019166276,0.0,0.081366725
CS-CH-BV-CA,24,0.12878944,0.0,0.0,0.0,0.9104073,0.014934203,0.0,0.014988087
DP-BT-BU-BV-CA,0,0.002,0.002,0.002,0.0,0.002,0.0,0.002,0.0
DP-BT-BU-BV-CA,12,0.012243337,0.7306597,0.3266266,0.0,0.078157276,0.0,0.012644506,0.0
DP-BT-BU-BV-CA,24,0.020018952,0.7796036,0.30788592,0.0,0.03315086,0.0,0.002191033,0.0
