Treatments,Time,CA,BT,BU,CD,BV,CS,DP,CH
CH-DP-BU-CA,0,0.0025,0.0,0.0025,0.0,0.0,0.0,0.0025,0.0025
CH-DP-BU-CA,12,0.0025127414,0.0,0.0025039664,0.0,0.0,0.0,0.0025056326,0.0025045327
CH-DP-BU-CA,24,0.00252555,0.0,0.0025079409,0.0,0.0,0.0,0.002511275,0.0025090738
CS-CH-DP-CA,0,0.0025,0.0,0.0,0.0,0.0,0.0025,0.0025,0.0025
CS-CH-DP-CA,12,0.0025127104,0.0,0.0,0.0,0.0,0.0024945245,0.0025056226,0.002504527
CS-CH-DP-CA,24,0.002525487,0.0,0.0,0.0,0.0,0.002489061,0.002511258,0.0025090626
CS-DP-BU-BV-CA,0,0.002,0.0,0.002,0.0,0.002,0.002,0.002,0.0
CS-DP-BU-BV-CA,12,0.002010206,0.0,0.0020031757,0.0,0.0020027782,0.0019956327,0.0020045051,0.0
CS-DP-BU-BV-CA,24,0.0020204626,0.0,0.0020063545,0.0,0.00200556,0.001991276,0.0020090193,0.0
