Treatments,Time,CA,BT,BU,CD,BV,CS,DP,CH
CDevo-CS-CH-DP-BU,0,0.0,0.0,0.002,0.002,0.0,0.002,0.002,0.002
CDevo-CS-CH-DP-BU,12,0.0,0.0,1.029149,0.08258054,0.0,0.0010622649,0.031089423,0.020243585
CDevo-CS-CH-DP-BU,24,0.0,0.0,1.0059965,0.09833584,0.0,1.1287069e-05,0.0104973,0.009527568
CDevo-DP-BT-CA,0,0.0025,0.0025,0.0,0.0025,0.0,0.0,0.0025,0.0
CDevo-DP-BT-CA,12,0.013744852,1.1297718,0.0,0.036935914,0.0,0.0,0.007835092,0.0
CDevo-DP-BT-CA,24,0.013396508,1.0875211,0.0,0.032120325,0.0,0.0,0.00034603677,0.0
CS-CH-DP-BU,0,0.0,0.0,0.0025,0.0,0.0,0.0025,0.0025,0.0025
CS-CH-DP-BU,12,0.0,0.0,1.0555435,0.0,0.0,0.0025770133,0.088388994,0.02979955
CS-CH-DP-BU,24,0.0,0.0,1.0177542,0.0,0.0,0.00010374984,0.10759513,0.007203428
