Treatments,Time,CA,BT,BU,CD,BV,CS,DP,CH
CDevo-CS-DP-CA,0,0.0025,0.0,0.0,0.0025,0.0,0.0025,0.0025,0.0
CDevo-CS-DP-CA,12,0.15804793,0.0,0.0,0.37714353,0.0,0.021990484,0.16582341,0.0
CDevo-CS-DP-CA,24,0.25335714,0.0,0.0,0.3567076,0.0,0.0017943801,0.22197385,0.0
CS-BT-BV-CA,0,0.0025,0.0025,0.0,0.0,0.0025,0.0025,0.0,0.0
CS-BT-BV-CA,12,0.0070538004,0.9931266,0.0,0.0,0.1488312,0.0004757552,0.0,0.0
CS-BT-BV-CA,24,0.0054781423,0.9954626,0.0,0.0,0.1293886,6.065654e-07,0.0,0.0
CS-CH-DP-BT-BU-CA,0,0.001666667,0.001666667,0.001666667,0.0,0.0,0.001666667,0.001666667,0.001666667
CS-CH-DP-BT-BU-CA,12,0.0071808496,0.8585466,0.29987836,0.0,0.0,0.006193189,0.003835336,0.010096935
CS-CH-DP-BT-BU-CA,24,0.011185697,0.82995635,0.2903145,0.0,0.0,0.002899415,0.00032456632,0.003086397
