Treatments,Time,CA,BT,BU,CD,BV,CS,DP,CH
CDevo-CS-DP-BT-BV-CA,0,0.001666667,0.001666667,0.0,0.001666667,0.001666667,0.001666667,0.001666667,0.0
CDevo-CS-DP-BT-BV-CA,12,0.001667225,0.03565124,0.0,0.0016641854,0.0016649179,0.0016666463,0.0016659143,0.0
CDevo-CS-DP-BT-BV-CA,24,0.0016684843,0.7147091,0.0,0.001661721,0.0016634526,0.0016669421,0.0016651782,0.0
CS-DP-BT-BU,0,0.0,0.0025,0.0025,0.0,0.0,0.0025,0.0025,0.0
CS-DP-BT-BU,12,0.0,0.0533879,0.03619801,0.0,0.0,0.002500073,0.0024989243,0.0
CS-DP-BT-BU,24,0.0,1.0359168,0.5039487,0.0,0.0,0.002502249,0.0024989482,0.0
CS-DP-BT-BU-BV-CA,0,0.001666667,0.001666667,0.001666667,0.0,0.001666667,0.001666667,0.001666667,0.0
CS-DP-BT-BU-BV-CA,12,0.0016672733,0.035650756,0.024156438,0.0,0.0016649034,0.0016666858,0.0016659294,0.0
CS-DP-BT-BU-BV-CA,24,0.0016693673,0.7145404,0.3410217,0.0,0.0016633787,0.0016676382,0.0016656148,0.0
