Treatments,Time,CA,BT,BU,CD,BV,CS,DP,CH
CH-DP-BT-BU,0,0.0,0.0025,0.0025,0.0,0.0,0.0,0.0025,0.0025
CH-DP-BT-BU,12,0.0,0.89815766,0.25832087,0.0,0.0,0.0,0.00027115503,0.0077554723
CH-DP-BT-BU,24,0.0,0.88595355,0.23543742,0.0,0.0,0.0,0.000607297,0.00063677476
CS-CH-BT-BU-BV-CA,0,0.001666667,0.001666667,0.001666667,0.0,0.001666667,0.001666667,0.0,0.001666667
CS-CH-BT-BU-BV-CA,12,0.009239823,0.8142616,0.28378555,0.0,0.054720767,0.00058881805,0.0,0.0018074706
CS-CH-BT-BU-BV-CA,24,0.010318789,0.84068,0.26829526,0.0,0.026945923,2.644717e-06,0.0,1.7207643e-05
CS-DP-BT-BV-CA,0,0.002,0.002,0.0,0.0,0.002,0.002,0.002,0.0
CS-DP-BT-BV-CA,12,0.01078156,1.030158,0.0,0.0,0.09217323,0.0022388177,0.0006763836,0.0
CS-DP-BT-BV-CA,24,0.015011361,1.0418481,0.0,0.0,0.05285052,0.00014358728,0.006914125,0.0
