Treatments,Time,CA,BT,BU,CD,BV,CS,DP,CH
CDevo-CS-CH-DP-BT-BU-BV-CA,0,0.00125,0.00125,0.00125,0.00125,0.00125,0.00125,0.00125,0.00125
CDevo-CS-CH-DP-BT-BU-BV-CA,12,0.013995302,0.8572333,0.26416045,0.025614578,0.05733138,0.005021683,0.0060822647,0.010393429
CDevo-CS-CH-DP-BT-BU-BV-CA,24,0.021608409,0.8705334,0.23988424,0.00992173,0.029083192,0.002842535,0.0007617807,0.0040674694
CS-CH-DP-BT-BU-BV-CA,0,0.001428571,0.001428571,0.001428571,0.0,0.001428571,0.001428571,0.001428571,0.001428571
CS-CH-DP-BT-BU-BV-CA,12,0.0129768895,0.850331,0.27019477,0.0,0.056257665,0.0060972297,0.0064115417,0.014806124
CS-CH-DP-BT-BU-BV-CA,24,0.01915943,0.8675169,0.24636367,0.0,0.027333092,0.0037302566,0.00077149406,0.0069673406
CS-DP-BT-BV-CA,0,0.002,0.002,0.0,0.0,0.002,0.002,0.002,0.0
CS-DP-BT-BV-CA,12,0.015527912,1.0561248,0.0,0.0,0.0853042,0.008956046,0.022587175,0.0
CS-DP-BT-BV-CA,24,0.02056015,1.0631891,0.0,0.0,0.044501644,0.005724876,0.016815405,0.0
