Treatments,Time,CA,BT,BU,CD,BV,CS,DP,CH
CDevo-CH-BU-CA,0,0.0025,0.0,0.0025,0.0025,0.0,0.0,0.0,0.0025
CDevo-CH-BU-CA,12,0.038894895,0.0,0.96982175,0.14694774,0.0,0.0,0.0,0.0050409273
CDevo-CH-BU-CA,24,0.11596981,0.0,0.89538026,0.17470266,0.0,0.0,0.0,3.4251265e-05
CH-DP-BT-BU-BV-CA,0,0.001666667,0.001666667,0.001666667,0.0,0.001666667,0.0,0.001666667,0.001666667
CH-DP-BT-BU-BV-CA,12,0.005625641,0.81882364,0.28258398,0.0,0.06284028,0.0,0.002925879,0.0014654733
CH-DP-BT-BU-BV-CA,24,0.005268991,0.84336543,0.26049682,0.0,0.030142058,0.0,4.2367938e-05,1.9283516e-05
CS-CH-DP-BU,0,0.0,0.0,0.0025,0.0,0.0,0.0025,0.0025,0.0025
CS-CH-DP-BU,12,0.0,0.0,0.95301706,0.0,0.0,0.046830885,0.049012657,0.018619856
CS-CH-DP-BU,24,0.0,0.0,0.6411394,0.0,0.0,0.2828399,0.10980569,0.019844094
