Treatments,Time,CA,BT,BU,CD,BV,CS,DP,CH
CS-BT-BU-CA,0,0.0025,0.0025,0.0025,0.0,0.0,0.0025,0.0,0.0
CS-BT-BU-CA,12,0.0025044277,0.0025020444,0.002495592,0.0,0.0,0.002501154,0.0,0.0
CS-BT-BU-CA,24,0.0025088624,0.0025040898,0.002491191,0.0,0.0,0.0025023075,0.0,0.0
CS-CH-BT-BU-CA,0,0.002,0.002,0.002,0.0,0.0,0.002,0.0,0.002
CS-CH-BT-BU-CA,12,0.0020035428,0.002001649,0.0019964746,0.0,0.0,0.0020009263,0.0,0.0019986944
CS-CH-BT-BU-CA,24,0.002007093,0.0020033005,0.0019929556,0.0,0.0,0.0020018534,0.0,0.0019973903
CS-CH-BU-BV,0,0.0,0.0,0.0025,0.0,0.0025,0.0025,0.0,0.0025
CS-CH-BU-BV,12,0.0,0.0,0.0024955925,0.0,0.0024989913,0.0025011664,0.0,0.00249837
CS-CH-BU-BV,24,0.0,0.0,0.0024911927,0.0,0.0024979836,0.0025023322,0.0,0.0024967415
