Treatments,Time,CA,BT,BU,CD,BV,CS,DP,CH
CH-DP-BT-BU,0,0.0,0.0025,0.0025,0.0,0.0,0.0,0.0025,0.0025
CH-DP-BT-BU,12,0.0,0.8613675,0.28768867,0.0,0.0,0.0,0.004878564,0.008245038
CH-DP-BT-BU,24,0.0,0.8552563,0.2664133,0.0,0.0,0.0,0.000237272,0.002792712
CS-CH-BV-CA,0,0.0025,0.0,0.0,0.0,0.0025,0.0025,0.0,0.0025
CS-CH-BV-CA,12,0.03521871,0.0,0.0,0.0,0.8355722,0.028253151,0.0,0.06092595
CS-CH-BV-CA,24,0.1870008,0.0,0.0,0.0,0.8289746,0.025753126,0.0,0.010907973
CS-CH-DP-BU-BV-CA,0,0.001666667,0.0,0.001666667,0.0,0.001666667,0.001666667,0.001666667,0.001666667
CS-CH-DP-BU-BV-CA,12,0.020060446,0.0,0.78776705,0.0,0.2526351,0.007974872,0.03488743,0.029425137
CS-CH-DP-BU-BV-CA,24,0.08261531,0.0,0.58760977,0.0,0.41326237,0.0011440404,0.016363662,0.0062271347
