Treatments,Time,CA,BT,BU,CD,BV,CS,DP,CH
CDevo-CH-BU-CA,0,0.0025,0.0,0.0025,0.0025,0.0,0.0,0.0,0.0025
CDevo-CH-BU-CA,12,0.0025008859,0.0,0.032399815,0.0025052575,0.0,0.0,0.0,0.0025033234
CDevo-CH-BU-CA,24,0.0025021075,0.0,0.40550914,0.002510793,0.0,0.0,0.0,0.0025061842
CDevo-CS-DP-CA,0,0.0025,0.0,0.0,0.0025,0.0,0.0025,0.0025,0.0
CDevo-CS-DP-CA,12,0.0025008672,0.0,0.0,0.0025052347,0.0,0.0025053,0.0025026188,0.0
CDevo-CS-DP-CA,24,0.0025017352,0.0,0.0,0.0025104794,0.0,0.0025106128,0.0025052403,0.0
DP-BT-BU-BV-CA,0,0.002,0.002,0.002,0.0,0.002,0.0,0.002,0.0
DP-BT-BU-BV-CA,12,0.0020006923,0.04071802,0.025932109,0.0,0.002005591,0.0,0.0020021177,0.0
DP-BT-BU-BV-CA,24,0.002001419,0.77198243,0.32626778,0.0,0.002010739,0.0,0.0020048257,0.0
