Treatments,Time,CA,BT,BU,CD,BV,CS,DP,CH
CDevo-CS,0,0.0,0.0,0.0,0.005,0.0,0.005,0.0,0.0
CDevo-CS,12,0.0,0.0,0.0,0.5211126,0.0,0.0961384,0.0,0.0
CDevo-CS,24,0.0,0.0,0.0,0.46084443,0.0,0.29825178,0.0,0.0
CH-DP-BU-CA,0,0.0025,0.0,0.0025,0.0,0.0,0.0,0.0025,0.0025
CH-DP-BU-CA,12,0.05481758,0.0,0.9393432,0.0,0.0,0.0,0.03455126,0.030261943
CH-DP-BU-CA,24,0.15505736,0.0,0.8312365,0.0,0.0,0.0,0.04009782,0.008271003
CS-CH-DP-BV-CA,0,0.002,0.0,0.0,0.0,0.002,0.002,0.002,0.002
CS-CH-DP-BV-CA,12,0.088265106,0.0,0.0,0.0,0.8273418,0.01692187,0.05274564,0.0828536
CS-CH-DP-BV-CA,24,0.10990999,0.0,0.0,0.0,0.9225049,0.002029309,0.022235319,0.015803315
