Treatments,Time,CA,BT,BU,CD,BV,CS,DP,CH
CDevo-CS-CH-DP,0,0.0,0.0,0.0,0.0025,0.0,0.0025,0.0025,0.0025
CDevo-CS-CH-DP,12,0.0,0.0,0.0,0.35621348,0.0,0.03997036,0.19987018,0.014837854
CDevo-CS-CH-DP,24,0.0,0.0,0.0,0.22366843,0.0,0.18269931,0.26952726,5.263103e-05
CH-DP-BT-BU-BV-CA,0,0.001666667,0.001666667,0.001666667,0.0,0.001666667,0.0,0.001666667,0.001666667
CH-DP-BT-BU-BV-CA,12,0.00759748,0.8033011,0.3076651,0.0,0.06377899,0.0,0.0060598315,0.008051281
CH-DP-BT-BU-BV-CA,24,0.009732036,0.80897266,0.2910384,0.0,0.034128673,0.0,0.00054583396,0.000681858
CS-CH-DP-BU,0,0.0,0.0,0.0025,0.0,0.0,0.0025,0.0025,0.0025
CS-CH-DP-BU,12,0.0,0.0,0.96454453,0.0,0.0,0.040200446,0.045770828,0.05684456
CS-CH-DP-BU,24,0.0,0.0,0.8558999,0.0,0.0,0.1685681,0.030398622,0.1509731
