Treatments,Time,CA,BT,BU,CD,BV,CS,DP,CH
CDevo-CS-BV-CA,0,0.0025,0.0,0.0,0.0025,0.0025,0.0025,0.0,0.0
CDevo-CS-BV-CA,12,0.00249939,0.0,0.0,0.0025118382,0.0025421674,0.0024981978,0.0,0.0
CDevo-CS-BV-CA,24,0.0024987797,0.0,0.0,0.0025237317,0.0025850502,0.002496399,0.0,0.0
CDevo-CS-DP-CA,0,0.0025,0.0,0.0,0.0025,0.0,0.0025,0.0025,0.0
CDevo-CS-DP-CA,12,0.002499401,0.0,0.0,0.0025118564,0.0,0.0024981867,0.012463541,0.0
CDevo-CS-DP-CA,24,0.0024988109,0.0,0.0,0.0025237936,0.0,0.0024963918,0.061893962,0.0
DP-BT-BV-CA,0,0.0025,0.0025,0.0,0.0,0.0025,0.0,0.0025,0.0
DP-BT-BV-CA,12,0.00249826,0.9635638,0.0,0.0,0.0025426312,0.0,0.012412316,0.0
DP-BT-BV-CA,24,0.0024940677,1.0430368,0.0,0.0,0.0025869682,0.0,0.06084711,0.0
