Treatments,Time,CA,BT,BU,CD,BV,CS,DP,CH
CDevo-DP-BT-BU-BV-CA,0,0.001666667,0.001666667,0.001666667,0.001666667,0.001666667,0.0,0.001666667,0.0
CDevo-DP-BT-BU-BV-CA,12,0.0067642275,0.8217025,0.27647653,0.026703684,0.07704171,0.0,0.008711353,0.0
CDevo-DP-BT-BU-BV-CA,24,0.01852494,0.83113116,0.2579579,0.008361528,0.05024526,0.0,0.0008571702,0.0
CH-DP-BT-BU,0,0.0,0.0025,0.0025,0.0,0.0,0.0,0.0025,0.0025
CH-DP-BT-BU,12,0.0,0.87803084,0.28977254,0.0,0.0,0.0,0.007619885,0.016621342
CH-DP-BT-BU,24,0.0,0.864701,0.26541317,0.0,0.0,0.0,0.0006878431,0.0072082104
DP-BT-BV-CA,0,0.0025,0.0025,0.0,0.0,0.0025,0.0,0.0025,0.0
DP-BT-BV-CA,12,0.010147449,1.0628535,0.0,0.0,0.09422497,0.0,0.026339684,0.0
DP-BT-BV-CA,24,0.029682925,1.0462512,0.0,0.0,0.05531171,0.0,0.013204874,0.0
