Treatments,Time,CA,BT,BU,CD,BV,CS,DP,CH
CDevo-CS-DP-BT-BV-CA,0,0.001666667,0.001666667,0.0,0.001666667,0.001666667,0.001666667,0.001666667,0.0
CDevo-CS-DP-BT-BV-CA,12,0.00167494,0.837083,0.0,0.0016699682,0.0016702185,0.009134993,0.007886002,0.0
CDevo-CS-DP-BT-BV-CA,24,0.0016712632,1.0216128,0.0,0.0016727134,0.0016729779,0.039176464,0.034732655,0.0
CS-DP-BT-BU,0,0.0,0.0025,0.0025,0.0,0.0,0.0025,0.0025,0.0
CS-DP-BT-BU,12,0.0,0.8867942,0.002533828,0.0,0.0,0.013511613,0.011779608,0.0
CS-DP-BT-BU,24,0.0,1.0216539,0.0025702089,0.0,0.0,0.057716344,0.051786117,0.0
CS-DP-BT-BU-BV-CA,0,0.001666667,0.001666667,0.001666667,0.0,0.001666667,0.001666667,0.001666667,0.0
CS-DP-BT-BU-BV-CA,12,0.0016749343,0.83708185,0.001689137,0.0,0.0016702208,0.009134966,0.007886036,0.0
CS-DP-BT-BU-BV-CA,24,0.0016712492,1.0216109,0.0017133972,0.0,0.001672983,0.039176103,0.034733094,0.0
