Treatments,Time,CA,BT,BU,CD,BV,CS,DP,CH
CDevo-CS-BT-BV-CA,0,0.002,0.002,0.0,0.002,0.002,0.002,0.0,0.0
CDevo-CS-BT-BV-CA,12,0.0019997607,0.002004584,0.0,0.0020004401,0.002001698,0.0020023559,0.0,0.0
CDevo-CS-BT-BV-CA,24,0.0019995214,0.0020091776,0.0,0.0020008807,0.0020033966,0.0020047147,0.0,0.0
CDevo-DP-BT-BU-BV-CA,0,0.001666667,0.001666667,0.001666667,0.001666667,0.001666667,0.0,0.001666667,0.0
CDevo-DP-BT-BU-BV-CA,12,0.0016664757,0.0016704864,0.0016622634,0.0016670448,0.0016680785,0.0,0.0016652737,0.0
CDevo-DP-BT-BU-BV-CA,24,0.0016662843,0.0016743146,0.0016578714,0.0016674226,0.0016694908,0.0,0.0016638814,0.0
CS-DP-BU-CA,0,0.0025,0.0,0.0025,0.0,0.0,0.0025,0.0025,0.0
CS-DP-BU-CA,12,0.0024997208,0.0,0.0024933838,0.0,0.0,0.0025029485,0.0024979322,0.0
CS-DP-BU-CA,24,0.0024994418,0.0,0.0024867868,0.0,0.0,0.0025058992,0.0024958649,0.0
