Treatments,Time,CA,BT,BU,CD,BV,CS,DP,CH
CDevo-BV,0,0.0,0.0,0.0,0.005,0.005,0.0,0.0,0.0
CDevo-BV,12,0.0,0.0,0.0,0.14962506,1.1025223,0.0,0.0,0.0
CDevo-BV,24,0.0,0.0,0.0,0.07617941,1.088408,0.0,0.0,0.0
CDevo-CS-CH-DP-BU,0,0.0,0.0,0.002,0.002,0.0,0.002,0.002,0.002
CDevo-CS-CH-DP-BU,12,0.0,0.0,0.9825685,0.10127137,0.0,0.012523913,0.04291255,0.01631174
CDevo-CS-CH-DP-BU,24,0.0,0.0,0.9727665,0.14136808,0.0,0.013837376,0.052296907,0.0009282709
CS-DP-BT-BU,0,0.0,0.0025,0.0025,0.0,0.0,0.0025,0.0025,0.0
CS-DP-BT-BU,12,0.0,0.8301682,0.3183993,0.0,0.0,0.006228939,0.00593233,0.0
CS-DP-BT-BU,24,0.0,0.8192544,0.29667217,0.0,0.0,0.0016069195,0.00026421892,0.0
