Treatments,Time,CA,BT,BU,CD,BV,CS,DP,CH
CS-BT-BU-CA,0,0.0025,0.0025,0.0025,0.0,0.0,0.0025,0.0,0.0
CS-BT-BU-CA,12,0.015568157,0.7799329,0.35625696,0.0,0.0,0.0026907371,0.0,0.0
CS-BT-BU-CA,24,0.024484545,0.83061314,0.28800008,0.0,0.0,0.00014247354,0.0,0.0
CS-CH-BT-BU-CA,0,0.002,0.002,0.002,0.0,0.0,0.002,0.0,0.002
CS-CH-BT-BU-CA,12,0.0130733,0.8585141,0.31674376,0.0,0.0,0.002432296,0.0,0.019545713
CS-CH-BT-BU-CA,24,0.022193607,0.8693974,0.2545702,0.0,0.0,0.00017706526,0.0,0.0057169297
CS-CH-BU-BV,0,0.0,0.0,0.0025,0.0,0.0025,0.0025,0.0,0.0025
CS-CH-BU-BV,12,0.0,0.0,0.8107906,0.0,0.22253045,0.0030113484,0.0,0.038173433
CS-CH-BU-BV,24,0.0,0.0,0.66730237,0.0,0.35902196,0.00011887551,0.0,0.01416588
