Treatments,Time,CA,BT,BU,CD,BV,CS,DP,CH
CDevo-CS-BT-BU-CA,0,0.002,0.002,0.002,0.002,0.0,0.002,0.0,0.0
CDevo-CS-BT-BU-CA,12,0.0119317565,0.8021371,0.35344028,0.015747564,0.0,0.0013202904,0.0,0.0
CDevo-CS-BT-BU-CA,24,0.02629624,0.80960834,0.31178048,0.001176033,0.0,3.3163768e-05,0.0,0.0
CDevo-CS-CA,0,0.003333333,0.0,0.0,0.003333333,0.0,0.003333333,0.0,0.0
CDevo-CS-CA,12,0.0346115,0.0,0.0,0.46311492,0.0,0.035971157,0.0,0.0
CDevo-CS-CA,24,0.29265296,0.0,0.0,0.41834182,0.0,0.006322854,0.0,0.0
CS-DP-BU-BV-CA,0,0.002,0.0,0.002,0.0,0.002,0.002,0.002,0.0
CS-DP-BU-BV-CA,12,0.026429204,0.0,0.7032716,0.0,0.2652252,0.0074808276,0.045915283,0.0
CS-DP-BU-BV-CA,24,0.2501031,0.0,0.40499398,0.0,0.39696845,0.00042477087,0.014804356,0.0
