Treatments,Time,CA,BT,BU,CD,BV,CS,DP,CH
CDevo-CH-DP-BT-BU,0,0.0,0.002,0.002,0.002,0.0,0.0,0.002,0.002
CDevo-CH-DP-BT-BU,12,0.0,0.8729941,0.29519916,0.014272437,0.0,0.0,0.003794367,0.005137667
CDevo-CH-DP-BT-BU,24,0.0,0.84339136,0.278169,0.0019980583,0.0,0.0,0.00028176207,0.00069775194
CDevo-CS-BT-BV-CA,0,0.002,0.002,0.0,0.002,0.002,0.002,0.0,0.0
CDevo-CS-BT-BV-CA,12,0.01793481,1.0133321,0.0,0.019211432,0.12960991,0.0015731062,0.0,0.0
CDevo-CS-BT-BV-CA,24,0.019331012,0.98797095,0.0,0.0026260742,0.0984127,3.488754e-05,0.0,0.0
CDevo-CS-DP-BU-CA,0,0.002,0.0,0.002,0.002,0.0,0.002,0.002,0.0
CDevo-CS-DP-BU-CA,12,0.08777434,0.0,0.8713649,0.13749443,0.0,0.024492322,0.047700215,0.0
CDevo-CS-DP-BU-CA,24,0.3842509,0.0,0.62110776,0.08182165,0.0,0.080783546,0.054764695,0.0
