Treatments,Time,CA,BT,BU,CD,BV,CS,DP,CH
CS-CH-DP-BT-BU-BV-CA,0,0.001428571,0.001428571,0.001428571,0.0,0.001428571,0.001428571,0.001428571,0.001428571
CS-CH-DP-BT-BU-BV-CA,12,0.0061275032,0.83911675,0.26376024,0.0,0.062912256,0.0022436276,0.0052250847,0.013456531
CS-CH-DP-BT-BU-BV-CA,24,0.006164045,0.8392278,0.2494897,0.0,0.036625575,0.00017845623,0.0004788479,0.0042851544
CS-CH-DP-BV-CA,0,0.002,0.0,0.0,0.0,0.002,0.002,0.002,0.002
CS-CH-DP-BV-CA,12,0.055812918,0.0,0.0,0.0,0.90182984,0.026573956,0.051676527,0.08986947
CS-CH-DP-BV-CA,24,0.13447078,0.0,0.0,0.0,0.91852397,0.010706569,0.008278014,0.022581194
CS-CH-DP-CA,0,0.0025,0.0,0.0,0.0,0.0,0.0025,0.0025,0.0025
CS-CH-DP-CA,12,0.046425346,0.0,0.0,0.0,0.0,0.044522453,0.17755364,0.2699177
CS-CH-DP-CA,24,0.18157627,0.0,0.0,0.0,0.0,0.09211264,0.112626396,0.4735404
