Treatments,Time,CA,BT,BU,CD,BV,CS,DP,CH
CDevo-CH,0,0.0,0.0,0.0,0.005,0.0,0.0,0.0,0.005
CDevo-CH,12,0.0,0.0,0.0,0.57766,0.0,0.0,0.0,0.033423577
CDevo-CH,24,0.0,0.0,0.0,0.6119914,0.0,0.0,0.0,0.0008871612
CS-CH-BV-CA,0,0.0025,0.0,0.0,0.0,0.0025,0.0025,0.0,0.0025
CS-CH-BV-CA,12,0.08195638,0.0,0.0,0.0,0.84945583,0.017284498,0.0,0.12534994
CS-CH-BV-CA,24,0.13501193,0.0,0.0,0.0,0.89282686,0.010783446,0.0,0.050620325
DP-BT-BU-BV-CA,0,0.002,0.002,0.002,0.0,0.002,0.0,0.002,0.0
DP-BT-BU-BV-CA,12,0.0077407425,0.7780497,0.31557575,0.0,0.068996444,0.0,0.010073209,0.0
DP-BT-BU-BV-CA,24,0.009279983,0.82134205,0.27896306,0.0,0.033441417,0.0,0.00083631446,0.0
