Treatments,Time,CA,BT,BU,CD,BV,CS,DP,CH
CDevo-BT-BU-CA,0,0.0025,0.0025,0.0025,0.0025,0.0,0.0,0.0,0.0
CDevo-BT-BU-CA,12,0.002501118,0.044700593,0.03460138,0.0024952178,0.0,0.0,0.0,0.0
CDevo-BT-BU-CA,24,0.0025027422,0.71983653,0.4594894,0.002490123,0.0,0.0,0.0,0.0
CDevo-CS-CH-CA,0,0.0025,0.0,0.0,0.0025,0.0,0.0025,0.0,0.0025
CDevo-CS-CH-CA,12,0.0025010917,0.0,0.0,0.0024952055,0.0,0.0025018568,0.0,0.0025027588
CDevo-CS-CH-CA,24,0.002502185,0.0,0.0,0.0024904187,0.0,0.002503715,0.0,0.0025055208
DP-BT-BU-BV,0,0.0,0.0025,0.0025,0.0,0.0025,0.0,0.0025,0.0
DP-BT-BU-BV,12,0.0,0.0447002,0.0346017,0.0,0.002494272,0.0,0.0024975762,0.0
DP-BT-BU-BV,24,0.0,0.7198255,0.45949802,0.0,0.002487256,0.0,0.0024945494,0.0
