Treatments,Time,CA,BT,BU,CD,BV,CS,DP,CH
CDevo-CH-DP-CA,0,0.0025,0.0,0.0,0.0025,0.0,0.0,0.0025,0.0025
CDevo-CH-DP-CA,12,0.02187368,0.0,0.0,0.4276502,0.0,0.0,0.1607227,0.029303957
CDevo-CH-DP-CA,24,0.17781718,0.0,0.0,0.33483872,0.0,0.0,0.25592166,0.0005952795
CDevo-CS-CH-DP-BU,0,0.0,0.0,0.002,0.002,0.0,0.002,0.002,0.002
CDevo-CS-CH-DP-BU,12,0.0,0.0,0.96554875,0.115499,0.0,0.011090379,0.04991597,0.018213602
CDevo-CS-CH-DP-BU,24,0.0,0.0,0.9290954,0.17003657,0.0,0.0075970134,0.07914164,0.0007329745
CS-BT-BV-CA,0,0.0025,0.0025,0.0,0.0,0.0025,0.0025,0.0,0.0
CS-BT-BV-CA,12,0.0058394377,1.0054047,0.0,0.0,0.14547965,0.0010844585,0.0,0.0
CS-BT-BV-CA,24,0.0045112157,1.0043958,0.0,0.0,0.12829593,5.7153666e-06,0.0,0.0
