Treatments,Time,CA,BT,BU,CD,BV,CS,DP,CH
CDevo-CS-BT-BU-CA,0,0.002,0.002,0.002,0.002,0.0,0.002,0.0,0.0
CDevo-CS-BT-BU-CA,12,0.0019898505,0.0019935356,0.6600834,0.016539298,0.0,0.009846373,0.0,0.0
CDevo-CS-BT-BU-CA,24,0.0019808803,0.0019854344,0.8439297,0.12365541,0.0,0.048367336,0.0,0.0
CDevo-CS-CA,0,0.003333333,0.0,0.0,0.003333333,0.0,0.003333333,0.0,0.0
CDevo-CS-CA,12,0.0033158911,0.0,0.0,0.028255228,0.0,0.01639705,0.0,0.0
CDevo-CS-CA,24,0.0032985671,0.0,0.0,0.23494487,0.0,0.0802201,0.0,0.0
CS-DP-BU-BV-CA,0,0.002,0.0,0.002,0.0,0.002,0.002,0.002,0.0
CS-DP-BU-BV-CA,12,0.0019900259,0.0,0.6594665,0.0,0.20368786,0.0098482855,0.011718651,0.0
CS-DP-BU-BV-CA,24,0.0019820756,0.0,0.84244376,0.0,0.3825883,0.048426382,0.06765451,0.0
