Treatments,Time,CA,BT,BU,CD,BV,CS,DP,CH
CDevo-CS-BT-BU-BV,0,0.0,0.002,0.002,0.002,0.002,0.002,0.0,0.0
CDevo-CS-BT-BU-BV,12,0.0,0.80557126,0.29941857,0.003121465,0.06638102,0.001214235,0.0,0.0
CDevo-CS-BT-BU-BV,24,0.0,0.83075786,0.2950329,0.015626205,0.0372946,4.9931863e-05,0.0,0.0
CDevo-CS-CH-DP,0,0.0,0.0,0.0,0.0025,0.0,0.0025,0.0025,0.0025
CDevo-CS-CH-DP,12,0.0,0.0,0.0,0.0017414236,0.0,0.091728404,2.3872002e-07,0.0030981023
CDevo-CS-CH-DP,24,0.0,0.0,0.0,10.0,0.0,1.2112337e-08,10.0,10.0
CS-DP-BT-BU-BV,0,0.0,0.002,0.002,0.0,0.002,0.002,0.002,0.0
CS-DP-BT-BU-BV,12,0.0,0.8025992,0.30314288,0.0,0.06417612,0.0013039596,0.00022897772,0.0
CS-DP-BT-BU-BV,24,0.0,0.82448024,0.2770032,0.0,0.03177224,7.709808e-05,0.012228231,0.0
