Treatments,Time,CA,BT,BU,CD,BV,CS,DP,CH
CDevo-BT-BU-CA,0,0.0025,0.0025,0.0025,0.0025,0.0,0.0,0.0,0.0
CDevo-BT-BU-CA,12,0.027535452,0.74720913,0.3717086,0.035451856,0.0,0.0,0.0,0.0
CDevo-BT-BU-CA,24,0.04921042,0.7433258,0.34035236,0.00882046,0.0,0.0,0.0,0.0
CDevo-CS-BT-BU-CA,0,0.002,0.002,0.002,0.002,0.0,0.002,0.0,0.0
CDevo-CS-BT-BU-CA,12,0.026832748,0.78464806,0.35004255,0.030001272,0.0,0.004655315,0.0,0.0
CDevo-CS-BT-BU-CA,24,0.04818588,0.7623105,0.32443008,0.007485183,0.0,0.0012160386,0.0,0.0
CS-CH-DP-BU,0,0.0,0.0,0.0025,0.0,0.0,0.0025,0.0025,0.0025
CS-CH-DP-BU,12,0.0,0.0,1.0257602,0.0,0.0,0.04429563,0.053041127,0.046332452
CS-CH-DP-BU,24,0.0,0.0,1.1498019,0.0,0.0,0.24218497,0.26677275,0.0020068288
