Treatments,Time,CA,BT,BU,CD,BV,CS,DP,CH
CDevo-BT-BU-CA,0,0.0025,0.0025,0.0025,0.0025,0.0,0.0,0.0,0.0
CDevo-BT-BU-CA,12,0.009343495,0.7794915,0.36205232,0.04228798,0.0,0.0,0.0,0.0
CDevo-BT-BU-CA,24,0.022085326,0.80874586,0.31997862,0.019039256,0.0,0.0,0.0,0.0
CS-CH-DP-BV-CA,0,0.002,0.0,0.0,0.0,0.002,0.002,0.002,0.002
CS-CH-DP-BV-CA,12,0.013960183,0.0,0.0,0.0,0.8729972,0.020338008,0.08202642,0.07677391
CS-CH-DP-BV-CA,24,0.107868,0.0,0.0,0.0,0.98081726,0.008063535,0.043769784,0.043715294
CS-DP-BT-BV-CA,0,0.002,0.002,0.0,0.0,0.002,0.002,0.002,0.0
CS-DP-BT-BV-CA,12,0.007338748,1.0539101,0.0,0.0,0.08270739,0.00784619,0.024401527,0.0
CS-DP-BT-BV-CA,24,0.015510964,1.0569366,0.0,0.0,0.046220344,0.003977149,0.017717475,0.0
