Treatments,Time,CA,BT,BU,CD,BV,CS,DP,CH
CDevo-CH-DP-CA,0,0.0025,0.0,0.0,0.0025,0.0,0.0,0.0025,0.0025
CDevo-CH-DP-CA,12,0.0025015278,0.0,0.0,0.0025052237,0.0,0.0,0.0025026056,0.0024918402
CDevo-CH-DP-CA,24,0.002503057,0.0,0.0,0.002510459,0.0,0.0,0.0025052137,0.0024837086
CS-BT-BV-CA,0,0.0025,0.0025,0.0,0.0,0.0025,0.0025,0.0,0.0
CS-BT-BV-CA,12,0.0025015357,0.0025034745,0.0,0.0,0.0025044142,0.00250524,0.0,0.0
CS-BT-BV-CA,24,0.002503071,0.002506953,0.0,0.0,0.002508837,0.0025104915,0.0,0.0
CS-CH-BV-CA,0,0.0025,0.0,0.0,0.0,0.0025,0.0025,0.0,0.0025
CS-CH-BV-CA,12,0.0025015473,0.0,0.0,0.0,0.0025044233,0.0025052284,0.0,0.0024918232
CS-CH-BV-CA,24,0.0025030966,0.0,0.0,0.0,0.002508855,0.00251047,0.0,0.0024836743
