Treatments,Time,CA,BT,BU,CD,BV,CS,DP,CH
CDevo-BU,0,0.0,0.0,0.005,0.005,0.0,0.0,0.0,0.0
CDevo-BU,12,0.0,0.0,0.88455504,0.21580784,0.0,0.0,0.0,0.0
CDevo-BU,24,0.0,0.0,0.8886324,0.21999022,0.0,0.0,0.0,0.0
CDevo-CS-CH-DP-BU,0,0.0,0.0,0.002,0.002,0.0,0.002,0.002,0.002
CDevo-CS-CH-DP-BU,12,0.0,0.0,0.96853554,0.10208932,0.0,0.00032428253,0.017647674,0.027352076
CDevo-CS-CH-DP-BU,24,0.0,0.0,0.93212533,0.13637145,0.0,1.2424078e-07,0.0011287628,0.020010307
CS-DP-BT-BU-BV,0,0.0,0.002,0.002,0.0,0.002,0.002,0.002,0.0
CS-DP-BT-BU-BV,12,0.0,0.83017457,0.27621883,0.0,0.05278966,0.00079792447,0.016155971,0.0
CS-DP-BT-BU-BV,24,0.0,0.83701813,0.2645973,0.0,0.021641718,4.1168674e-05,0.0021578614,0.0
