Treatments,Time,CA,BT,BU,CD,BV,CS,DP,CH
CS-CH-DP-BT-BU,0,0.0,0.002,0.002,0.0,0.0,0.002,0.002,0.002
CS-CH-DP-BT-BU,12,0.0,0.8614462,0.29582807,0.0,0.0,0.0074101235,0.0057862117,0.013489944
CS-CH-DP-BT-BU,24,0.0,0.8583742,0.2714301,0.0,0.0,0.004475805,0.00045486356,0.004428833
CS-DP-BT-BU-BV,0,0.0,0.002,0.002,0.0,0.002,0.002,0.002,0.0
CS-DP-BT-BU-BV,12,0.0,0.79081756,0.2927703,0.0,0.07643264,0.0073619955,0.0066330307,0.0
CS-DP-BT-BU-BV,24,0.0,0.8105754,0.28307185,0.0,0.049404517,0.0043059243,0.000531627,0.0
CS-DP-BT-BV-CA,0,0.002,0.002,0.0,0.0,0.002,0.002,0.002,0.0
CS-DP-BT-BV-CA,12,0.01529375,1.0363369,0.0,0.0,0.098286025,0.007816792,0.020861087,0.0
CS-DP-BT-BV-CA,24,0.019530851,1.0392352,0.0,0.0,0.06422164,0.0040867687,0.013209587,0.0
