Treatments,Time,CA,BT,BU,CD,BV,CS,DP,CH
CS-CH-DP-BT-BU-CA,0,0.001666667,0.001666667,0.001666667,0.0,0.0,0.001666667,0.001666667,0.001666667
CS-CH-DP-BT-BU-CA,12,0.0016668754,0.035352074,0.023691958,0.0,0.0,0.0016670716,0.0016668265,0.0016619514
CS-CH-DP-BT-BU-CA,24,0.0016671846,0.69518465,0.32693174,0.0,0.0,0.0016668793,0.0016682979,0.0016581117
CS-CH-DP-CA,0,0.0025,0.0,0.0,0.0,0.0,0.0025,0.0025,0.0025
CS-CH-DP-CA,12,0.0025003026,0.0,0.0,0.0,0.0,0.0025006656,0.0025001206,0.0024928744
CS-CH-DP-CA,24,0.002500603,0.0,0.0,0.0,0.0,0.0025013313,0.0025002416,0.0024857684
CS-DP-BT-BU-BV,0,0.0,0.002,0.002,0.0,0.002,0.002,0.002,0.0
CS-DP-BT-BU-BV,12,0.0,0.042388972,0.0284176,0.0,0.0019984078,0.00200048,0.0020002066,0.0
CS-DP-BT-BU-BV,24,0.0,0.8211206,0.38970205,0.0,0.0019978392,0.0020001319,0.0020022336,0.0
