Treatments,Time,CA,BT,BU,CD,BV,CS,DP,CH
CDevo-BU,0,0.0,0.0,0.005,0.005,0.0,0.0,0.0,0.0
CDevo-BU,12,0.0,0.0,0.0049932497,0.004996012,0.0,0.0,0.0,0.0
CDevo-BU,24,0.0,0.0,0.004986511,0.004992025,0.0,0.0,0.0,0.0
CS-CH-DP-BU-BV-CA,0,0.001666667,0.0,0.001666667,0.0,0.001666667,0.001666667,0.001666667,0.001666667
CS-CH-DP-BU-BV-CA,12,0.001668114,0.0,0.0016643949,0.0,0.001663366,0.0016696779,0.0016654972,0.0016726311
CS-CH-DP-BU-BV-CA,24,0.0016695616,0.0,0.0016621267,0.0,0.0016600727,0.0016726946,0.0016643286,0.0016786169
DP-BT-BU-BV,0,0.0,0.0025,0.0025,0.0,0.0025,0.0,0.0025,0.0
DP-BT-BU-BV,12,0.0,0.0024975634,0.0024965778,0.0,0.0024950616,0.0,0.0024982498,0.0
DP-BT-BU-BV,24,0.0,0.002495129,0.0024931587,0.0,0.0024901337,0.0,0.0024964996,0.0
