Treatments,Time,CA,BT,BU,CD,BV,CS,DP,CH
CDevo-BT,0,0.0,0.005,0.0,0.005,0.0,0.0,0.0,0.0
CDevo-BT,24,0.0,1.0544887,0.0,0.06088792,0.0,0.0,0.0,0.0
CDevo-BV,0,0.0,0.0,0.0,0.005,0.005,0.0,0.0,0.0
CDevo-BV,12,0.0,0.0,0.0,0.17096585,1.0796878,0.0,0.0,0.0
CDevo-BV,24,0.0,0.0,0.0,0.09005656,1.0809313,0.0,0.0,0.0
CS-DP-BU-BV-CA,0,0.002,0.0,0.002,0.0,0.002,0.002,0.002,0.0
CS-DP-BU-BV-CA,12,0.018147096,0.0,0.7348908,0.0,0.2404882,0.009758744,0.044443086,0.0
CS-DP-BU-BV-CA,24,0.17404184,0.0,0.46508577,0.0,0.4220418,0.0016131331,0.020904323,0.0
