Treatments,Time,CA,BT,BU,CD,BV,CS,DP,CH
CDevo-CS-DP-CA,0,0.0025,0.0,0.0,0.0025,0.0,0.0025,0.0025,0.0
CDevo-CS-DP-CA,12,0.117953494,0.0,0.0,0.34588015,0.0,0.015216584,0.21956217,0.0
CDevo-CS-DP-CA,24,0.26164714,0.0,0.0,0.34579483,0.0,0.00036050056,0.22607514,0.0
CS-BT-BV-CA,0,0.0025,0.0025,0.0,0.0,0.0025,0.0025,0.0,0.0
CS-BT-BV-CA,12,0.009899311,0.9972469,0.0,0.0,0.1405651,0.017713362,0.0,0.0
CS-BT-BV-CA,24,0.007496117,1.0331218,0.0,0.0,0.09073311,0.019864652,0.0,0.0
CS-CH-DP-BT-BU-CA,0,0.001666667,0.001666667,0.001666667,0.0,0.0,0.001666667,0.001666667,0.001666667
CS-CH-DP-BT-BU-CA,12,0.009534742,0.8652548,0.29229873,0.0,0.0,0.00064805057,0.004877777,0.007341987
CS-CH-DP-BT-BU-CA,24,0.012792221,0.8410898,0.28007397,0.0,0.0,3.2977523e-06,0.00031777116,0.0007028579
