Treatments,Time,CA,BT,BU,CD,BV,CS,DP,CH
CDevo-CS,0,0.0,0.0,0.0,0.005,0.0,0.005,0.0,0.0
CDevo-CS,12,0.0,0.0,0.0,0.5109841,0.0,0.113359064,0.0,0.0
CDevo-CS,24,0.0,0.0,0.0,0.5134723,0.0,0.37224716,0.0,0.0
CDevo-CS-DP-CA,0,0.0025,0.0,0.0,0.0025,0.0,0.0025,0.0025,0.0
CDevo-CS-DP-CA,12,0.11567751,0.0,0.0,0.36267352,0.0,0.025499037,0.1653364,0.0
CDevo-CS-DP-CA,24,0.2569726,0.0,0.0,0.32171342,0.0,0.0005236612,0.23307267,0.0
DP-BT-BU-BV,0,0.0,0.0025,0.0025,0.0,0.0025,0.0,0.0025,0.0
DP-BT-BU-BV,12,0.0,0.77741456,0.29751822,0.0,0.07959325,0.0,0.008573315,0.0
DP-BT-BU-BV,24,0.0,0.8060637,0.27845323,0.0,0.048440892,0.0,0.00092071196,0.0
