Treatments,Time,CA,BT,BU,CD,BV,CS,DP,CH
CDevo-CS-CH-DP,0,0.0,0.0,0.0,0.0025,0.0,0.0025,0.0025,0.0025
CDevo-CS-CH-DP,12,0.0,0.0,0.0,0.0025058924,0.0,0.0024971685,0.0024957957,0.0024996633
CDevo-CS-CH-DP,24,0.0,0.0,0.0,0.0025117972,0.0,0.0024943403,0.0024915973,0.0024993264
CDevo-CS-DP-CA,0,0.0025,0.0,0.0,0.0025,0.0,0.0025,0.0025,0.0
CDevo-CS-DP-CA,12,0.0025046382,0.0,0.0,0.0025059092,0.0,0.00249718,0.0024957997,0.0
CDevo-CS-DP-CA,24,0.0025092862,0.0,0.0,0.0025118329,0.0,0.0024943629,0.0024916066,0.0
CH-DP-BU-CA,0,0.0025,0.0,0.0025,0.0,0.0,0.0,0.0025,0.0025
CH-DP-BU-CA,12,0.0025046244,0.0,0.0025017648,0.0,0.0,0.0,0.0024957804,0.0024996665
CH-DP-BU-CA,24,0.0025092575,0.0,0.00250353,0.0,0.0,0.0,0.0024915687,0.0024993331
