Treatments,Time,CA,BT,BU,CD,BV,CS,DP,CH
CS-CH-BT-CA,0,0.0025,0.0025,0.0,0.0,0.0,0.0025,0.0,0.0025
CS-CH-BT-CA,12,0.031180266,1.0817801,0.0,0.0,0.0,0.020280961,0.0,0.01141978
CS-CH-BT-CA,24,0.1207515,1.0353249,0.0,0.0,0.0,0.011786254,0.0,0.000490389
CS-CH-DP-BT-BU-BV-CA,0,0.001428571,0.001428571,0.001428571,0.0,0.001428571,0.001428571,0.001428571,0.001428571
CS-CH-DP-BT-BU-BV-CA,12,0.005630162,0.84611005,0.24869102,0.0,0.06366305,0.0008738524,0.0045324103,0.0068577603
CS-CH-DP-BT-BU-BV-CA,24,0.006552909,0.85667396,0.23405069,0.0,0.0326424,1.1657217e-05,0.00020397107,0.00040876082
CS-DP-BT-BU,0,0.0,0.0025,0.0025,0.0,0.0,0.0025,0.0025,0.0
CS-DP-BT-BU,12,0.0,0.876782,0.27320275,0.0,0.0,0.00082820584,0.006846303,0.0
CS-DP-BT-BU,24,0.0,0.8581033,0.26488304,0.0,0.0,8.555974e-06,0.00028940602,0.0
