Treatments,Time,CA,BT,BU,CD,BV,CS,DP,CH
CDevo-BT-BU-CA,0,0.0025,0.0025,0.0025,0.0025,0.0,0.0,0.0,0.0
CDevo-BT-BU-CA,12,0.002498195,0.002491974,0.0025022728,0.002497724,0.0,0.0,0.0,0.0
CDevo-BT-BU-CA,24,0.0024963901,0.0024839754,0.0025045476,0.0024954493,0.0,0.0,0.0,0.0
CDevo-CH,0,0.0,0.0,0.0,0.005,0.0,0.0,0.0,0.005
CDevo-CH,12,0.0,0.0,0.0,0.004995407,0.0,0.0,0.0,0.005001203
CDevo-CH,24,0.0,0.0,0.0,0.0049908212,0.0,0.0,0.0,0.005002406
CS-CH-BT-BU,0,0.0,0.0025,0.0025,0.0,0.0,0.0025,0.0,0.0025
CS-CH-BT-BU,12,0.0,0.0024919647,0.0025022766,0.0,0.0,0.0024974723,0.0,0.0025006847
CS-CH-BT-BU,24,0.0,0.0024839547,0.0025045543,0.0,0.0,0.0024949466,0.0,0.0025013695
