Treatments,Time,CA,BT,BU,CD,BV,CS,DP,CH
CDevo-BV,0,0.0,0.0,0.0,0.005,0.005,0.0,0.0,0.0
CDevo-BV,12,0.0,0.0,0.0,0.16683389,1.058318,0.0,0.0,0.0
CDevo-BV,24,0.0,0.0,0.0,0.10815613,1.0602993,0.0,0.0,0.0
CDevo-CA,0,0.005,0.0,0.0,0.005,0.0,0.0,0.0,0.0
CDevo-CA,12,0.20285684,0.0,0.0,0.50043756,0.0,0.0,0.0,0.0
CDevo-CA,24,0.25734356,0.0,0.0,0.469099,0.0,0.0,0.0,0.0
CS-BT-BU-CA,0,0.0025,0.0025,0.0025,0.0,0.0,0.0025,0.0,0.0
CS-BT-BU-CA,12,0.013330829,0.7962883,0.34771755,0.0,0.0,0.0021116913,0.0,0.0
CS-BT-BU-CA,24,0.022766156,0.83342725,0.2966888,0.0,0.0,6.785503e-05,0.0,0.0
