Treatments,Time,CA,BT,BU,CD,BV,CS,DP,CH
CDevo-CS-CH-DP-BT-BU-BV-CA,0,0.00125,0.00125,0.00125,0.00125,0.00125,0.00125,0.00125,0.00125
CDevo-CS-CH-DP-BT-BU-BV-CA,12,0.00530553,0.8481067,0.26279333,0.014480925,0.06955058,0.0010681543,0.0028380859,0.007899747
CDevo-CS-CH-DP-BT-BU-BV-CA,24,0.0099858465,0.8329121,0.2652047,0.003118504,0.028697623,6.1561266e-05,0.00023387028,0.0020183274
CDevo-CS-CH-DP-BU-BV,0,0.0,0.0,0.001666667,0.001666667,0.001666667,0.001666667,0.001666667,0.001666667
CDevo-CS-CH-DP-BU-BV,12,0.0,0.0,0.7224424,0.09007934,0.27332133,0.010580282,0.0317925,0.018564226
CDevo-CS-CH-DP-BU-BV,24,0.0,0.0,0.53698605,0.05811231,0.5217255,0.006255234,0.023419127,0.003185756
CDevo-CS-DP-BT-BV-CA,0,0.001666667,0.001666667,0.0,0.001666667,0.001666667,0.001666667,0.001666667,0.0
CDevo-CS-DP-BT-BV-CA,12,0.00817003,1.0522928,0.0,0.012786014,0.119448975,0.00050422014,0.009061539,0.0
CDevo-CS-DP-BT-BV-CA,24,0.017362447,1.0181621,0.0,0.0019261274,0.068265826,6.594473e-06,0.0035324772,0.0
