Treatments,Time,CA,BT,BU,CD,BV,CS,DP,CH
CDevo-DP,0,0.0,0.0,0.0,0.005,0.0,0.0,0.005,0.0
CDevo-DP,12,0.0,0.0,0.0,0.4206026,0.0,0.0,0.1999305,0.0
CDevo-DP,24,0.0,0.0,0.0,0.37142542,0.0,0.0,0.27326888,0.0
CS-CH-DP-BU-BV-CA,0,0.001666667,0.0,0.001666667,0.0,0.001666667,0.001666667,0.001666667,0.001666667
CS-CH-DP-BU-BV-CA,12,0.02421645,0.0,0.7984416,0.0,0.22797532,0.01001142,0.027879182,0.054130193
CS-CH-DP-BU-BV-CA,24,0.08245353,0.0,0.67126036,0.0,0.32673198,0.0076131425,0.018109683,0.037802584
CS-CH-DP-CA,0,0.0025,0.0,0.0,0.0,0.0,0.0025,0.0025,0.0025
CS-CH-DP-CA,12,0.10955124,0.0,0.0,0.0,0.0,0.038532812,0.18405968,0.21870606
CS-CH-DP-CA,24,0.30939838,0.0,0.0,0.0,0.0,0.0694065,0.31729764,0.03476769
