Treatments,Time,CA,BT,BU,CD,BV,CS,DP,CH
CDevo-CH-BU-CA,0,0.0025,0.0,0.0025,0.0025,0.0,0.0,0.0,0.0025
CDevo-CH-BU-CA,12,0.022986162,0.0,0.9482215,0.16361572,0.0,0.0,0.0,0.007412241
CDevo-CH-BU-CA,24,0.074836895,0.0,0.916512,0.1569878,0.0,0.0,0.0,8.351212e-05
CDevo-DP-BT-CA,0,0.0025,0.0025,0.0,0.0025,0.0,0.0,0.0025,0.0
CDevo-DP-BT-CA,12,0.0077961213,1.1231146,0.0,0.04171803,0.0,0.0,0.011852405,0.0
CDevo-DP-BT-CA,24,0.0034904757,1.0833462,0.0,0.03821652,0.0,0.0,0.0009546931,0.0
CS-DP-BT-BV-CA,0,0.002,0.002,0.0,0.0,0.002,0.002,0.002,0.0
CS-DP-BT-BV-CA,12,0.014749045,1.0741544,0.0,0.0,0.068581134,0.0053472295,0.019226858,0.0
CS-DP-BT-BV-CA,24,0.012769118,1.0295974,0.0,0.0,0.04643332,0.0024129604,0.002365518,0.0
