Treatments,Time,CA,BT,BU,CD,BV,CS,DP,CH
CDevo-CS-CH-DP-BU-BV,0,0.0,0.0,0.001666667,0.001666667,0.001666667,0.001666667,0.001666667,0.001666667
CDevo-CS-CH-DP-BU-BV,12,0.0,0.0,0.72277486,0.09230409,0.2943346,0.009922513,0.029403992,0.018210968
CDevo-CS-CH-DP-BU-BV,24,0.0,0.0,0.4923489,0.073075965,0.5638542,0.0073636463,0.007119762,0.006982075
CS-BT-BU-BV,0,0.0,0.0025,0.0025,0.0,0.0025,0.0025,0.0,0.0
CS-BT-BU-BV,12,0.0,0.7682011,0.30520397,0.0,0.08258336,0.010227671,0.0,0.0
CS-BT-BU-BV,24,0.0,0.8284812,0.26513413,0.0,0.048361786,0.0067361034,0.0,0.0
CS-BT-BV-CA,0,0.0025,0.0025,0.0,0.0,0.0025,0.0025,0.0,0.0
CS-BT-BV-CA,12,0.016254876,0.9954307,0.0,0.0,0.10750284,0.011177353,0.0,0.0
CS-BT-BV-CA,24,0.017534714,1.018006,0.0,0.0,0.06702394,0.0073227244,0.0,0.0
