Treatments,Time,CA,BT,BU,CD,BV,CS,DP,CH
CDevo-CS-BT-BU-CA,0,0.002,0.002,0.002,0.002,0.0,0.002,0.0,0.0
CDevo-CS-BT-BU-CA,12,0.0019976192,0.0020019233,0.00200167,0.0019993137,0.0,0.0019990127,0.0,0.0
CDevo-CS-BT-BU-CA,24,0.0019952399,0.0020038497,0.0020033405,0.0019986269,0.0,0.0019980262,0.0,0.0
CS-BT-BU-BV,0,0.0,0.0025,0.0025,0.0,0.0025,0.0025,0.0,0.0
CS-BT-BU-BV,12,0.0,0.0025024314,0.0025020859,0.0,0.002505067,0.0024987578,0.0,0.0
CS-BT-BU-BV,24,0.0,0.002504865,0.002504173,0.0,0.0025101455,0.0024975168,0.0,0.0
CS-CH-BT-CA,0,0.0025,0.0025,0.0,0.0,0.0,0.0025,0.0,0.0025
CS-CH-BT-CA,12,0.002497001,0.0025024093,0.0,0.0,0.0,0.0024987885,0.0,0.0024997352
CS-CH-BT-CA,24,0.002494005,0.0025048207,0.0,0.0,0.0,0.0024975778,0.0,0.0024994707
