Treatments,Time,CA,BT,BU,CD,BV,CS,DP,CH
CS-CH-BU-BV,0,0.0,0.0,0.0025,0.0,0.0025,0.0025,0.0,0.0025
CS-CH-BU-BV,12,0.0,0.0,0.72343665,0.0,0.28252244,0.026917186,0.0,0.08145379
CS-CH-BU-BV,24,0.0,0.0,0.55531114,0.0,0.41210097,0.057939712,0.0,0.09677838
CS-CH-DP-BT-BU-BV-CA,0,0.001428571,0.001428571,0.001428571,0.0,0.001428571,0.001428571,0.001428571,0.001428571
CS-CH-DP-BT-BU-BV-CA,12,0.005847772,0.85144436,0.26151666,0.0,0.056826387,0.0012630998,0.0050555253,0.006941076
CS-CH-DP-BT-BU-BV-CA,24,0.009084916,0.849644,0.25079352,0.0,0.02269708,4.2853e-05,0.0004650868,0.0011287028
CS-CH-DP-CA,0,0.0025,0.0,0.0,0.0,0.0,0.0025,0.0025,0.0025
CS-CH-DP-CA,12,0.06144618,0.0,0.0,0.0,0.0,0.040828433,0.19330917,0.1378508
CS-CH-DP-CA,24,0.40518782,0.0,0.0,0.0,0.0,0.00479019,0.23088005,0.008159666
