Treatments,Time,CA,BT,BU,CD,BV,CS,DP,CH
CS-CH-DP-BT-BU-BV-CA,0,0.001428571,0.001428571,0.001428571,0.0,0.001428571,0.001428571,0.001428571,0.001428571
CS-CH-DP-BT-BU-BV-CA,12,0.006669386,0.8546409,0.27003002,0.0,0.050956115,0.0016509518,0.004556153,0.0100162905
CS-CH-DP-BT-BU-BV-CA,24,0.0087548755,0.85652524,0.25505581,0.0,0.022948412,5.676438e-05,0.000502558,0.0021598563
CS-CH-DP-BV-CA,0,0.002,0.0,0.0,0.0,0.002,0.002,0.002,0.002
CS-CH-DP-BV-CA,12,0.10798166,0.0,0.0,0.0,0.79766816,0.037442293,0.063919954,0.08933323
CS-CH-DP-BV-CA,24,0.20110765,0.0,0.0,0.0,0.7646759,0.033434704,0.037468493,0.020011518
CS-DP-BT-BV,0,0.0,0.0025,0.0,0.0,0.0025,0.0025,0.0025,0.0
CS-DP-BT-BV,12,0.0,1.1341803,0.0,0.0,0.05427369,0.011375323,0.026820216,0.0
CS-DP-BT-BV,24,0.0,1.105526,0.0,0.0,0.014480377,0.00850344,0.017902544,0.0
