Treatments,Time,CA,BT,BU,CD,BV,CS,DP,CH
CDevo-DP-BU-CA,0,0.0025,0.0,0.0025,0.0025,0.0,0.0,0.0025,0.0
CDevo-DP-BU-CA,12,0.002495835,0.0,0.002502502,0.0025002263,0.0,0.0,0.0024991168,0.0
CDevo-DP-BU-CA,24,0.0024916783,0.0,0.0025050065,0.0025004528,0.0,0.0,0.0024982342,0.0
CH-DP-BT-BU,0,0.0,0.0025,0.0025,0.0,0.0,0.0,0.0025,0.0025
CH-DP-BT-BU,12,0.0,0.0024981087,0.0025025161,0.0,0.0,0.0,0.0024991094,0.002498284
CH-DP-BT-BU,24,0.0,0.0024962183,0.0025050351,0.0,0.0,0.0,0.002498219,0.0024965685
CS-CH-DP-BU-BV-CA,0,0.001666667,0.0,0.001666667,0.0,0.001666667,0.001666667,0.001666667,0.001666667
CS-CH-DP-BU-BV-CA,12,0.001663898,0.0,0.0016683368,0.0,0.001665287,0.0016670154,0.0016660838,0.0016655332
CS-CH-DP-BU-BV-CA,24,0.0016611336,0.0,0.001670008,0.0,0.001663908,0.001667363,0.0016655009,0.0016644
