Treatments,Time,CA,BT,BU,CD,BV,CS,DP,CH
CDevo-BT,0,0.0,0.005,0.0,0.005,0.0,0.0,0.0,0.0
CDevo-BT,24,0.0,1.0535725,0.0,0.05904839,0.0,0.0,0.0,0.0
CDevo-CS-DP-BV-CA,0,0.002,0.0,0.0,0.002,0.002,0.002,0.002,0.0
CDevo-CS-DP-BV-CA,12,0.06529146,0.0,0.0,0.15755372,0.8911534,0.012927681,0.0375962,0.0
CDevo-CS-DP-BV-CA,24,0.10934617,0.0,0.0,0.078503616,0.9796431,0.0033679886,0.007949154,0.0
CH-DP-BT-BU,0,0.0,0.0025,0.0025,0.0,0.0,0.0,0.0025,0.0025
CH-DP-BT-BU,12,0.0,0.8607087,0.2856651,0.0,0.0,0.0,0.0040803556,0.009990353
CH-DP-BT-BU,24,0.0,0.8479082,0.26480454,0.0,0.0,0.0,0.0005036018,0.0028753483
