Treatments,Time,CA,BT,BU,CD,BV,CS,DP,CH
CDevo-CH-DP-CA,0,0.0025,0.0,0.0,0.0025,0.0,0.0,0.0025,0.0025
CDevo-CH-DP-CA,12,0.023019116,0.0,0.0,0.37880272,0.0,0.0,0.17919013,0.033323046
CDevo-CH-DP-CA,24,0.17130321,0.0,0.0,0.3172701,0.0,0.0,0.26507166,0.00047059963
CDevo-CS,0,0.0,0.0,0.0,0.005,0.0,0.005,0.0,0.0
CDevo-CS,12,0.0,0.0,0.0,0.534297,0.0,0.04869728,0.0,0.0
CDevo-CS,24,0.0,0.0,0.0,0.58808875,0.0,0.045031283,0.0,0.0
CH-DP-BU-CA,0,0.0025,0.0,0.0025,0.0,0.0,0.0,0.0025,0.0025
CH-DP-BU-CA,12,0.03255178,0.0,0.9052205,0.0,0.0,0.0,0.047429457,0.051167972
CH-DP-BU-CA,24,0.31101304,0.0,0.78018504,0.0,0.0,0.0,0.04630971,0.06947749
