Treatments,Time,CA,BT,BU,CD,BV,CS,DP,CH
CS-CH-DP-BT-BU-BV-CA,0,0.001428571,0.001428571,0.001428571,0.0,0.001428571,0.001428571,0.001428571,0.001428571
CS-CH-DP-BT-BU-BV-CA,12,0.0014319806,0.0014288356,0.0014288094,0.0,0.0014250126,0.0014295714,0.0014262858,0.0014305718
CS-CH-DP-BT-BU-BV-CA,24,0.0014353981,0.0014291002,0.0014290479,0.0,0.0014214633,0.001430572,0.0014240051,0.0014325766
CS-CH-DP-BV-CA,0,0.002,0.0,0.0,0.0,0.002,0.002,0.002,0.002
CS-CH-DP-BV-CA,12,0.0020047845,0.0,0.0,0.0,0.0019950215,0.0020014027,0.001996803,0.002002791
CS-CH-DP-BV-CA,24,0.0020095792,0.0,0.0,0.0,0.0019900524,0.0020028066,0.00199361,0.0020055864
CS-CH-DP-CA,0,0.0025,0.0,0.0,0.0,0.0,0.0025,0.0025,0.0025
CS-CH-DP-CA,12,0.0025059893,0.0,0.0,0.0,0.0,0.00250175,0.0024959962,0.0025034943
CS-CH-DP-CA,24,0.0025119942,0.0,0.0,0.0,0.0,0.0025035013,0.002491999,0.0025069953
