Treatments,Time,CA,BT,BU,CD,BV,CS,DP,CH
CDevo-BV,0,0.0,0.0,0.0,0.005,0.005,0.0,0.0,0.0
CDevo-BV,12,0.0,0.0,0.0,0.1644893,1.0509961,0.0,0.0,0.0
CDevo-BV,24,0.0,0.0,0.0,0.07884782,1.0775192,0.0,0.0,0.0
CDevo-CA,0,0.005,0.0,0.0,0.005,0.0,0.0,0.0,0.0
CDevo-CA,12,0.033704918,0.0,0.0,0.53102475,0.0,0.0,0.0,0.0
CDevo-CA,24,0.25802365,0.0,0.0,0.48707527,0.0,0.0,0.0,0.0
CS-BT-BU-CA,0,0.0025,0.0025,0.0025,0.0,0.0,0.0025,0.0,0.0
CS-BT-BU-CA,12,0.010445094,0.80869776,0.31098878,0.0,0.0,0.009780577,0.0,0.0
CS-BT-BU-CA,24,0.025662027,0.85808897,0.25473598,0.0,0.0,0.0043339287,0.0,0.0
