Treatments,Time,CA,BT,BU,CD,BV,CS,DP,CH
CDevo-BV,0,0.0,0.0,0.0,0.005,0.005,0.0,0.0,0.0
CDevo-BV,12,0.0,0.0,0.0,0.16060154,1.1009587,0.0,0.0,0.0
CDevo-BV,24,0.0,0.0,0.0,0.08030494,1.0798824,0.0,0.0,0.0
CDevo-CH-DP-BT-BU,0,0.0,0.002,0.002,0.002,0.0,0.0,0.002,0.002
CDevo-CH-DP-BT-BU,12,0.0,0.86176354,0.31215456,0.016294302,0.0,0.0,0.003292644,0.007691019
CDevo-CH-DP-BT-BU,24,0.0,0.8142308,0.31140473,0.002575594,0.0,0.0,0.00026273195,0.0026806127
CS-DP-BT-BU-BV-CA,0,0.001666667,0.001666667,0.001666667,0.0,0.001666667,0.001666667,0.001666667,0.0
CS-DP-BT-BU-BV-CA,12,0.007476725,0.8282564,0.28027865,0.0,0.056612354,0.0012857623,0.014053744,0.0
CS-DP-BT-BU-BV-CA,24,0.011338458,0.8192514,0.28127474,0.0,0.025037235,2.6870846e-05,0.0017386806,0.0
