Treatments,Time,CA,BT,BU,CD,BV,CS,DP,CH
CDevo-BV,0,0.0,0.0,0.0,0.005,0.005,0.0,0.0,0.0
CDevo-BV,12,0.0,0.0,0.0,0.0049897875,0.004990846,0.0,0.0,0.0
CDevo-BV,24,0.0,0.0,0.0,0.004979593,0.0049817045,0.0,0.0,0.0
CDevo-CS-CH-DP-BU,0,0.0,0.0,0.002,0.002,0.0,0.002,0.002,0.002
CDevo-CS-CH-DP-BU,12,0.0,0.0,0.002002358,0.0019959137,0.0,0.0019976122,0.0019992045,0.0019981668
CDevo-CS-CH-DP-BU,24,0.0,0.0,0.0020047186,0.001991836,0.0,0.0019952278,0.0019984096,0.0019963344
CS-DP-BT-BU,0,0.0,0.0025,0.0025,0.0,0.0,0.0025,0.0025,0.0
CS-DP-BT-BU,12,0.0,0.0025005,0.0025029574,0.0,0.0,0.002497009,0.0024989964,0.0
CS-DP-BT-BU,24,0.0,0.0025010009,0.0025059192,0.0,0.0,0.0024940204,0.0024979932,0.0
