Treatments,Time,CA,BT,BU,CD,BV,CS,DP,CH
CDevo-CS-CA,0,0.003333333,0.0,0.0,0.003333333,0.0,0.003333333,0.0,0.0
CDevo-CS-CA,12,0.07435408,0.0,0.0,0.48014483,0.0,0.033649374,0.0,0.0
CDevo-CS-CA,24,0.2761049,0.0,0.0,0.4247986,0.0,0.01578901,0.0,0.0
CDevo-CS-CH-DP-BT-BU-BV-CA,0,0.00125,0.00125,0.00125,0.00125,0.00125,0.00125,0.00125,0.00125
CDevo-CS-CH-DP-BT-BU-BV-CA,12,0.0066516437,0.86600524,0.24527499,0.00904849,0.060869984,0.0013483795,0.006469621,0.0022638382
CDevo-CS-CH-DP-BT-BU-BV-CA,24,0.009150485,0.860147,0.2339367,0.0007170206,0.03005005,5.9353282e-05,0.00075034983,0.0001874476
CDevo-CS-CH-DP-BU,0,0.0,0.0,0.002,0.002,0.0,0.002,0.002,0.002
CDevo-CS-CH-DP-BU,12,0.0,0.0,0.9911797,0.085999176,0.0,0.0054863575,0.02270699,0.012139792
CDevo-CS-CH-DP-BU,24,0.0,0.0,0.97968835,0.11902595,0.0,0.001176129,0.0032881915,0.0017584393
