Treatments,Time,CA,BT,BU,CD,BV,CS,DP,CH
CDevo-CH-DP-BT-BU,0,0.0,0.002,0.002,0.002,0.0,0.0,0.002,0.002
CDevo-CH-DP-BT-BU,12,0.0,0.90197915,0.26786062,0.012829232,0.0,0.0,0.003400516,0.0058904616
CDevo-CH-DP-BT-BU,24,0.0,0.8820368,0.23840143,0.0015891225,0.0,0.0,0.00024711317,0.0016949503
CDevo-CS-DP-BU,0,0.0,0.0,0.0025,0.0025,0.0,0.0025,0.0025,0.0
CDevo-CS-DP-BU,12,0.0,0.0,0.9098077,0.17278187,0.0,0.034484845,0.01818997,0.0
CDevo-CS-DP-BU,24,0.0,0.0,0.5858797,0.3338324,0.0,0.13493374,0.00039490854,0.0
CS-CH-DP-BU-BV,0,0.0,0.0,0.002,0.0,0.002,0.002,0.002,0.002
CS-CH-DP-BU-BV,12,0.0,0.0,0.74259377,0.0,0.2941314,0.018541854,0.01707163,0.049788944
CS-CH-DP-BU-BV,24,0.0,0.0,0.6767084,0.0,0.3926475,0.015164105,0.0002468926,0.07944835
