Treatments,Time,CA,BT,BU,CD,BV,CS,DP,CH
CDevo-CH-BU-CA,0,0.0025,0.0,0.0025,0.0025,0.0,0.0,0.0,0.0025
CDevo-CH-BU-CA,12,0.02559673,0.0,1.0043287,0.13313653,0.0,0.0,0.0,0.0035363527
CDevo-CH-BU-CA,24,0.0680907,0.0,0.97154874,0.13519354,0.0,0.0,0.0,5.79102e-06
CDevo-DP-BT-CA,0,0.0025,0.0025,0.0,0.0025,0.0,0.0,0.0025,0.0
CDevo-DP-BT-CA,12,0.016790967,1.1371864,0.0,0.05542984,0.0,0.0,0.007786743,0.0
CDevo-DP-BT-CA,24,0.028023565,1.1059248,0.0,0.054546688,0.0,0.0,0.0008591096,0.0
CS-CH-DP-BT-BU,0,0.0,0.002,0.002,0.0,0.0,0.002,0.002,0.002
CS-CH-DP-BT-BU,12,0.0,0.8877881,0.276316,0.0,0.0,0.0061907587,0.0015508858,0.0084433975
CS-CH-DP-BT-BU,24,0.0,0.86293495,0.258559,0.0,0.0,0.0027399086,4.0941966e-05,0.0013359833
