Treatments,Time,CA,BT,BU,CD,BV,CS,DP,CH
CDevo-CS-DP-BT,0,0.0,0.0025,0.0,0.0025,0.0,0.0025,0.0025,0.0
CDevo-CS-DP-BT,12,0.0,1.1213603,0.0,0.027919758,0.0,0.0045967274,0.016548213,0.0
CDevo-CS-DP-BT,24,0.0,1.0550649,0.0,0.018636022,0.0,0.002336347,0.002742853,0.0
CS-CH-BV-CA,0,0.0025,0.0,0.0,0.0,0.0025,0.0025,0.0,0.0025
CS-CH-BV-CA,12,0.076954305,0.0,0.0,0.0,0.72721845,0.019671416,0.0,0.19126736
CS-CH-BV-CA,24,0.14807184,0.0,0.0,0.0,0.8508484,0.012884586,0.0,0.057971083
CS-CH-DP-BT-BU-CA,0,0.001666667,0.001666667,0.001666667,0.0,0.0,0.001666667,0.001666667,0.001666667
CS-CH-DP-BT-BU-CA,12,0.013078869,0.8824864,0.288586,0.0,0.0,0.0031555826,0.0070602023,0.0042716325
CS-CH-DP-BT-BU-CA,24,0.021373814,0.8553384,0.2762385,0.0,0.0,0.00072074635,0.00037729455,0.0003857901
