Treatments,Time,CA,BT,BU,CD,BV,CS,DP,CH
CDevo-CH-DP-BT-BU,0,0.0,0.002,0.002,0.002,0.0,0.0,0.002,0.002
CDevo-CH-DP-BT-BU,12,0.0,0.8909885,0.26882753,0.031668574,0.0,0.0,0.007272046,0.011777094
CDevo-CH-DP-BT-BU,24,0.0,0.88184386,0.24914743,0.013612288,0.0,0.0,0.00092079944,0.0049577635
CDevo-CS-BT-BV-CA,0,0.002,0.002,0.0,0.002,0.002,0.002,0.0,0.0
CDevo-CS-BT-BV-CA,12,0.008984177,1.0248983,0.0,0.044922873,0.10283529,0.007202539,0.0,0.0
CDevo-CS-BT-BV-CA,24,0.022451214,1.025518,0.0,0.022326259,0.071693376,0.0030009388,0.0,0.0
CDevo-CS-DP-BU-CA,0,0.002,0.0,0.002,0.002,0.0,0.002,0.002,0.0
CDevo-CS-DP-BU-CA,12,0.01730366,0.0,0.894554,0.13856836,0.0,0.016157122,0.05260219,0.0
CDevo-CS-DP-BU-CA,24,0.14316875,0.0,0.8254393,0.13642755,0.0,0.013906571,0.06963866,0.0
