Treatments,Time,CA,BT,BU,CD,BV,CS,DP,CH
CDevo-CH-DP-CA,0,0.0025,0.0,0.0,0.0025,0.0,0.0,0.0025,0.0025
CDevo-CH-DP-CA,12,0.1551236,0.0,0.0,0.38502735,0.0,0.0,0.1913291,0.028130602
CDevo-CH-DP-CA,24,0.26176748,0.0,0.0,0.30017164,0.0,0.0,0.2630079,0.0015391493
CDevo-CS-CH-CA,0,0.0025,0.0,0.0,0.0025,0.0,0.0025,0.0,0.0025
CDevo-CS-CH-CA,12,0.31659204,0.0,0.0,0.4328394,0.0,0.021597257,0.0,0.08460254
CDevo-CS-CH-CA,24,0.39063397,0.0,0.0,0.34203887,0.0,0.0075066295,0.0,0.14129049
CDevo-CS-CH-DP-BU,0,0.0,0.0,0.002,0.002,0.0,0.002,0.002,0.002
CDevo-CS-CH-DP-BU,12,0.0,0.0,0.9872573,0.11357413,0.0,0.008997729,0.042231362,0.016751593
CDevo-CS-CH-DP-BU,24,0.0,0.0,0.9845497,0.13193193,0.0,0.00533046,0.037188295,0.001608883
