Treatments,Time,CA,BT,BU,CD,BV,CS,DP,CH
CDevo-CS-DP-BT,0,0.0,0.0025,0.0,0.0025,0.0,0.0025,0.0025,0.0
CDevo-CS-DP-BT,12,0.0,1.143913,0.0,0.0326456,0.0,0.0126768155,0.014032179,0.0
CDevo-CS-DP-BT,24,0.0,1.1010153,0.0,0.02187015,0.0,0.015592924,0.005174373,0.0
CDevo-DP-BU-CA,0,0.0025,0.0,0.0025,0.0025,0.0,0.0,0.0025,0.0
CDevo-DP-BU-CA,12,0.020996377,0.0,0.93160784,0.13251747,0.0,0.0,0.040235147,0.0
CDevo-DP-BU-CA,24,0.10535774,0.0,0.90293765,0.12817483,0.0,0.0,0.029147558,0.0
CS-DP-BT-BU-BV-CA,0,0.001666667,0.001666667,0.001666667,0.0,0.001666667,0.001666667,0.001666667,0.0
CS-DP-BT-BU-BV-CA,12,0.007233944,0.82508916,0.26956722,0.0,0.05544331,0.0010338018,0.008605269,0.0
CS-DP-BT-BU-BV-CA,24,0.0126594575,0.8243157,0.26933718,0.0,0.023247898,1.6978654e-05,0.0011549484,0.0
