Treatments,Time,CA,BT,BU,CD,BV,CS,DP,CH
CDevo-CS-CH-DP-BU-BV,0,0.0,0.0,0.001666667,0.001666667,0.001666667,0.001666667,0.001666667,0.001666667
CDevo-CS-CH-DP-BU-BV,12,0.0,0.0,0.6606756,0.09307532,0.33699468,0.006485881,0.037732165,0.019034756
CDevo-CS-CH-DP-BU-BV,24,0.0,0.0,0.3458777,0.06578338,0.701882,0.00079572794,0.04886181,0.0023826533
CS-BT-BU-BV,0,0.0,0.0025,0.0025,0.0,0.0025,0.0025,0.0,0.0
CS-BT-BU-BV,12,0.0,0.7248579,0.34168494,0.0,0.094525926,0.0012972166,0.0,0.0
CS-BT-BU-BV,24,0.0,0.7816047,0.2995269,0.0,0.060493957,2.2644072e-05,0.0,0.0
CS-BT-BV-CA,0,0.0025,0.0025,0.0,0.0,0.0025,0.0025,0.0,0.0
CS-BT-BV-CA,12,0.005400419,0.9805822,0.0,0.0,0.15466464,0.0007013901,0.0,0.0
CS-BT-BV-CA,24,0.0034201567,0.98186094,0.0,0.0,0.13690346,1.8081647e-06,0.0,0.0
