Treatments,Time,CA,BT,BU,CD,BV,CS,DP,CH
CDevo-BT-BU-CA,0,0.0025,0.0025,0.0025,0.0025,0.0,0.0,0.0,0.0
CDevo-BT-BU-CA,12,0.0024946765,0.0025001115,0.002504076,0.0025103206,0.0,0.0,0.0,0.0
CDevo-BT-BU-CA,24,0.0024893645,0.0025002267,0.0025081572,0.0025206849,0.0,0.0,0.0,0.0
CS-CH-DP-BV-CA,0,0.002,0.0,0.0,0.0,0.002,0.002,0.002,0.002
CS-CH-DP-BV-CA,12,0.0019957442,0.0,0.0,0.0,0.001998593,0.0020001845,0.0020034143,0.0019980345
CS-CH-DP-BV-CA,24,0.0019914978,0.0,0.0,0.0,0.0019971875,0.0020003687,0.002006834,0.001996073
CS-DP-BT-BV-CA,0,0.002,0.002,0.0,0.0,0.002,0.002,0.002,0.0
CS-DP-BT-BV-CA,12,0.001995752,0.002000103,0.0,0.0,0.0019985805,0.0020001954,0.0020034318,0.0
CS-DP-BT-BV-CA,24,0.0019915132,0.002000207,0.0,0.0,0.0019971621,0.0020003908,0.0020068712,0.0
