Treatments,Time,CA,BT,BU,CD,BV,CS,DP,CH
CDevo-CH-DP-CA,0,0.0025,0.0,0.0,0.0025,0.0,0.0,0.0025,0.0025
CDevo-CH-DP-CA,12,0.002493681,0.0,0.0,0.0025016854,0.0,0.0,0.0025036107,0.0025011809
CDevo-CH-DP-CA,24,0.0024873782,0.0,0.0,0.0025033725,0.0,0.0,0.0025072254,0.0025023625
CDevo-CS-CH-DP-BT-BU-BV-CA,0,0.00125,0.00125,0.00125,0.00125,0.00125,0.00125,0.00125,0.00125
CDevo-CS-CH-DP-BT-BU-BV-CA,12,0.0012468444,0.001251586,0.0012497471,0.0012508436,0.0012491678,0.0012511931,0.0012518055,0.0012505898
CDevo-CS-CH-DP-BT-BU-BV-CA,24,0.0012436972,0.0012531737,0.0012494945,0.0012516882,0.0012483367,0.0012523877,0.0012536136,0.0012511794
DP-BT-BU-BV,0,0.0,0.0025,0.0025,0.0,0.0025,0.0,0.0025,0.0
DP-BT-BU-BV,12,0.0,0.0025031732,0.0024994926,0.0,0.0024983438,0.0,0.0025035944,0.0
DP-BT-BU-BV,24,0.0,0.0025063513,0.002498986,0.0,0.002496689,0.0,0.0025071942,0.0
