Treatments,Time,CA,BT,BU,CD,BV,CS,DP,CH
CDevo-CS-BT-BU-CA,0,0.002,0.002,0.002,0.002,0.0,0.002,0.0,0.0
CDevo-CS-BT-BU-CA,12,0.009242606,0.7890021,0.3404477,0.040486712,0.0,0.0039557577,0.0,0.0
CDevo-CS-BT-BU-CA,24,0.020874545,0.82898784,0.29670796,0.0148457,0.0,0.0004311416,0.0,0.0
CDevo-CS-CA,0,0.003333333,0.0,0.0,0.003333333,0.0,0.003333333,0.0,0.0
CDevo-CS-CA,12,0.03490641,0.0,0.0,0.49106136,0.0,0.041120995,0.0,0.0
CDevo-CS-CA,24,0.36299253,0.0,0.0,0.42111027,0.0,0.04310849,0.0,0.0
CS-DP-BU-BV-CA,0,0.002,0.0,0.002,0.0,0.002,0.002,0.002,0.0
CS-DP-BU-BV-CA,12,0.01838987,0.0,0.74282694,0.0,0.24418153,0.021532444,0.04169307,0.0
CS-DP-BU-BV-CA,24,0.1658321,0.0,0.5044272,0.0,0.42110455,0.03807295,0.02581062,0.0
