Treatments,Time,CA,BT,BU,CD,BV,CS,DP,CH
CDevo-CA,0,0.005,0.0,0.0,0.005,0.0,0.0,0.0,0.0
CDevo-CA,12,0.17504181,0.0,0.0,0.50166315,0.0,0.0,0.0,0.0
CDevo-CA,24,0.27951524,0.0,0.0,0.46664172,0.0,0.0,0.0,0.0
CDevo-CH-DP-BT-BU,0,0.0,0.002,0.002,0.002,0.0,0.0,0.002,0.002
CDevo-CH-DP-BT-BU,12,0.0,0.9063359,0.26993027,0.017973393,0.0,0.0,0.0028323664,0.0049747084
CDevo-CH-DP-BT-BU,24,0.0,0.8798345,0.24957742,0.00358847,0.0,0.0,0.00015202595,0.0005407989
CS-CH-DP-BT-BU-CA,0,0.001666667,0.001666667,0.001666667,0.0,0.0,0.001666667,0.001666667,0.001666667
CS-CH-DP-BT-BU-CA,12,0.00928477,0.8955841,0.281418,0.0,0.0,0.0042121178,0.0030460483,0.008309717
CS-CH-DP-BT-BU-CA,24,0.011403092,0.8737319,0.256862,0.0,0.0,0.0012268074,0.0001468201,0.0009629616
