Treatments,Time,CA,BT,BU,CD,BV,CS,DP,CH
CDevo-CH-DP-CA,0,0.0025,0.0,0.0,0.0025,0.0,0.0,0.0025,0.0025
CDevo-CH-DP-CA,12,0.017040977,0.0,0.0,0.38136056,0.0,0.0,0.13134314,0.054986447
CDevo-CH-DP-CA,24,0.15689647,0.0,0.0,0.43427563,0.0,0.0,0.3383916,0.075267695
CH-DP-BT-BU-BV-CA,0,0.001666667,0.001666667,0.001666667,0.0,0.001666667,0.0,0.001666667,0.001666667
CH-DP-BT-BU-BV-CA,12,0.0074002105,0.83230644,0.27188846,0.0,0.061758593,0.0,0.0123559,0.01343562
CH-DP-BT-BU-BV-CA,24,0.02224687,0.8786496,0.24558736,0.0,0.033438876,0.0,0.008979579,0.014506345
CS-CH-DP-BU,0,0.0,0.0,0.0025,0.0,0.0,0.0025,0.0025,0.0025
CS-CH-DP-BU,12,0.0,0.0,0.92461526,0.0,0.0,0.018574543,0.036138333,0.038415078
CS-CH-DP-BU,24,0.0,0.0,0.93815273,0.0,0.0,0.038403135,0.049838178,0.0814347
