Treatments,Time,CA,BT,BU,CD,BV,CS,DP,CH
CDevo-CA,0,0.005,0.0,0.0,0.005,0.0,0.0,0.0,0.0
CDevo-CA,12,0.21904458,0.0,0.0,0.4997787,0.0,0.0,0.0,0.0
CDevo-CA,24,0.2738907,0.0,0.0,0.46877474,0.0,0.0,0.0,0.0
CDevo-CS-BV-CA,0,0.0025,0.0,0.0,0.0025,0.0025,0.0025,0.0,0.0
CDevo-CS-BV-CA,12,0.059854563,0.0,0.0,0.19724013,0.8904005,0.022142492,0.0,0.0
CDevo-CS-BV-CA,24,0.1342039,0.0,0.0,0.109776296,0.890126,0.01910265,0.0,0.0
CDevo-CS-DP-BU,0,0.0,0.0,0.0025,0.0025,0.0,0.0025,0.0025,0.0
CDevo-CS-DP-BU,12,0.0,0.0,0.9562189,0.15393807,0.0,0.014276831,0.04049838,0.0
CDevo-CS-DP-BU,24,0.0,0.0,0.9684951,0.16565873,0.0,0.010733277,0.011951907,0.0
