Treatments,Time,CA,BT,BU,CD,BV,CS,DP,CH
CS-CH-DP-BU-BV,0,0.0,0.0,0.002,0.0,0.002,0.002,0.002,0.002
CS-CH-DP-BU-BV,12,0.0,0.0,0.7702928,0.0,0.27139798,0.0075646383,0.025862722,0.036115028
CS-CH-DP-BU-BV,24,0.0,0.0,0.6658208,0.0,0.3958266,1.1667299e-05,0.0063126944,0.029907854
CS-DP-BT-BU-BV,0,0.0,0.002,0.002,0.0,0.002,0.002,0.002,0.0
CS-DP-BT-BU-BV,12,0.0,0.81016177,0.29252508,0.0,0.058640964,0.0011060061,0.0063177166,0.0
CS-DP-BT-BU-BV,24,0.0,0.80864525,0.2940672,0.0,0.028144706,1.1829825e-06,0.0004298188,0.0
DP-BT-BV-CA,0,0.0025,0.0025,0.0,0.0,0.0025,0.0,0.0025,0.0
DP-BT-BV-CA,12,0.012147553,1.0762957,0.0,0.0,0.066358134,0.0,0.020383567,0.0
DP-BT-BV-CA,24,0.035848178,1.0269233,0.0,0.0,0.027832774,0.0,0.0069527808,0.0
