Treatments,Time,CA,BT,BU,CD,BV,CS,DP,CH
CDevo-DP-BT-BU-BV-CA,0,0.001666667,0.001666667,0.001666667,0.001666667,0.001666667,0.0,0.001666667,0.0
CDevo-DP-BT-BU-BV-CA,12,0.0016680658,0.0016695497,0.0016699522,0.0016660977,0.0016698885,0.0,0.0016669118,0.0
CDevo-DP-BT-BU-BV-CA,24,0.0016694658,0.0016724371,0.0016732445,0.0016655286,0.0016731168,0.0,0.0016671576,0.0
CH-DP-BV-CA,0,0.0025,0.0,0.0,0.0,0.0025,0.0,0.0025,0.0025
CH-DP-BV-CA,12,0.0025021094,0.0,0.0,0.0,0.0025048377,0.0,0.0025003648,0.002493107
CH-DP-BV-CA,24,0.0025042214,0.0,0.0,0.0,0.0025096845,0.0,0.0025007294,0.0024862334
CS-CH-DP-BV-CA,0,0.002,0.0,0.0,0.0,0.002,0.002,0.002,0.002
CS-CH-DP-BV-CA,12,0.0020016925,0.0,0.0,0.0,0.0020038649,0.0020003242,0.0020002944,0.0019944832
CS-CH-DP-BV-CA,24,0.0020033873,0.0,0.0,0.0,0.0020077364,0.0020006488,0.0020005887,0.0019889816
