Treatments,Time,CA,BT,BU,CD,BV,CS,DP,CH
CDevo-BT-BU-CA,0,0.0025,0.0025,0.0025,0.0025,0.0,0.0,0.0,0.0
CDevo-BT-BU-CA,12,0.010123138,0.8303582,0.3161577,0.039047316,0.0,0.0,0.0,0.0
CDevo-BT-BU-CA,24,0.03087183,0.8572696,0.2889591,0.0241056,0.0,0.0,0.0,0.0
CS-CH-DP-BV-CA,0,0.002,0.0,0.0,0.0,0.002,0.002,0.002,0.002
CS-CH-DP-BV-CA,12,0.010625544,0.0,0.0,0.0,0.8289767,0.020906629,0.056518868,0.055072945
CS-CH-DP-BV-CA,24,0.059808314,0.0,0.0,0.0,1.0350266,0.039310984,0.057132162,0.1068909
CS-DP-BT-BV-CA,0,0.002,0.002,0.0,0.0,0.002,0.002,0.002,0.0
CS-DP-BT-BV-CA,12,0.0074007027,1.0203205,0.0,0.0,0.08531531,0.009811255,0.016382765,0.0
CS-DP-BT-BV-CA,24,0.018749718,1.042218,0.0,0.0,0.057733677,0.013094543,0.013097823,0.0
