Treatments,Time,CA,BT,BU,CD,BV,CS,DP,CH
CDevo-CS-BT-BU-BV,0,0.0,0.002,0.002,0.002,0.002,0.002,0.0,0.0
CDevo-CS-BT-BU-BV,12,0.0,0.80886227,0.28066325,0.0322712,0.076845035,0.006498901,0.0,0.0
CDevo-CS-BT-BU-BV,24,0.0,0.84804595,0.2608769,0.016769025,0.04724918,0.0056739124,0.0,0.0
CH-DP-BU-CA,0,0.0025,0.0,0.0025,0.0,0.0,0.0,0.0025,0.0025
CH-DP-BU-CA,12,0.014282711,0.0,0.90289754,0.0,0.0,0.0,0.043996044,0.03876867
CH-DP-BU-CA,24,0.08073683,0.0,0.88008577,0.0,0.0,0.0,0.08909662,0.089254625
CS-DP-BT-BV,0,0.0,0.0025,0.0,0.0,0.0025,0.0025,0.0025,0.0
CS-DP-BT-BV,12,0.0,1.0075371,0.0,0.0,0.10125814,0.009526297,0.0140840355,0.0
CS-DP-BT-BV,24,0.0,1.0287836,0.0,0.0,0.070398666,0.009989215,0.0075818035,0.0
