Treatments,Time,CA,BT,BU,CD,BV,CS,DP,CH
CDevo-CH-DP-BT-BU,0,0.0,0.002,0.002,0.002,0.0,0.0,0.002,0.002
CDevo-CH-DP-BT-BU,12,0.0,0.88631535,0.29014736,0.021476403,0.0,0.0,0.0034550512,0.004775859
CDevo-CH-DP-BT-BU,24,0.0,0.86591953,0.26608104,0.005215899,0.0,0.0,0.00018378296,0.00038624334
CDevo-CH-DP-CA,0,0.0025,0.0,0.0,0.0025,0.0,0.0,0.0025,0.0025
CDevo-CH-DP-CA,12,0.024776578,0.0,0.0,0.39432067,0.0,0.0,0.18674888,0.016585123
CDevo-CH-DP-CA,24,0.23264743,0.0,0.0,0.29254878,0.0,0.0,0.26760834,9.388096e-06
CDevo-CS-BT-BU-BV,0,0.0,0.002,0.002,0.002,0.002,0.002,0.0,0.0
CDevo-CS-BT-BU-BV,12,0.0,0.7600513,0.32312182,0.017576724,0.09091583,0.0017469205,0.0,0.0
CDevo-CS-BT-BU-BV,24,0.0,0.8077272,0.28265238,0.0020593584,0.054553017,4.0788724e-05,0.0,0.0
