Treatments,Time,CA,BT,BU,CD,BV,CS,DP,CH
CDevo-CH-DP-CA,0,0.0025,0.0,0.0,0.0025,0.0,0.0,0.0025,0.0025
CDevo-CH-DP-CA,12,0.023045486,0.0,0.0,0.42021078,0.0,0.0,0.18388191,0.016663512
CDevo-CH-DP-CA,24,0.20144339,0.0,0.0,0.32942632,0.0,0.0,0.25787663,3.3526343e-05
CDevo-CS-CH-DP-BT-BU-BV-CA,0,0.00125,0.00125,0.00125,0.00125,0.00125,0.00125,0.00125,0.00125
CDevo-CS-CH-DP-BT-BU-BV-CA,12,0.0058052978,0.8656452,0.2578563,0.015136994,0.06000686,0.0014079032,0.005336844,0.0063345833
CDevo-CS-CH-DP-BT-BU-BV-CA,24,0.0102166375,0.8589827,0.24459054,0.0022018394,0.02553934,7.027643e-05,0.0003841606,0.000800459
DP-BT-BU-BV,0,0.0,0.0025,0.0025,0.0,0.0025,0.0,0.0025,0.0
DP-BT-BU-BV,12,0.0,0.78509563,0.31361958,0.0,0.06865567,0.0,0.01004552,0.0
DP-BT-BU-BV,24,0.0,0.828401,0.27814367,0.0,0.028272334,0.0,0.0007581576,0.0
