Treatments,Time,CA,BT,BU,CD,BV,CS,DP,CH
CDevo-BT-BU-CA,0,0.0025,0.0025,0.0025,0.0025,0.0,0.0,0.0,0.0
CDevo-BT-BU-CA,12,0.0025010607,0.0024981953,0.0024996018,0.002499425,0.0,0.0,0.0,0.0
CDevo-BT-BU-CA,24,0.0025021236,0.0024963883,0.002499204,0.0024988544,0.0,0.0,0.0,0.0
CDevo-CH,0,0.0,0.0,0.0,0.005,0.0,0.0,0.0,0.005
CDevo-CH,12,0.0,0.0,0.0,0.0049988693,0.0,0.0,0.0,0.0049963314
CDevo-CH,24,0.0,0.0,0.0,0.004997739,0.0,0.0,0.0,0.0049926643
CS-CH-BT-BU,0,0.0,0.0025,0.0025,0.0,0.0,0.0025,0.0,0.0025
CS-CH-BT-BU,12,0.0,0.0024981715,0.0024996037,0.0,0.0,0.0024928278,0.0,0.002498169
CS-CH-BT-BU,24,0.0,0.002496343,0.0024992074,0.0,0.0,0.0024856774,0.0,0.002496341
