Treatments,Time,CA,BT,BU,CD,BV,CS,DP,CH
CDevo-BT,0,0.0,0.005,0.0,0.005,0.0,0.0,0.0,0.0
CDevo-BT,24,0.0,0.0049891407,0.0,0.00500236,0.0,0.0,0.0,0.0
CDevo-DP-BT-CA,0,0.0025,0.0025,0.0,0.0025,0.0,0.0,0.0025,0.0
CDevo-DP-BT-CA,12,0.002500562,0.0024972549,0.0,0.0025005722,0.0,0.0,0.0024989222,0.0
CDevo-DP-BT-CA,24,0.0025011206,0.0024945121,0.0,0.0025011445,0.0,0.0,0.0024978449,0.0
CS-CH-DP-BU-BV,0,0.0,0.0,0.002,0.0,0.002,0.002,0.002,0.002
CS-CH-DP-BU-BV,12,0.0,0.0,0.0019973689,0.0,0.0020041056,0.0020003582,0.0019991437,0.0019981028
CS-CH-DP-BU-BV,24,0.0,0.0,0.0019947414,0.0,0.0020082186,0.0020007163,0.001998288,0.0019962084
