Treatments,Time,CA,BT,BU,CD,BV,CS,DP,CH
CDevo-CS-BT-BU-CA,0,0.002,0.002,0.002,0.002,0.0,0.002,0.0,0.0
CDevo-CS-BT-BU-CA,12,0.0020005174,0.0020074476,0.001999988,0.0019926769,0.0,0.0020022055,0.0,0.0
CDevo-CS-BT-BU-CA,24,0.002001036,0.0020149257,0.0019999777,0.0019853793,0.0,0.0020044125,0.0,0.0
CDevo-CS-CA,0,0.003333333,0.0,0.0,0.003333333,0.0,0.003333333,0.0,0.0
CDevo-CS-CA,12,0.0033341954,0.0,0.0,0.0033210975,0.0,0.0033369826,0.0,0.0
CDevo-CS-CA,24,0.003335055,0.0,0.0,0.0033089065,0.0,0.0033406385,0.0,0.0
CS-DP-BU-BV-CA,0,0.002,0.0,0.002,0.0,0.002,0.002,0.002,0.0
CS-DP-BU-BV-CA,12,0.0020005396,0.0,0.0019999864,0.0,0.0019999805,0.0020021899,0.0019963225,0.0
CS-DP-BU-BV-CA,24,0.0020010795,0.0,0.0019999729,0.0,0.001999961,0.0020043822,0.0019926515,0.0
