Treatments,Time,CA,BT,BU,CD,BV,CS,DP,CH
CDevo-CH-BU-CA,0,0.0025,0.0,0.0025,0.0025,0.0,0.0,0.0,0.0025
CDevo-CH-BU-CA,12,0.011555303,0.0,0.9016343,0.2101682,0.0,0.0,0.0,0.019722264
CDevo-CH-BU-CA,24,0.048292514,0.0,0.8687657,0.19909674,0.0,0.0,0.0,0.0014326668
CDevo-DP-BT-CA,0,0.0025,0.0025,0.0,0.0025,0.0,0.0,0.0025,0.0
CDevo-DP-BT-CA,12,0.0054506096,1.1155411,0.0,0.0401844,0.0,0.0,0.018411802,0.0
CDevo-DP-BT-CA,24,0.0037422846,1.0641804,0.0,0.032150254,0.0,0.0,0.005759453,0.0
CS-DP-BT-BV-CA,0,0.002,0.002,0.0,0.0,0.002,0.002,0.002,0.0
CS-DP-BT-BV-CA,12,0.008416778,1.090853,0.0,0.0,0.06829714,0.006931343,0.02955192,0.0
CS-DP-BT-BV-CA,24,0.011138062,1.052649,0.0,0.0,0.035592515,0.003957779,0.015322254,0.0
