Treatments,Time,CA,BT,BU,CD,BV,CS,DP,CH
CS-BT-BU-CA,0,0.0025,0.0025,0.0025,0.0,0.0,0.0025,0.0,0.0
CS-BT-BU-CA,12,0.002502699,0.052718118,0.031773586,0.0,0.0,0.0025054107,0.0,0.0
CS-BT-BU-CA,24,0.002504647,1.006798,0.3905286,0.0,0.0,0.0025106166,0.0,0.0
CS-DP-BT-BU,0,0.0,0.0025,0.0025,0.0,0.0,0.0025,0.0025,0.0
CS-DP-BT-BU,12,0.0,0.052718397,0.031773426,0.0,0.0,0.002505394,0.002504519,0.0
CS-DP-BT-BU,24,0.0,1.0068079,0.39052385,0.0,0.0,0.0025105842,0.002507624,0.0
CS-DP-BU-BV-CA,0,0.002,0.0,0.002,0.0,0.002,0.002,0.002,0.0
CS-DP-BU-BV-CA,12,0.0020021724,0.0,0.025432453,0.0,0.0019990304,0.0020043228,0.0020036565,0.0
CS-DP-BU-BV-CA,24,0.0020043666,0.0,0.31445113,0.0,0.001997659,0.002008348,0.0020068206,0.0
