Treatments,Time,CA,BT,BU,CD,BV,CS,DP,CH
CDevo-CS-CH-DP-BU-BV,0,0.0,0.0,0.001666667,0.001666667,0.001666667,0.001666667,0.001666667,0.001666667
CDevo-CS-CH-DP-BU-BV,12,0.0,0.0,0.79344404,0.09270336,0.23137414,0.005521943,0.018321265,0.01393316
CDevo-CS-CH-DP-BU-BV,24,0.0,0.0,0.62483656,0.07975151,0.4041662,0.0018221542,0.0023315127,0.003925067
CS-CH-BV-CA,0,0.0025,0.0,0.0,0.0,0.0025,0.0025,0.0,0.0025
CS-CH-BV-CA,12,0.0781265,0.0,0.0,0.0,0.7870234,0.016053919,0.0,0.14908485
CS-CH-BV-CA,24,0.13626853,0.0,0.0,0.0,0.8370787,0.007773047,0.0,0.06314552
CS-CH-DP-BT-BU-CA,0,0.001666667,0.001666667,0.001666667,0.0,0.0,0.001666667,0.001666667,0.001666667
CS-CH-DP-BT-BU-CA,12,0.010646271,0.8923641,0.28170118,0.0,0.0,0.005521715,0.0067457324,0.0066394564
CS-CH-DP-BT-BU-CA,24,0.014517282,0.86765593,0.25994986,0.0,0.0,0.0026447792,0.0003638817,0.00088827976
