Treatments,Time,CA,BT,BU,CD,BV,CS,DP,CH
CDevo-CH,0,0.0,0.0,0.0,0.005,0.0,0.0,0.0,0.005
CDevo-CH,12,0.0,0.0,0.0,0.040837295,0.0,0.0,0.0,0.0049954914
CDevo-CH,24,0.0,0.0,0.0,0.32431668,0.0,0.0,0.0,0.004992761
CDevo-CS-DP-BU-BV,0,0.0,0.0,0.002,0.002,0.002,0.002,0.002,0.0
CDevo-CS-DP-BU-BV,12,0.0,0.0,0.7194764,0.016178899,0.03363655,0.0020270117,0.0020033373,0.0
CDevo-CS-DP-BU-BV,24,0.0,0.0,0.9331648,0.123458445,0.3745538,0.0020530743,0.0020079243,0.0
CS-DP-BT-BV-CA,0,0.002,0.002,0.0,0.0,0.002,0.002,0.002,0.0
CS-DP-BT-BV-CA,12,0.0019987766,0.9440853,0.0,0.0,0.022053447,0.0020283463,0.0020022132,0.0
CS-DP-BT-BV-CA,24,0.0019930857,1.0375882,0.0,0.0,0.06935891,0.0020600955,0.0020028693,0.0
