Treatments,Time,CA,BT,BU,CD,BV,CS,DP,CH
CH-DP-BT-BU,0,0.0,0.0025,0.0025,0.0,0.0,0.0,0.0025,0.0025
CH-DP-BT-BU,12,0.0,0.87289,0.28366983,0.0,0.0,0.0,0.0032768229,0.00864281
CH-DP-BT-BU,24,0.0,0.8514353,0.26306215,0.0,0.0,0.0,0.0001853047,0.0011742084
CS-CH-BU-BV,0,0.0,0.0,0.0025,0.0,0.0025,0.0025,0.0,0.0025
CS-CH-BU-BV,12,0.0,0.0,0.84925896,0.0,0.24182576,0.012232805,0.0,0.04464804
CS-CH-BU-BV,24,0.0,0.0,0.71019256,0.0,0.36350256,0.010768408,0.0,0.02347635
CS-DP-BU-CA,0,0.0025,0.0,0.0025,0.0,0.0,0.0025,0.0025,0.0
CS-DP-BU-CA,12,0.032495823,0.0,0.8298002,0.0,0.0,0.020512564,0.061762765,0.0
CS-DP-BU-CA,24,0.09762108,0.0,0.7894891,0.0,0.0,0.026139265,0.066269815,0.0
