,time,abs
0,0,0.008600001
1,3,0.020266672
2,6,0.214399998
3,9,0.615866656
4,12,0.608066673