Treatments,Time,CA,BT,BU,CD,BV,CS,DP,CH
CDevo-CS-CH-DP-BU-BV,0,0.0,0.0,0.001666667,0.001666667,0.001666667,0.001666667,0.001666667,0.001666667
CDevo-CS-CH-DP-BU-BV,12,0.0,0.0,0.7166919953333334,0.08502751133333335,0.24433027333333332,0.010755652666666666,0.020833767,0.05312746566666667
CDevo-CS-CH-DP-BU-BV,24,0.0,0.0,0.45693343000000003,0.062459855666666675,0.5405466286666667,0.0062771956666666665,0.01320827,0.026641319666666666
CS-BT-BU-CA,0,0.0025,0.0025,0.0025,0.0,0.0,0.0025,0.0,0.0
CS-BT-BU-CA,12,0.012800851333333335,0.760218939,0.3701356923333334,0.0,0.0,0.00527784,0.0,0.0
CS-BT-BU-CA,24,0.019618006666666667,0.8192246470000001,0.33519493666666667,0.0,0.0,0.005229055666666667,0.0,0.0
CS-CH-DP-BU-BV,0,0.0,0.0,0.002,0.0,0.002,0.002,0.002,0.002
CS-CH-DP-BU-BV,12,0.0,0.0,0.8173882570000001,0.0,0.21775767166666668,0.00720066,0.01595268433333333,0.044667428
CS-CH-DP-BU-BV,24,0.0,0.0,0.5298494723333333,0.0,0.506499039,0.005596434,0.014111347000000002,0.045610352
