Treatments,Time,CA,BT,BU,CD,BV,CS,DP,CH
CDevo-CA,0,0.005,0.0,0.0,0.005,0.0,0.0,0.0,0.0
CDevo-CA,12,0.16853843833333335,0.0,0.0,0.5302282253333334,0.0,0.0,0.0,0.0
CDevo-CA,24,0.237501805,0.0,0.0,0.442348192,0.0,0.0,0.0,0.0
CS-CH-DP-BT-BU-CA,0,0.001666667,0.001666667,0.001666667,0.0,0.0,0.001666667,0.001666667,0.001666667
CS-CH-DP-BT-BU-CA,12,0.010513162333333333,0.8556562900000001,0.2725550536666667,0.0,0.0,0.002452502,0.008728357333333334,0.006494634
CS-CH-DP-BT-BU-CA,24,0.04370086666666667,0.823884028,0.24452857833333333,0.0,0.0,0.004447688666666666,0.007900759666666667,0.019671441999999997
CS-DP-BU-BV-CA,0,0.002,0.0,0.002,0.0,0.002,0.002,0.002,0.0
CS-DP-BU-BV-CA,12,0.03221274266666667,0.0,0.44697695033333334,0.0,0.5433888476666666,0.006010620666666667,0.017177504333333333,0.0
CS-DP-BU-BV-CA,24,0.14753356733333334,0.0,0.41338980966666666,0.0,0.42990242799999995,0.008451177999999998,0.019223022000000003,0.0
