Treatments,Time,CA,BT,BU,CD,BV,CS,DP,CH
CDevo-BT-BU-CA,0,0.0025,0.0025,0.0025,0.0025,0.0,0.0,0.0,0.0
CDevo-BT-BU-CA,12,0.014188892333333333,0.8127304053333333,0.362027328,0.009220058333333333,0.0,0.0,0.0,0.0
CDevo-BT-BU-CA,24,0.020078655,0.8531991090000001,0.31039918799999994,0.012189707333333334,0.0,0.0,0.0,0.0
CDevo-CS-CH-CA,0,0.0025,0.0,0.0,0.0025,0.0,0.0025,0.0,0.0025
CDevo-CS-CH-CA,12,0.23580677733333333,0.0,0.0,0.43215807133333334,0.0,0.023205392666666668,0.0,0.03122974366666667
CDevo-CS-CH-CA,24,0.281976941,0.0,0.0,0.45894097699999997,0.0,0.015142960999999998,0.0,0.028339121999999998
CDevo-CS-DP-CA,0,0.0025,0.0,0.0,0.0025,0.0,0.0025,0.0025,0.0
CDevo-CS-DP-CA,12,0.34260963866666666,0.0,0.0,0.25887764166666666,0.0,0.03048007333333333,0.15113265099999998,0.0
CDevo-CS-DP-CA,24,0.24413256066666666,0.0,0.0,0.2861570336666666,0.0,0.031092597,0.2740511483333334,0.0
