Treatments,Time,CA,BT,BU,CD,BV,CS,DP,CH
CDevo-CH-DP-CA,0,0.0025,0.0,0.0,0.0025,0.0,0.0,0.0025,0.0025
CDevo-CH-DP-CA,12,0.2461507903333333,0.0,0.0,0.29380090266666664,0.0,0.0,0.134557966,0.06279033466666667
CDevo-CH-DP-CA,24,0.22937964,0.0,0.0,0.35862626000000003,0.0,0.0,0.23969821533333333,0.03896253433333333
CDevo-CS-CA,0,0.0033333329999999995,0.0,0.0,0.0033333329999999995,0.0,0.0033333329999999995,0.0,0.0
CDevo-CS-CA,12,0.266628923,0.0,0.0,0.4545891066666667,0.0,0.04011529166666667,0.0,0.0
CDevo-CS-CA,24,0.302381982,0.0,0.0,0.37887179049999997,0.0,0.0345462295,0.0,0.0
CS-DP-BT-BU-BV-CA,0,0.001666667,0.001666667,0.001666667,0.0,0.001666667,0.001666667,0.001666667,0.0
CS-DP-BT-BU-BV-CA,12,0.007007930666666666,0.6543779886666666,0.432480354,0.0,0.028670955999999997,0.0029409983333333334,0.009855107333333335,0.0
CS-DP-BT-BU-BV-CA,24,0.013973866333333335,0.672904892,0.41532315933333336,0.0,0.029488734333333332,0.005404638333333333,0.008838055666666665,0.0
