Treatments,Time,CA,BT,BU,CD,BV,CS,DP,CH
CDevo-CH,0,0.0,0.0,0.0,0.005,0.0,0.0,0.0,0.005
CDevo-CH,12,0.0,0.0,0.0,0.580083056,0.0,0.0,0.0,0.036750288666666665
CDevo-CH,24,0.0,0.0,0.0,0.5010483246666667,0.0,0.0,0.0,0.022418357
CDevo-CS-BT-BU-CA,0,0.002,0.002,0.002,0.002,0.0,0.002,0.0,0.0
CDevo-CS-BT-BU-CA,12,0.018350355,0.8357733143333334,0.3369943326666666,0.011538314333333332,0.0,0.005010354333333334,0.0,0.0
CDevo-CS-BT-BU-CA,24,0.023798385666666668,0.8748992523333333,0.271470214,0.02011310666666667,0.0,0.005685717,0.0,0.0
CS-DP-BT-BU,0,0.0,0.0025,0.0025,0.0,0.0,0.0025,0.0025,0.0
CS-DP-BT-BU,12,0.0,0.880185672,0.25886139466666663,0.0,0.0,0.004767647666666667,0.010451956666666666,0.0
CS-DP-BT-BU,24,0.0,0.8850126836666666,0.2571899266666667,0.0,0.0,0.005870640666666667,0.010260085666666667,0.0
