Treatments,Time,CA,BT,BU,CD,BV,CS,DP,CH
CDanc-BU-BV,0,0.0,0.0,0.003333333,0.003333333,0.003333333,0.0,0.0,0.0
CDanc-BU-BV,24,0.0,0.0,0.33987013,0.3982787,0.44619602,0.0,0.0,0.0
CDanc-CH-BV,0,0.0,0.0,0.0,0.003333333,0.003333333,0.0,0.0,0.003333333
CDanc-CH-BV,24,0.0,0.0,0.0,0.60060453,0.62669754,0.0,0.0,0.0075907484
CDanc-CS-DP-BV-CA,0,0.002,0.0,0.0,0.002,0.002,0.002,0.002,0.0
CDanc-CS-DP-BV-CA,12,0.037194762,0.0,0.0,0.35776243,0.68389344,0.018520731,0.0642991,0.0
CDanc-CS-DP-BV-CA,24,0.14556696,0.0,0.0,0.319838,0.6899943,0.010439531,0.038648665,0.0
CDanc-DP-CA,0,0.003333333,0.0,0.0,0.003333333,0.0,0.0,0.003333333,0.0
CDanc-DP-CA,24,0.25623453,0.0,0.0,0.39655593,0.0,0.0,0.18357661,0.0
